record_id,language,category,line_label,partition,analysis_eligible,text,source_url,source_locator
EDIANA-CARIAN-400,carian,source_attributed_transcription,"· E.Sa 1, 1",carian,True,šarkbiom zidks mδane,https://www.ediana.gwi.uni-muenchen.de/corpus.php?corpus=carian&docid=400,/E.Sa 1/1
EDIANA-CARIAN-400,carian,source_attributed_transcription,"· E.Sa 1, 1-2",carian,True,ýn[.]mo,https://www.ediana.gwi.uni-muenchen.de/corpus.php?corpus=carian&docid=400,/E.Sa 1/2
EDIANA-CARIAN-400,carian,source_attributed_transcription,"· E.Sa 1, 2",carian,True,δen tumn,https://www.ediana.gwi.uni-muenchen.de/corpus.php?corpus=carian&docid=400,/E.Sa 1/3
EDIANA-CARIAN-401,carian,source_attributed_transcription,"· E.Sa 2, 1",carian,True,pdnejt qýriś k̑i,https://www.ediana.gwi.uni-muenchen.de/corpus.php?corpus=carian&docid=401,/E.Sa 2/1
EDIANA-CARIAN-402,carian,source_attributed_transcription,"· E.Me 1, 1",carian,True,ttbazi[ś] p̣iub[a]ẓiś aor[ś],https://www.ediana.gwi.uni-muenchen.de/corpus.php?corpus=carian&docid=402,/E.Me 1/1
EDIANA-CARIAN-403,carian,source_attributed_transcription,"· E.Me 2, 1",carian,True,uksmu lkorś,https://www.ediana.gwi.uni-muenchen.de/corpus.php?corpus=carian&docid=403,/E.Me 2/1
EDIANA-CARIAN-403,carian,source_attributed_transcription,"· E.Me 2, 2",carian,True,mrsiś,https://www.ediana.gwi.uni-muenchen.de/corpus.php?corpus=carian&docid=403,/E.Me 2/2
EDIANA-CARIAN-404,carian,source_attributed_transcription,"· E.Me 3, 1",carian,True,pikreś ue,https://www.ediana.gwi.uni-muenchen.de/corpus.php?corpus=carian&docid=404,/E.Me 3/1
EDIANA-CARIAN-404,carian,source_attributed_transcription,"· E.Me 3, 2",carian,True,šarwljatś msnordś,https://www.ediana.gwi.uni-muenchen.de/corpus.php?corpus=carian&docid=404,/E.Me 3/2
EDIANA-CARIAN-405,carian,source_attributed_transcription,"· E.Me 4, 1",carian,True,terýezś upe nuoλḳ̑[...],https://www.ediana.gwi.uni-muenchen.de/corpus.php?corpus=carian&docid=405,/E.Me 4/1
EDIANA-CARIAN-405,carian,source_attributed_transcription,"· E.Me 4, 2",carian,True,sarmroλk̑yt,https://www.ediana.gwi.uni-muenchen.de/corpus.php?corpus=carian&docid=405,/E.Me 4/2
EDIANA-CARIAN-406,carian,source_attributed_transcription,"· E.Me 5, 1",carian,True,psmškwneitś ue nariaś,https://www.ediana.gwi.uni-muenchen.de/corpus.php?corpus=carian&docid=406,/E.Me 5/1
EDIANA-CARIAN-406,carian,source_attributed_transcription,"· E.Me 5, 2",carian,True,śuγλi =q sarl,https://www.ediana.gwi.uni-muenchen.de/corpus.php?corpus=carian&docid=406,/E.Me 5/2
EDIANA-CARIAN-407,carian,source_attributed_transcription,"· E.Me 6, 1",carian,True,triqo parmaśś k̑i,https://www.ediana.gwi.uni-muenchen.de/corpus.php?corpus=carian&docid=407,/E.Me 6/1
EDIANA-CARIAN-407,carian,source_attributed_transcription,"· E.Me 6, 2",carian,True,kloruλ k̑i,https://www.ediana.gwi.uni-muenchen.de/corpus.php?corpus=carian&docid=407,/E.Me 6/2
EDIANA-CARIAN-408,carian,source_attributed_transcription,"· E.Me 7, 1",carian,True,τamou τanaiś qarsio[…],https://www.ediana.gwi.uni-muenchen.de/corpus.php?corpus=carian&docid=408,/E.Me 7 (scriptio continua)/1
EDIANA-CARIAN-409,carian,source_attributed_transcription,· E.Me 8a,carian,True,paraeym armon k̑i,https://www.ediana.gwi.uni-muenchen.de/corpus.php?corpus=carian&docid=409,/E.Me 8/1
EDIANA-CARIAN-409,carian,source_attributed_transcription,· E.Me 8b,carian,True,para<sup>!</sup>eym sb polo,https://www.ediana.gwi.uni-muenchen.de/corpus.php?corpus=carian&docid=409,/E.Me 8/2
EDIANA-CARIAN-410,carian,source_attributed_transcription,"· E.Me 9, 1",carian,True,arlišś upe,https://www.ediana.gwi.uni-muenchen.de/corpus.php?corpus=carian&docid=410,/E.Me 9/1
EDIANA-CARIAN-410,carian,source_attributed_transcription,"· E.Me 9, 1-2",carian,True,arlio[mś],https://www.ediana.gwi.uni-muenchen.de/corpus.php?corpus=carian&docid=410,/E.Me 9/2
EDIANA-CARIAN-410,carian,source_attributed_transcription,"· E.Me 9, 2",carian,True,k̑i yjas[iś],https://www.ediana.gwi.uni-muenchen.de/corpus.php?corpus=carian&docid=410,/E.Me 9/3
EDIANA-CARIAN-411,carian,source_attributed_transcription,"· E.Me 10, 1",carian,True,[…]q̣ạrmś q[...]ś k̑i pḍuḅiś,https://www.ediana.gwi.uni-muenchen.de/corpus.php?corpus=carian&docid=411,/E.Me 10/1
EDIANA-CARIAN-411,carian,source_attributed_transcription,"· E.Me 10, 2",carian,True,mnoś [mw]donś k̑[i] [...]wśordś k̑i,https://www.ediana.gwi.uni-muenchen.de/corpus.php?corpus=carian&docid=411,/E.Me 10/2
EDIANA-CARIAN-412,carian,source_attributed_transcription,· E.Me 11a,carian,True,wạr[...]t[...]i[...]ś mdaýn,https://www.ediana.gwi.uni-muenchen.de/corpus.php?corpus=carian&docid=412,/E.Me 11/1
EDIANA-CARIAN-412,carian,source_attributed_transcription,· E.Me 11b,carian,True,[...]a[-]iś mdaýn,https://www.ediana.gwi.uni-muenchen.de/corpus.php?corpus=carian&docid=412,/E.Me 11/2
EDIANA-CARIAN-413,carian,source_attributed_transcription,"· E.Me 12, 1",carian,True,pjabrm wśoλś mwdonś k̑i kbjomś m[noś],https://www.ediana.gwi.uni-muenchen.de/corpus.php?corpus=carian&docid=413,/E.Me 12/1
EDIANA-CARIAN-414,carian,source_attributed_transcription,"· E.Me 13, 1",carian,True,šdτatś upa w wetś k̑i mwdonś k̑i,https://www.ediana.gwi.uni-muenchen.de/corpus.php?corpus=carian&docid=414,/E.Me 13/1
EDIANA-CARIAN-415,carian,source_attributed_transcription,"· E.Me 14, 1",carian,True,irow pikarmś mwdon<sup>!</sup>ś,https://www.ediana.gwi.uni-muenchen.de/corpus.php?corpus=carian&docid=415,/E.Me 14/1
EDIANA-CARIAN-416,carian,source_attributed_transcription,"· E.Me 15, 1",carian,True,arlišś,https://www.ediana.gwi.uni-muenchen.de/corpus.php?corpus=carian&docid=416,/E.Me 15/1
EDIANA-CARIAN-416,carian,source_attributed_transcription,"· E.Me 15, 2",carian,True,ursk̑leś,https://www.ediana.gwi.uni-muenchen.de/corpus.php?corpus=carian&docid=416,/E.Me 15/2
EDIANA-CARIAN-416,carian,source_attributed_transcription,"· E.Me 15, 3",carian,True,kiδbsiś,https://www.ediana.gwi.uni-muenchen.de/corpus.php?corpus=carian&docid=416,/E.Me 15/3
EDIANA-CARIAN-417,carian,source_attributed_transcription,"· E.Me 16, 1",carian,True,irow pikraś k̑i,https://www.ediana.gwi.uni-muenchen.de/corpus.php?corpus=carian&docid=417,/E.Me 16/1
EDIANA-CARIAN-417,carian,source_attributed_transcription,"· E.Me 16, 2",carian,True,semwś mnoś,https://www.ediana.gwi.uni-muenchen.de/corpus.php?corpus=carian&docid=417,/E.Me 16/2
EDIANA-CARIAN-417,carian,source_attributed_transcription,"· E.Me 16, 3",carian,True,mwdonś k̑i,https://www.ediana.gwi.uni-muenchen.de/corpus.php?corpus=carian&docid=417,/E.Me 16/3
EDIANA-CARIAN-418,carian,source_attributed_transcription,"· E.Me 17, 1",carian,True,šarnaiś,https://www.ediana.gwi.uni-muenchen.de/corpus.php?corpus=carian&docid=418,/E.Me 17/1
EDIANA-CARIAN-418,carian,source_attributed_transcription,"· E.Me 17, 2",carian,True,upe quqś,https://www.ediana.gwi.uni-muenchen.de/corpus.php?corpus=carian&docid=418,/E.Me 17/2
EDIANA-CARIAN-418,carian,source_attributed_transcription,"· E.Me 17, 3",carian,True,βemś k̑i,https://www.ediana.gwi.uni-muenchen.de/corpus.php?corpus=carian&docid=418,/E.Me 17/3
EDIANA-CARIAN-418,carian,source_attributed_transcription,"· E.Me 17, 3-4",carian,True,mdaýn,https://www.ediana.gwi.uni-muenchen.de/corpus.php?corpus=carian&docid=418,/E.Me 17/4
EDIANA-CARIAN-419,carian,source_attributed_transcription,"· E.Me 18a, 1",carian,True,tašubtś,https://www.ediana.gwi.uni-muenchen.de/corpus.php?corpus=carian&docid=419,/E.Me 18/1
EDIANA-CARIAN-419,carian,source_attributed_transcription,"· E.Me 18a, 2-3",carian,True,kuariśbar,https://www.ediana.gwi.uni-muenchen.de/corpus.php?corpus=carian&docid=419,/E.Me 18/2
EDIANA-CARIAN-419,carian,source_attributed_transcription,"· E.Me 18a, 3",carian,True,śen,https://www.ediana.gwi.uni-muenchen.de/corpus.php?corpus=carian&docid=419,/E.Me 18/3
EDIANA-CARIAN-419,carian,source_attributed_transcription,"· E.Me 18a, 4",carian,True,niqauś,https://www.ediana.gwi.uni-muenchen.de/corpus.php?corpus=carian&docid=419,/E.Me 18/4
EDIANA-CARIAN-419,carian,source_attributed_transcription,"· E.Me 18a, 5",carian,True,ptnupi,https://www.ediana.gwi.uni-muenchen.de/corpus.php?corpus=carian&docid=419,/E.Me 18/5
EDIANA-CARIAN-419,carian,source_attributed_transcription,"· E.Me 18b, 1",carian,True,idmuonś,https://www.ediana.gwi.uni-muenchen.de/corpus.php?corpus=carian&docid=419,/E.Me 18/6
EDIANA-CARIAN-419,carian,source_attributed_transcription,"· E.Me 18b, 2",carian,True,k̑i mdayn,https://www.ediana.gwi.uni-muenchen.de/corpus.php?corpus=carian&docid=419,/E.Me 18/7
EDIANA-CARIAN-419,carian,source_attributed_transcription,"· E.Me 18b, 3",carian,True,k̑i,https://www.ediana.gwi.uni-muenchen.de/corpus.php?corpus=carian&docid=419,/E.Me 18/8
EDIANA-CARIAN-420,carian,source_attributed_transcription,"· E.Me 19, 1",carian,True,pnuśoλ,https://www.ediana.gwi.uni-muenchen.de/corpus.php?corpus=carian&docid=420,/E.Me 19/1
EDIANA-CARIAN-420,carian,source_attributed_transcription,"· E.Me 19, 2",carian,True,zmuś k̑i,https://www.ediana.gwi.uni-muenchen.de/corpus.php?corpus=carian&docid=420,/E.Me 19/2
EDIANA-CARIAN-421,carian,source_attributed_transcription,"· E.Me 20, 1",carian,True,uqsi šrwliś k̑i mwdonś k̑i,https://www.ediana.gwi.uni-muenchen.de/corpus.php?corpus=carian&docid=421,/E.Me 20/1
EDIANA-CARIAN-422,carian,source_attributed_transcription,"· E.Me 21, 1",carian,True,punwśoλś somneś,https://www.ediana.gwi.uni-muenchen.de/corpus.php?corpus=carian&docid=422,/E.Me 21/1
EDIANA-CARIAN-422,carian,source_attributed_transcription,"· E.Me 21, 2",carian,True,qýblsiś k̑i,https://www.ediana.gwi.uni-muenchen.de/corpus.php?corpus=carian&docid=422,/E.Me 21/2
EDIANA-CARIAN-423,carian,source_attributed_transcription,"· E.Me 22, 1",carian,True,artayś upe [...],https://www.ediana.gwi.uni-muenchen.de/corpus.php?corpus=carian&docid=423,/E.Me 22/1
EDIANA-CARIAN-424,carian,source_attributed_transcription,"· E.Me 23, 1",carian,True,ap[...]ws,https://www.ediana.gwi.uni-muenchen.de/corpus.php?corpus=carian&docid=424,/E.Me 23/1
EDIANA-CARIAN-424,carian,source_attributed_transcription,"· E.Me 23, 2",carian,True,a[rb]ikarmś k̑i,https://www.ediana.gwi.uni-muenchen.de/corpus.php?corpus=carian&docid=424,/E.Me 23/2
EDIANA-CARIAN-425,carian,source_attributed_transcription,"· E.Me 24, 1",carian,True,tduśoλ,https://www.ediana.gwi.uni-muenchen.de/corpus.php?corpus=carian&docid=425,/E.Me 24/1
EDIANA-CARIAN-425,carian,source_attributed_transcription,"· E.Me 24, 2",carian,True,kbos šamsqi[...],https://www.ediana.gwi.uni-muenchen.de/corpus.php?corpus=carian&docid=425,/E.Me 24/2
EDIANA-CARIAN-426,carian,source_attributed_transcription,"· E.Me 25, 1",carian,True,šayriq parpeymś k̑i yiasi,https://www.ediana.gwi.uni-muenchen.de/corpus.php?corpus=carian&docid=426,/E.Me 25/1
EDIANA-CARIAN-427,carian,source_attributed_transcription,"· E.Me 26, 1",carian,True,[...]uś upe sa trielś mrsiś,https://www.ediana.gwi.uni-muenchen.de/corpus.php?corpus=carian&docid=427,/E.Me 26/1
EDIANA-CARIAN-428,carian,source_attributed_transcription,"· E.Me 27, 1",carian,True,irowś psTým[.]ś pttuś mnoś,https://www.ediana.gwi.uni-muenchen.de/corpus.php?corpus=carian&docid=428,/E.Me 27/1
EDIANA-CARIAN-429,carian,source_attributed_transcription,"· E.Me 28, 1",carian,True,sanuqś ue pntmunś k̑i,https://www.ediana.gwi.uni-muenchen.de/corpus.php?corpus=carian&docid=429,/E.Me 28/1
EDIANA-CARIAN-429,carian,source_attributed_transcription,"· E.Me 28, 2",carian,True,mwdonś k̑i,https://www.ediana.gwi.uni-muenchen.de/corpus.php?corpus=carian&docid=429,/E.Me 28/2
EDIANA-CARIAN-430,carian,source_attributed_transcription,"· E.Me 29, 1",carian,True,s[..]etś [ue<sup>?</sup>] ynemoriś mwdonś,https://www.ediana.gwi.uni-muenchen.de/corpus.php?corpus=carian&docid=430,/E.Me 29/1
EDIANA-CARIAN-431,carian,source_attributed_transcription,"· E.Me 30, 1",carian,True,šaruśoλ,https://www.ediana.gwi.uni-muenchen.de/corpus.php?corpus=carian&docid=431,/E.Me 30/1
EDIANA-CARIAN-431,carian,source_attributed_transcription,"· E.Me 30, 2",carian,True,pλeqś k̑i śuγλiś,https://www.ediana.gwi.uni-muenchen.de/corpus.php?corpus=carian&docid=431,/E.Me 30/2
EDIANA-CARIAN-432,carian,source_attributed_transcription,"· E.Me 31, 1",carian,True,wnutiś kwarś mTmś k̑i mwdonś [k̑]i,https://www.ediana.gwi.uni-muenchen.de/corpus.php?corpus=carian&docid=432,/E.Me 31/1
EDIANA-CARIAN-433,carian,source_attributed_transcription,"· E.Me 32, 1",carian,True,iturowś kbjomś k̑i en mw[d]onś k̑i,https://www.ediana.gwi.uni-muenchen.de/corpus.php?corpus=carian&docid=433,/E.Me 32/1
EDIANA-CARIAN-434,carian,source_attributed_transcription,· E.Me 33a,carian,True,idmns myreś k̑i mdayn k̑i,https://www.ediana.gwi.uni-muenchen.de/corpus.php?corpus=carian&docid=434,/E.Me 33/1
EDIANA-CARIAN-434,carian,source_attributed_transcription,· E.Me 33b,carian,True,idmns myreś k̑i,https://www.ediana.gwi.uni-muenchen.de/corpus.php?corpus=carian&docid=434,/E.Me 33/2
EDIANA-CARIAN-435,carian,source_attributed_transcription,"· E.Me 34, 1",carian,True,meĺś somneś tĺk̑ata[r]ś,https://www.ediana.gwi.uni-muenchen.de/corpus.php?corpus=carian&docid=435,/E.Me 34/1
EDIANA-CARIAN-436,carian,source_attributed_transcription,"· E.Me 35, 1",carian,True,ntokris dwśoλś mwdonś,https://www.ediana.gwi.uni-muenchen.de/corpus.php?corpus=carian&docid=436,/E.Me 35/1
EDIANA-CARIAN-436,carian,source_attributed_transcription,"· E.Me 35, 2",carian,True,k̑i,https://www.ediana.gwi.uni-muenchen.de/corpus.php?corpus=carian&docid=436,/E.Me 35/2
EDIANA-CARIAN-437,carian,source_attributed_transcription,"· E.Me 36, 1",carian,True,wksmuś wpe lkorś k̑j qarpsiś,https://www.ediana.gwi.uni-muenchen.de/corpus.php?corpus=carian&docid=437,/E.Me 36/1
EDIANA-CARIAN-438,carian,source_attributed_transcription,"· E.Me 37, 1",carian,True,qlaλiś [...] tkraβiś,https://www.ediana.gwi.uni-muenchen.de/corpus.php?corpus=carian&docid=438,/E.Me 37/1
EDIANA-CARIAN-439,carian,source_attributed_transcription,"· E.Me 38, 1",carian,True,šýinś upe arie<sup>?</sup>ś k̑i ted,https://www.ediana.gwi.uni-muenchen.de/corpus.php?corpus=carian&docid=439,/E.Me 38/1
EDIANA-CARIAN-440,carian,source_attributed_transcription,"· E.Me 39, 1",carian,True,[...]s<sup>?</sup> ark̑ilaś mnoś,https://www.ediana.gwi.uni-muenchen.de/corpus.php?corpus=carian&docid=440,/E.Me 39/1
EDIANA-CARIAN-441,carian,source_attributed_transcription,"· E.Me 40, 1",carian,True,plqo pikrmś k̑i mwdonś k̑i,https://www.ediana.gwi.uni-muenchen.de/corpus.php?corpus=carian&docid=441,/E.Me 40/1
EDIANA-CARIAN-442,carian,source_attributed_transcription,"· E.Me 41, 1",carian,True,orś wpe qdarĺouś tĺk̑atarś,https://www.ediana.gwi.uni-muenchen.de/corpus.php?corpus=carian&docid=442,/E.Me 41/1
EDIANA-CARIAN-443,carian,source_attributed_transcription,"· E.Me 42, 1",carian,True,arjomś ue mwsatś k̑i mwdonś,https://www.ediana.gwi.uni-muenchen.de/corpus.php?corpus=carian&docid=443,/E.Me 42/1
EDIANA-CARIAN-443,carian,source_attributed_transcription,"· E.Me 42, 2",carian,True,tbridbδś k̑i,https://www.ediana.gwi.uni-muenchen.de/corpus.php?corpus=carian&docid=443,/E.Me 42/2
EDIANA-CARIAN-444,carian,source_attributed_transcription,"· E.Me 43, 1",carian,True,lýk̑siś upe šrquqś k̑i ksolbś arliomś mnoś k̑i,https://www.ediana.gwi.uni-muenchen.de/corpus.php?corpus=carian&docid=444,/E.Me 43/1
EDIANA-CARIAN-445,carian,source_attributed_transcription,· E.Me 44a,carian,True,apmen šrquqś kojoλ k̑i,https://www.ediana.gwi.uni-muenchen.de/corpus.php?corpus=carian&docid=445,/E.Me 44/1
EDIANA-CARIAN-445,carian,source_attributed_transcription,"· E.Me 44b, 1",carian,True,mwtonś,https://www.ediana.gwi.uni-muenchen.de/corpus.php?corpus=carian&docid=445,/E.Me 44/2
EDIANA-CARIAN-445,carian,source_attributed_transcription,"· E.Me 44b, 2",carian,True,k̑i,https://www.ediana.gwi.uni-muenchen.de/corpus.php?corpus=carian&docid=445,/E.Me 44/3
EDIANA-CARIAN-446,carian,source_attributed_transcription,"· E.Me 45, 1",carian,True,[q<sup>?</sup>]laλiś [.<sup>?</sup>]iamś k̑i alos k̑arnos,https://www.ediana.gwi.uni-muenchen.de/corpus.php?corpus=carian&docid=446,/E.Me 45/1
EDIANA-CARIAN-447,carian,source_attributed_transcription,· E.Me 46a,carian,True,ýasδś yiś{k̑}biksś k̑i,https://www.ediana.gwi.uni-muenchen.de/corpus.php?corpus=carian&docid=447,/E.Me 46/1
EDIANA-CARIAN-447,carian,source_attributed_transcription,· E.Me 46b,carian,True,mwdonś k̑i,https://www.ediana.gwi.uni-muenchen.de/corpus.php?corpus=carian&docid=447,/E.Me 46/2
EDIANA-CARIAN-448,carian,source_attributed_transcription,"· E.Me 47, 1",carian,True,tqtes paraiβreλś k̑i mn[o.<sup>?</sup>],https://www.ediana.gwi.uni-muenchen.de/corpus.php?corpus=carian&docid=448,/E.Me 47/1
EDIANA-CARIAN-449,carian,source_attributed_transcription,"· E.Me 48, 1",carian,True,[..]jś,https://www.ediana.gwi.uni-muenchen.de/corpus.php?corpus=carian&docid=449,/E.Me 48/1
EDIANA-CARIAN-449,carian,source_attributed_transcription,"· E.Me 48, 2",carian,True,[.]owtś,https://www.ediana.gwi.uni-muenchen.de/corpus.php?corpus=carian&docid=449,/E.Me 48/2
EDIANA-CARIAN-449,carian,source_attributed_transcription,"· E.Me 48, 3",carian,True,k̑i,https://www.ediana.gwi.uni-muenchen.de/corpus.php?corpus=carian&docid=449,/E.Me 48/3
EDIANA-CARIAN-449,carian,source_attributed_transcription,"· E.Me 48, 3-4",carian,True,msnordś,https://www.ediana.gwi.uni-muenchen.de/corpus.php?corpus=carian&docid=449,/E.Me 48/4
EDIANA-CARIAN-450,carian,source_attributed_transcription,"· E.Me 49, 1",carian,True,loubaw,https://www.ediana.gwi.uni-muenchen.de/corpus.php?corpus=carian&docid=450,/E.Me 49/1
EDIANA-CARIAN-450,carian,source_attributed_transcription,"· E.Me 49, 1-2",carian,True,siral,https://www.ediana.gwi.uni-muenchen.de/corpus.php?corpus=carian&docid=450,/E.Me 49/2
EDIANA-CARIAN-450,carian,source_attributed_transcription,"· E.Me 49, 2",carian,True,pnlδśwl,https://www.ediana.gwi.uni-muenchen.de/corpus.php?corpus=carian&docid=450,/E.Me 49/3
EDIANA-CARIAN-451,carian,source_attributed_transcription,"· E.Me 50, 1",carian,True,šenurt,https://www.ediana.gwi.uni-muenchen.de/corpus.php?corpus=carian&docid=451,/E.Me 50/1
EDIANA-CARIAN-451,carian,source_attributed_transcription,"· E.Me 50, 2",carian,True,pk̑simtś k̑i,https://www.ediana.gwi.uni-muenchen.de/corpus.php?corpus=carian&docid=451,/E.Me 50/2
EDIANA-CARIAN-452,carian,source_attributed_transcription,"· E.Me 51, 1",carian,True,arlišś psikroś […<sup>?</sup>] ue,https://www.ediana.gwi.uni-muenchen.de/corpus.php?corpus=carian&docid=452,/E.Me 51/1
EDIANA-CARIAN-453,carian,source_attributed_transcription,"· E.Me 52, 1",carian,True,[…<sup>?</sup>] ardybyrś md[...],https://www.ediana.gwi.uni-muenchen.de/corpus.php?corpus=carian&docid=453,/E.Me 52/1
EDIANA-CARIAN-454,carian,source_attributed_transcription,"· E.Me 53, 1",carian,True,[...]qśsiś,https://www.ediana.gwi.uni-muenchen.de/corpus.php?corpus=carian&docid=454,/E.Me 53/1
EDIANA-CARIAN-455,carian,source_attributed_transcription,"· E.Me 54, 1",carian,True,[…<sup>?</sup>] mrsj[...],https://www.ediana.gwi.uni-muenchen.de/corpus.php?corpus=carian&docid=455,/E.Me 54/1
EDIANA-CARIAN-456,carian,source_attributed_transcription,"· E.Me 55, 1",carian,True,psma[ś/šk ...],https://www.ediana.gwi.uni-muenchen.de/corpus.php?corpus=carian&docid=456,/E.Me 55/1
EDIANA-CARIAN-457,carian,source_attributed_transcription,"· E.Me 56, 1",carian,True,šark[bi/jom ...],https://www.ediana.gwi.uni-muenchen.de/corpus.php?corpus=carian&docid=457,/E.Me 56/1
EDIANA-CARIAN-458,carian,source_attributed_transcription,"· E.Me 57, 1",carian,True,[…]iś k̑i,https://www.ediana.gwi.uni-muenchen.de/corpus.php?corpus=carian&docid=458,/E.Me 57/1
EDIANA-CARIAN-459,carian,source_attributed_transcription,"· E.Me 58, 1",carian,True,[…]sś k̑i,https://www.ediana.gwi.uni-muenchen.de/corpus.php?corpus=carian&docid=459,/E.Me 58/1
EDIANA-CARIAN-460,carian,source_attributed_transcription,"· E.Me 59, 1",carian,True,[…]utr[…],https://www.ediana.gwi.uni-muenchen.de/corpus.php?corpus=carian&docid=460,/E.Me 59/1
EDIANA-CARIAN-461,carian,source_attributed_transcription,"· E.Me 60, 1",carian,True,[…]k̑ś,https://www.ediana.gwi.uni-muenchen.de/corpus.php?corpus=carian&docid=461,/E.Me 60/1
EDIANA-CARIAN-462,carian,source_attributed_transcription,"· E.Me 61, 1",carian,True,[…]xi,https://www.ediana.gwi.uni-muenchen.de/corpus.php?corpus=carian&docid=462,/E.Me 61/1
EDIANA-CARIAN-463,carian,source_attributed_transcription,"· E.Me 62, 1",carian,True,[…]ś[…],https://www.ediana.gwi.uni-muenchen.de/corpus.php?corpus=carian&docid=463,/E.Me 62/1
EDIANA-CARIAN-464,carian,source_attributed_transcription,· E.Me 63a,carian,True,idyesś,https://www.ediana.gwi.uni-muenchen.de/corpus.php?corpus=carian&docid=464,/E.Me 63/1
EDIANA-CARIAN-464,carian,source_attributed_transcription,· E.Me 63b,carian,True,m [...<sup>?</sup>],https://www.ediana.gwi.uni-muenchen.de/corpus.php?corpus=carian&docid=464,/E.Me 63/2
EDIANA-CARIAN-465,carian,source_attributed_transcription,· E.Me 64a,carian,True,[…w/u<sup>?</sup>]pe pd[…],https://www.ediana.gwi.uni-muenchen.de/corpus.php?corpus=carian&docid=465,/E.Me 64/1
EDIANA-CARIAN-465,carian,source_attributed_transcription,· E.Me 64b,carian,True,[…]mi,https://www.ediana.gwi.uni-muenchen.de/corpus.php?corpus=carian&docid=465,/E.Me 64/2
EDIANA-CARIAN-466,carian,source_attributed_transcription,"· E.Me 65, 1",carian,True,u[…]m punm[.]ś mudo[n]ś,https://www.ediana.gwi.uni-muenchen.de/corpus.php?corpus=carian&docid=466,/E.Me 65/1
EDIANA-CARIAN-467,carian,source_attributed_transcription,"· E.Me 66, 1",carian,True,[…]x[..]u[…]p[.]n[…],https://www.ediana.gwi.uni-muenchen.de/corpus.php?corpus=carian&docid=467,/E.Me 66/1
EDIANA-CARIAN-468,carian,source_attributed_transcription,"· E.Ab 1, 1",carian,True,pisiri,https://www.ediana.gwi.uni-muenchen.de/corpus.php?corpus=carian&docid=468,/E.Ab 1/1
EDIANA-CARIAN-469,carian,source_attributed_transcription,"· E.Ab 2, 1",carian,True,panejt iarjaś,https://www.ediana.gwi.uni-muenchen.de/corpus.php?corpus=carian&docid=469,/E.Ab 2/1
EDIANA-CARIAN-470,carian,source_attributed_transcription,"· E.Ab 3, 1",carian,True,ptnše iβarsiś,https://www.ediana.gwi.uni-muenchen.de/corpus.php?corpus=carian&docid=470,/E.Ab 3/1
EDIANA-CARIAN-471,carian,source_attributed_transcription,"· E.Ab 4, 1",carian,True,šamow ltariś,https://www.ediana.gwi.uni-muenchen.de/corpus.php?corpus=carian&docid=471,/E.Ab 4 (scriptio continua)/1
EDIANA-CARIAN-472,carian,source_attributed_transcription,"· E.Ab 5, 1",carian,True,šamow ltari[ś],https://www.ediana.gwi.uni-muenchen.de/corpus.php?corpus=carian&docid=472,/E.Ab 5 (scriptio continua)/1
EDIANA-CARIAN-473,carian,source_attributed_transcription,"· E.Ab 6, 1",carian,True,šaruśoλ ýrsbe pdubiś,https://www.ediana.gwi.uni-muenchen.de/corpus.php?corpus=carian&docid=473,/E.Ab 6/1
EDIANA-CARIAN-474,carian,source_attributed_transcription,"· E.Ab 7, 1",carian,True,pλat palsś,https://www.ediana.gwi.uni-muenchen.de/corpus.php?corpus=carian&docid=474,/E.Ab 7/1
EDIANA-CARIAN-475,carian,source_attributed_transcription,"· E.Ab 8, 1",carian,True,pλat palsś,https://www.ediana.gwi.uni-muenchen.de/corpus.php?corpus=carian&docid=475,/E.Ab 8 (scriptio continua)/1
EDIANA-CARIAN-476,carian,source_attributed_transcription,"· E.Ab 9, 1",carian,True,pλat palsś,https://www.ediana.gwi.uni-muenchen.de/corpus.php?corpus=carian&docid=476,/E.Ab 9 (scriptio continua)/1
EDIANA-CARIAN-477,carian,source_attributed_transcription,"· E.Ab 10, 1",carian,True,piubez,https://www.ediana.gwi.uni-muenchen.de/corpus.php?corpus=carian&docid=477,/E.Ab 10/1
EDIANA-CARIAN-477,carian,source_attributed_transcription,"· E.Ab 10, 2",carian,True,qurboś,https://www.ediana.gwi.uni-muenchen.de/corpus.php?corpus=carian&docid=477,/E.Ab 10/2
EDIANA-CARIAN-478,carian,source_attributed_transcription,"· E.Ab 11, 1",carian,True,xś<sup>?</sup> […]xit,https://www.ediana.gwi.uni-muenchen.de/corpus.php?corpus=carian&docid=478,/E.Ab 11/1
EDIANA-CARIAN-479,carian,source_attributed_transcription,"· E.Ab 12, 1",carian,True,untri uantrpo,https://www.ediana.gwi.uni-muenchen.de/corpus.php?corpus=carian&docid=479,/E.Ab 12 (scriptio continua)/1
EDIANA-CARIAN-480,carian,source_attributed_transcription,"· E.Ab 13, 1",carian,True,untri uantrpuś,https://www.ediana.gwi.uni-muenchen.de/corpus.php?corpus=carian&docid=480,/E.Ab 13/1
EDIANA-CARIAN-481,carian,source_attributed_transcription,"· E.Ab 14, 1",carian,True,abrqk̑[…],https://www.ediana.gwi.uni-muenchen.de/corpus.php?corpus=carian&docid=481,/E.Ab 14/1
EDIANA-CARIAN-482,carian,source_attributed_transcription,"· E.Ab 15, 1",carian,True,pdubez orś,https://www.ediana.gwi.uni-muenchen.de/corpus.php?corpus=carian&docid=482,/E.Ab 15 (scriptio continua)/1
EDIANA-CARIAN-483,carian,source_attributed_transcription,"· E.Ab 16, 1",carian,True,nprosnś,https://www.ediana.gwi.uni-muenchen.de/corpus.php?corpus=carian&docid=483,/E.Ab 16/1
EDIANA-CARIAN-484,carian,source_attributed_transcription,"· E.Ab 17, 1",carian,True,pa[.]in[.]tś,https://www.ediana.gwi.uni-muenchen.de/corpus.php?corpus=carian&docid=484,/E.Ab 17/1
EDIANA-CARIAN-485,carian,source_attributed_transcription,"· E.Ab 18, 1",carian,True,tamosi inutś,https://www.ediana.gwi.uni-muenchen.de/corpus.php?corpus=carian&docid=485,/E.Ab 18/1
EDIANA-CARIAN-486,carian,source_attributed_transcription,"· E.Ab 19, 1",carian,True,tamosi utnuś,https://www.ediana.gwi.uni-muenchen.de/corpus.php?corpus=carian&docid=486,/E.Ab 19 (scriptio continua)/1
EDIANA-CARIAN-487,carian,source_attributed_transcription,"· E.Ab 20, 1",carian,True,ninut tamosiś,https://www.ediana.gwi.uni-muenchen.de/corpus.php?corpus=carian&docid=487,/E.Ab 20/1
EDIANA-CARIAN-488,carian,source_attributed_transcription,"· E.Ab 21, 1",carian,True,to[.]a[…]λ,https://www.ediana.gwi.uni-muenchen.de/corpus.php?corpus=carian&docid=488,/E.Ab 21 (scriptio continua)/1
EDIANA-CARIAN-488,carian,source_attributed_transcription,"· E.Ab 21, 2",carian,True,tamosi u<sup>?</sup>tnuś<sup>?</sup>,https://www.ediana.gwi.uni-muenchen.de/corpus.php?corpus=carian&docid=488,/E.Ab 21 (scriptio continua)/2
EDIANA-CARIAN-489,carian,source_attributed_transcription,"· E.Ab 22, 1",carian,True,[.]untlau[.],https://www.ediana.gwi.uni-muenchen.de/corpus.php?corpus=carian&docid=489,/E.Ab 22/1
EDIANA-CARIAN-490,carian,source_attributed_transcription,"· E.Ab 23, 1",carian,True,beśoλ,https://www.ediana.gwi.uni-muenchen.de/corpus.php?corpus=carian&docid=490,/E.Ab 23/1
EDIANA-CARIAN-491,carian,source_attributed_transcription,"· E.Ab 24, 1",carian,True,[...] arliš,https://www.ediana.gwi.uni-muenchen.de/corpus.php?corpus=carian&docid=491,/E.Ab 24/1
EDIANA-CARIAN-492,carian,source_attributed_transcription,"· E.Ab 25, 1",carian,True,ttubazi kaτtýriś,https://www.ediana.gwi.uni-muenchen.de/corpus.php?corpus=carian&docid=492,/E.Ab 25 (scriptio continua)/1
EDIANA-CARIAN-493,carian,source_attributed_transcription,"· E.Ab 26, 1",carian,True,[...]pri ptnuq<sup>?</sup>i<sup>?</sup>,https://www.ediana.gwi.uni-muenchen.de/corpus.php?corpus=carian&docid=493,/E.Ab 26/1
EDIANA-CARIAN-494,carian,source_attributed_transcription,"· E.Ab 27, 1",carian,True,yysmtśoTa[…],https://www.ediana.gwi.uni-muenchen.de/corpus.php?corpus=carian&docid=494,/E.Ab 27/1
EDIANA-CARIAN-495,carian,uncertain_reading_or_direction,"· E.Ab 28, 1",carian,False,Tosurz srton[.] τ[…],https://www.ediana.gwi.uni-muenchen.de/corpus.php?corpus=carian&docid=495,/E.Ab 28 [reading direction uncertain]/1
EDIANA-CARIAN-496,carian,source_attributed_transcription,"· E.Ab 29, 1",carian,True,[…]r[..]tnit,https://www.ediana.gwi.uni-muenchen.de/corpus.php?corpus=carian&docid=496,/E.Ab 29/1
EDIANA-CARIAN-497,carian,source_attributed_transcription,"· E.Ab 30, 1",carian,True,biδślemsa ša[ru]śoλ šaýdiqś,https://www.ediana.gwi.uni-muenchen.de/corpus.php?corpus=carian&docid=497,/E.Ab 30/1
EDIANA-CARIAN-497,carian,source_attributed_transcription,"· E.Ab 30, 2",carian,True,[...]alλia bsis,https://www.ediana.gwi.uni-muenchen.de/corpus.php?corpus=carian&docid=497,/E.Ab 30/2
EDIANA-CARIAN-498,carian,source_attributed_transcription,"· E.Ab 31, 1",carian,True,k̑aye,https://www.ediana.gwi.uni-muenchen.de/corpus.php?corpus=carian&docid=498,/E.Ab 31/1
EDIANA-CARIAN-499,carian,source_attributed_transcription,"· E.Ab 32, 1",carian,True,k̑arrś,https://www.ediana.gwi.uni-muenchen.de/corpus.php?corpus=carian&docid=499,/E.Ab 32/1
EDIANA-CARIAN-500,carian,source_attributed_transcription,"· E.Ab 33, 1",carian,True,šarptś p[.]luś,https://www.ediana.gwi.uni-muenchen.de/corpus.php?corpus=carian&docid=500,/E.Ab 33/1
EDIANA-CARIAN-501,carian,source_attributed_transcription,"· E.Ab 34, 1",carian,True,dbkrm [.]kb<sup>?</sup>[…],https://www.ediana.gwi.uni-muenchen.de/corpus.php?corpus=carian&docid=501,/E.Ab 34 (scriptio continua)/1
EDIANA-CARIAN-502,carian,source_attributed_transcription,"· E.Ab 35, 1",carian,True,uśoλ mik̑śś kδụsiś,https://www.ediana.gwi.uni-muenchen.de/corpus.php?corpus=carian&docid=502,/E.Ab 35/1
EDIANA-CARIAN-503,carian,source_attributed_transcription,"· E.Ab 36, 1",carian,True,[.]ars k̑[.]urbś,https://www.ediana.gwi.uni-muenchen.de/corpus.php?corpus=carian&docid=503,/E.Ab 36/1
EDIANA-CARIAN-504,carian,source_attributed_transcription,"· E.Ab 37, 1",carian,True,šarurś,https://www.ediana.gwi.uni-muenchen.de/corpus.php?corpus=carian&docid=504,/E.Ab 37/1
EDIANA-CARIAN-505,carian,source_attributed_transcription,"· E.Ab 38, 1",carian,True,piew,https://www.ediana.gwi.uni-muenchen.de/corpus.php?corpus=carian&docid=505,/E.Ab 38/1
EDIANA-CARIAN-506,carian,source_attributed_transcription,"· E.Ab 39, 1",carian,True,uarila[.]osś,https://www.ediana.gwi.uni-muenchen.de/corpus.php?corpus=carian&docid=506,/E.Ab 39/1
EDIANA-CARIAN-507,carian,source_attributed_transcription,"· E.Ab 40, 1",carian,True,ialλi qk̑blioś,https://www.ediana.gwi.uni-muenchen.de/corpus.php?corpus=carian&docid=507,/E.Ab 40/1
EDIANA-CARIAN-508,carian,source_attributed_transcription,"· E.Ab 41, 1",carian,True,ttbazi kτ<sup>?</sup>triś,https://www.ediana.gwi.uni-muenchen.de/corpus.php?corpus=carian&docid=508,/E.Ab 41/1
EDIANA-CARIAN-509,carian,source_attributed_transcription,"· E.Ab 42, 1",carian,True,šaruś[…<sup>?</sup>],https://www.ediana.gwi.uni-muenchen.de/corpus.php?corpus=carian&docid=509,/E.Ab 42/1
EDIANA-CARIAN-510,carian,source_attributed_transcription,"· E.Ab 43, 1",carian,True,[k<sup>?</sup>]ras,https://www.ediana.gwi.uni-muenchen.de/corpus.php?corpus=carian&docid=510,/E.Ab 43/1
EDIANA-CARIAN-511,carian,source_attributed_transcription,"· E.Ab 44, 1",carian,True,[...<sup>?</sup>] xa/ln k/umδane konuj/e<sub>2</sub>n dbiksś,https://www.ediana.gwi.uni-muenchen.de/corpus.php?corpus=carian&docid=511,/E.Ab 44 (Bárta & Adiego 2021)/1
EDIANA-CARIAN-511,carian,source_attributed_transcription,"· E.Ab 44, 2",carian,True,nowsś xxmsaλ,https://www.ediana.gwi.uni-muenchen.de/corpus.php?corpus=carian&docid=511,/E.Ab 44 (Bárta & Adiego 2021)/2
EDIANA-CARIAN-512,carian,source_attributed_transcription,"· E.Th 1, 1",carian,True,uarbe,https://www.ediana.gwi.uni-muenchen.de/corpus.php?corpus=carian&docid=512,/E.Th 1/1
EDIANA-CARIAN-513,carian,source_attributed_transcription,"· E.Th 2, 1",carian,True,dtýbr kboktś,https://www.ediana.gwi.uni-muenchen.de/corpus.php?corpus=carian&docid=513,/E.Th 2/1
EDIANA-CARIAN-513,carian,source_attributed_transcription,"· E.Th 2, 2",carian,True,kśatýbr,https://www.ediana.gwi.uni-muenchen.de/corpus.php?corpus=carian&docid=513,/E.Th 2/2
EDIANA-CARIAN-514,carian,source_attributed_transcription,"· E.Th 3, 1",carian,True,pla<sup>?</sup>t,https://www.ediana.gwi.uni-muenchen.de/corpus.php?corpus=carian&docid=514,/E.Th 3/1
EDIANA-CARIAN-515,carian,source_attributed_transcription,"· E.Th 4, 1",carian,True,dokmmpint seqqejewsk mqτtjq,https://www.ediana.gwi.uni-muenchen.de/corpus.php?corpus=carian&docid=515,/E.Th 4/1
EDIANA-CARIAN-515,carian,source_attributed_transcription,"· E.Th 4, 2",carian,True,ýpdnmwδ̣,https://www.ediana.gwi.uni-muenchen.de/corpus.php?corpus=carian&docid=515,/E.Th 4/2
EDIANA-CARIAN-516,carian,source_attributed_transcription,"· E.Th 5, 1",carian,True,dýbr tĺk̑atrś,https://www.ediana.gwi.uni-muenchen.de/corpus.php?corpus=carian&docid=516,/E.Th 5/1
EDIANA-CARIAN-517,carian,source_attributed_transcription,"· E.Th 6, 1",carian,True,bebnd,https://www.ediana.gwi.uni-muenchen.de/corpus.php?corpus=carian&docid=517,/E.Th 6/1
EDIANA-CARIAN-518,carian,source_attributed_transcription,"· E.Th 7, 1",carian,True,wljat,https://www.ediana.gwi.uni-muenchen.de/corpus.php?corpus=carian&docid=518,/E.Th 7/1
EDIANA-CARIAN-519,carian,source_attributed_transcription,"· E.Th 8, 1",carian,True,qutbe,https://www.ediana.gwi.uni-muenchen.de/corpus.php?corpus=carian&docid=519,/E.Th 8/1
EDIANA-CARIAN-520,carian,source_attributed_transcription,"· E.Th 9, 1",carian,True,kudtubr,https://www.ediana.gwi.uni-muenchen.de/corpus.php?corpus=carian&docid=520,/E.Th 9/1
EDIANA-CARIAN-521,carian,source_attributed_transcription,"· E.Th 10, 1",carian,True,a<sup>?</sup>qśbaqewmśemoτ qtblo owdown[…]mwarudkśomlane,https://www.ediana.gwi.uni-muenchen.de/corpus.php?corpus=carian&docid=521,/E.Th 10 (scriptio continua)/1
EDIANA-CARIAN-522,carian,source_attributed_transcription,"· E.Th 11, 1",carian,True,psmaś[k …<sup>?</sup>],https://www.ediana.gwi.uni-muenchen.de/corpus.php?corpus=carian&docid=522,/E.Th 11/1
EDIANA-CARIAN-522,carian,source_attributed_transcription,"· E.Th 11, 2",carian,True,nm[…],https://www.ediana.gwi.uni-muenchen.de/corpus.php?corpus=carian&docid=522,/E.Th 11/2
EDIANA-CARIAN-522,carian,source_attributed_transcription,"· E.Th 11, 3",carian,True,mplat o[…],https://www.ediana.gwi.uni-muenchen.de/corpus.php?corpus=carian&docid=522,/E.Th 11/3
EDIANA-CARIAN-523,carian,source_attributed_transcription,"· E.Th 12, 1",carian,True,[.<sup>?</sup>]ḳbjqmq ewmlane qebśτ u[...]ḅśq qwsal mqabaewleqošoskịoms,https://www.ediana.gwi.uni-muenchen.de/corpus.php?corpus=carian&docid=523,/E.Th 12 (partly scriptio continua)/1
EDIANA-CARIAN-524,carian,source_attributed_transcription,"· E.Th 13, 1",carian,True,dbiks kbjomś wdwn sb aśbśτ,https://www.ediana.gwi.uni-muenchen.de/corpus.php?corpus=carian&docid=524,/E.Th 13/1
EDIANA-CARIAN-524,carian,source_attributed_transcription,"· E.Th 13, 2",carian,True,ewm,https://www.ediana.gwi.uni-muenchen.de/corpus.php?corpus=carian&docid=524,/E.Th 13/2
EDIANA-CARIAN-525,carian,source_attributed_transcription,"· E.Th 14, 1",carian,True,[…]q[…]btδdeo,https://www.ediana.gwi.uni-muenchen.de/corpus.php?corpus=carian&docid=525,/E.Th 14/1
EDIANA-CARIAN-526,carian,uncertain_reading_or_direction,"· E.Th 15, 1",carian,False,—,https://www.ediana.gwi.uni-muenchen.de/corpus.php?corpus=carian&docid=526,/E.Th 15 [reading very uncertain]/1
EDIANA-CARIAN-527,carian,source_attributed_transcription,"· E.Th 16, 1",carian,True,ḍsamlxxọ dy ša xxx,https://www.ediana.gwi.uni-muenchen.de/corpus.php?corpus=carian&docid=527,/E.Th 16/1
EDIANA-CARIAN-528,carian,source_attributed_transcription,"· E.Th 17, 1",carian,True,ku,https://www.ediana.gwi.uni-muenchen.de/corpus.php?corpus=carian&docid=528,/E.Th 17/1
EDIANA-CARIAN-529,carian,source_attributed_transcription,"· E.Th 18, 1",carian,True,t n,https://www.ediana.gwi.uni-muenchen.de/corpus.php?corpus=carian&docid=529,/E.Th 18/1
EDIANA-CARIAN-530,carian,source_attributed_transcription,"· E.Th 19, 1",carian,True,dbikrm,https://www.ediana.gwi.uni-muenchen.de/corpus.php?corpus=carian&docid=530,/E.Th 19/1
EDIANA-CARIAN-531,carian,source_attributed_transcription,"· E.Th 20, 1",carian,True,orbṃ ḳ r iš,https://www.ediana.gwi.uni-muenchen.de/corpus.php?corpus=carian&docid=531,/E.Th 20/1
EDIANA-CARIAN-532,carian,uncertain_reading_or_direction,"· E.Th 21, 1",carian,False,mmnk̑al,https://www.ediana.gwi.uni-muenchen.de/corpus.php?corpus=carian&docid=532,/E.Th 21 [reading direction uncertain]/1
EDIANA-CARIAN-533,carian,source_attributed_transcription,"· E.Th 22, 1",carian,True,mwk te,https://www.ediana.gwi.uni-muenchen.de/corpus.php?corpus=carian&docid=533,/E.Th 22/1
EDIANA-CARIAN-534,carian,source_attributed_transcription,"· E.Th 23, 1",carian,True,bebi,https://www.ediana.gwi.uni-muenchen.de/corpus.php?corpus=carian&docid=534,/E.Th 23/1
EDIANA-CARIAN-535,carian,source_attributed_transcription,"· E.Th 24, 1",carian,True,kowe<sup>?</sup>q<sup>?</sup>,https://www.ediana.gwi.uni-muenchen.de/corpus.php?corpus=carian&docid=535,/E.Th 24/1
EDIANA-CARIAN-536,carian,source_attributed_transcription,"· E.Th 25, 1",carian,True,ktmno,https://www.ediana.gwi.uni-muenchen.de/corpus.php?corpus=carian&docid=536,/E.Th 25/1
EDIANA-CARIAN-537,carian,source_attributed_transcription,"· E.Th 26, 1",carian,True,βrsi yriś,https://www.ediana.gwi.uni-muenchen.de/corpus.php?corpus=carian&docid=537,/E.Th 26/1
EDIANA-CARIAN-538,carian,source_attributed_transcription,"· E.Th 27, 1",carian,True,pnwśol mlqiś,https://www.ediana.gwi.uni-muenchen.de/corpus.php?corpus=carian&docid=538,/E.Th 27/1
EDIANA-CARIAN-539,carian,source_attributed_transcription,"· E.Th 28, 1",carian,True,bejeym teboτ ᛜ bebịnt ken,https://www.ediana.gwi.uni-muenchen.de/corpus.php?corpus=carian&docid=539,/E.Th 28/1
EDIANA-CARIAN-540,carian,source_attributed_transcription,"· E.Th 29, 1",carian,True,[…]ke,https://www.ediana.gwi.uni-muenchen.de/corpus.php?corpus=carian&docid=540,/E.Th 29/1
EDIANA-CARIAN-541,carian,source_attributed_transcription,"· E.Th 30, 1",carian,True,bebint psrkrte mumnštnsex ṇṣwḳn,https://www.ediana.gwi.uni-muenchen.de/corpus.php?corpus=carian&docid=541,/E.Th 30/1
EDIANA-CARIAN-542,carian,uncertain_reading_or_direction,"· E.Th 31, 1",carian,False,—,https://www.ediana.gwi.uni-muenchen.de/corpus.php?corpus=carian&docid=542,/E.Th 31 [very uncertain reading]/1
EDIANA-CARIAN-543,carian,uncertain_reading_or_direction,"· E.Th 32, 1",carian,False,tqlow,https://www.ediana.gwi.uni-muenchen.de/corpus.php?corpus=carian&docid=543,/E.Th 32 [reading direction uncertain]/1
EDIANA-CARIAN-544,carian,source_attributed_transcription,"· E.Th 33, 1",carian,True,k̑lbiksś,https://www.ediana.gwi.uni-muenchen.de/corpus.php?corpus=carian&docid=544,/E.Th 33/1
EDIANA-CARIAN-545,carian,source_attributed_transcription,"· E.Th 34, 1",carian,True,slk̑maewm urt kwriś prnak̑non dmxn maŋtnor qanor urọ,https://www.ediana.gwi.uni-muenchen.de/corpus.php?corpus=carian&docid=545,/E.Th 34/1
EDIANA-CARIAN-546,carian,source_attributed_transcription,"· E.Th 35, 1",carian,True,lýk̑se šišś mlan[.<sup>?</sup>],https://www.ediana.gwi.uni-muenchen.de/corpus.php?corpus=carian&docid=546,/E.Th 35/1
EDIANA-CARIAN-547,carian,source_attributed_transcription,"· E.Th 36, 1",carian,True,xorś,https://www.ediana.gwi.uni-muenchen.de/corpus.php?corpus=carian&docid=547,/E.Th 36/1
EDIANA-CARIAN-548,carian,source_attributed_transcription,"· E.Th 37, 1",carian,True,ktmn,https://www.ediana.gwi.uni-muenchen.de/corpus.php?corpus=carian&docid=548,/E.Th 37/1
EDIANA-CARIAN-549,carian,source_attributed_transcription,"· E.Th 38, 1",carian,True,[...]bewmsmnwdiqtebwnqmw,https://www.ediana.gwi.uni-muenchen.de/corpus.php?corpus=carian&docid=549,/E.Th 38/1
EDIANA-CARIAN-550,carian,source_attributed_transcription,"· E.Th 39, 1",carian,True,krws košmś,https://www.ediana.gwi.uni-muenchen.de/corpus.php?corpus=carian&docid=550,/E.Th 39/1
EDIANA-CARIAN-551,carian,source_attributed_transcription,"· E.Th 40, 1",carian,True,pnuśol,https://www.ediana.gwi.uni-muenchen.de/corpus.php?corpus=carian&docid=551,/E.Th 40/1
EDIANA-CARIAN-552,carian,source_attributed_transcription,"· E.Th 41, 1",carian,True,tmonks,https://www.ediana.gwi.uni-muenchen.de/corpus.php?corpus=carian&docid=552,/E.Th 41/1
EDIANA-CARIAN-553,carian,source_attributed_transcription,"· E.Th 42, 1",carian,True,rdudmmṇś,https://www.ediana.gwi.uni-muenchen.de/corpus.php?corpus=carian&docid=553,/E.Th 42/1
EDIANA-CARIAN-554,carian,source_attributed_transcription,"· E.Th 43, 1",carian,True,p,https://www.ediana.gwi.uni-muenchen.de/corpus.php?corpus=carian&docid=554,/E.Th 43/1
EDIANA-CARIAN-555,carian,source_attributed_transcription,"· E.Th 44, 1",carian,True,dquq ewmlane teboτ γkemś,https://www.ediana.gwi.uni-muenchen.de/corpus.php?corpus=carian&docid=555,/E.Th 44/1
EDIANA-CARIAN-556,carian,source_attributed_transcription,"· E.Th 45, 1",carian,True,krwṣ,https://www.ediana.gwi.uni-muenchen.de/corpus.php?corpus=carian&docid=556,/E.Th 45/1
EDIANA-CARIAN-557,carian,source_attributed_transcription,"· E.Th 46, 1",carian,True,prpwrik̑ kblowś,https://www.ediana.gwi.uni-muenchen.de/corpus.php?corpus=carian&docid=557,/E.Th 46/1
EDIANA-CARIAN-558,carian,source_attributed_transcription,"· E.Th 47, 1",carian,True,ẉdbośkn ewṃḷạṇe ḳ[…],https://www.ediana.gwi.uni-muenchen.de/corpus.php?corpus=carian&docid=558,/E.Th 47/1
EDIANA-CARIAN-559,carian,source_attributed_transcription,"· E.Th 48, 1",carian,True,βrsi,https://www.ediana.gwi.uni-muenchen.de/corpus.php?corpus=carian&docid=559,/E.Th 48/1
EDIANA-CARIAN-560,carian,source_attributed_transcription,"· E.Th 49, 1",carian,True,balewlane šrbḳ[.]sal,https://www.ediana.gwi.uni-muenchen.de/corpus.php?corpus=carian&docid=560,/E.Th 49/1
EDIANA-CARIAN-561,carian,source_attributed_transcription,"· E.Th 50, 1",carian,True,pnx,https://www.ediana.gwi.uni-muenchen.de/corpus.php?corpus=carian&docid=561,/E.Th 50/1
EDIANA-CARIAN-562,carian,source_attributed_transcription,"· E.Th 51, 1",carian,True,p,https://www.ediana.gwi.uni-muenchen.de/corpus.php?corpus=carian&docid=562,/E.Th 51/1
EDIANA-CARIAN-563,carian,source_attributed_transcription,"· E.Th 52, 1",carian,True,plqodse ewmxxxx (ewmlane<sup>?</sup>) rqemw kx[...],https://www.ediana.gwi.uni-muenchen.de/corpus.php?corpus=carian&docid=563,/E.Th 52/1
EDIANA-CARIAN-564,carian,source_attributed_transcription,"· E.Th 53, 1",carian,True,dršśiem,https://www.ediana.gwi.uni-muenchen.de/corpus.php?corpus=carian&docid=564,/E.Th 53/1
EDIANA-CARIAN-565,carian,source_attributed_transcription,"· E.Th 54, 1",carian,True,ddrsa,https://www.ediana.gwi.uni-muenchen.de/corpus.php?corpus=carian&docid=565,/E.Th 54 (Villalba Varneda 2007:No. 17)/1
EDIANA-CARIAN-566,carian,source_attributed_transcription,"· E.Th 55, 1",carian,True,ddrsa,https://www.ediana.gwi.uni-muenchen.de/corpus.php?corpus=carian&docid=566,/E.Th 55 (Villalba Varneda 2007:No. 26)/1
EDIANA-CARIAN-567,carian,source_attributed_transcription,"· E.Lu 1, 1",carian,True,dsx,https://www.ediana.gwi.uni-muenchen.de/corpus.php?corpus=carian&docid=567,/E.Lu 1/1
EDIANA-CARIAN-568,carian,source_attributed_transcription,"· E.Lu 2, 1",carian,True,rsy,https://www.ediana.gwi.uni-muenchen.de/corpus.php?corpus=carian&docid=568,/E.Lu 2/1
EDIANA-CARIAN-568,carian,source_attributed_transcription,"· E.Lu 2, 2",carian,True,suso š<sup>?</sup>rquq […?],https://www.ediana.gwi.uni-muenchen.de/corpus.php?corpus=carian&docid=568,/E.Lu 2/2
EDIANA-CARIAN-569,carian,source_attributed_transcription,"· E.Lu 3, 1",carian,True,t/omm/u,https://www.ediana.gwi.uni-muenchen.de/corpus.php?corpus=carian&docid=569,/E.Lu 3/1
EDIANA-CARIAN-570,carian,source_attributed_transcription,"· E.Lu 4, 1",carian,True,xx[.]ms[.]ryj<sup>?</sup>d<sup>?</sup>,https://www.ediana.gwi.uni-muenchen.de/corpus.php?corpus=carian&docid=570,/E.Lu 4/1
EDIANA-CARIAN-571,carian,source_attributed_transcription,"· E.Lu 5, 1",carian,True,b<sup>?</sup>s<sup>?</sup>uik̑am oŋ<sup>?</sup>,https://www.ediana.gwi.uni-muenchen.de/corpus.php?corpus=carian&docid=571,/E.Lu 5/1
EDIANA-CARIAN-572,carian,source_attributed_transcription,"· E.Lu 6, 1",carian,True,urq/ś,https://www.ediana.gwi.uni-muenchen.de/corpus.php?corpus=carian&docid=572,/E.Lu 6/1
EDIANA-CARIAN-573,carian,source_attributed_transcription,"· E.Lu 7, 1",carian,True,tk/asr,https://www.ediana.gwi.uni-muenchen.de/corpus.php?corpus=carian&docid=573,/E.Lu 7/1
EDIANA-CARIAN-574,carian,source_attributed_transcription,"· E.Mu 1, 1",carian,True,s/powk/t wljatś ýnsmsos,https://www.ediana.gwi.uni-muenchen.de/corpus.php?corpus=carian&docid=574,/E.Mu 1/1
EDIANA-CARIAN-574,carian,source_attributed_transcription,"· E.Mu 1, 2",carian,True,saawon sa/bawon,https://www.ediana.gwi.uni-muenchen.de/corpus.php?corpus=carian&docid=574,/E.Mu 1/2
EDIANA-CARIAN-575,carian,source_attributed_transcription,"· E.Si 1, 1",carian,True,k̑iqud marariso[...],https://www.ediana.gwi.uni-muenchen.de/corpus.php?corpus=carian&docid=575,/E.Si 1/1
EDIANA-CARIAN-576,carian,source_attributed_transcription,"· E.Si 2, 1",carian,True,[..]ek̑lδ wa psmaśkś,https://www.ediana.gwi.uni-muenchen.de/corpus.php?corpus=carian&docid=576,/E.Si 2/1
EDIANA-CARIAN-576,carian,source_attributed_transcription,"· E.Si 2, 2",carian,True,uejresi qan kolt kowrn[…<sup>?</sup>],https://www.ediana.gwi.uni-muenchen.de/corpus.php?corpus=carian&docid=576,/E.Si 2/2
EDIANA-CARIAN-577,carian,source_attributed_transcription,"· E.Si 3, 1",carian,True,irasa n[.]eakrnanb,https://www.ediana.gwi.uni-muenchen.de/corpus.php?corpus=carian&docid=577,/E.Si 3/1
EDIANA-CARIAN-578,carian,source_attributed_transcription,"· E.Si 4, 1",carian,True,[…]t<sup>?</sup> bebint sqlumidun sqla,https://www.ediana.gwi.uni-muenchen.de/corpus.php?corpus=carian&docid=578,/E.Si 4/1
EDIANA-CARIAN-579,carian,source_attributed_transcription,"· E.Si 5, 1",carian,True,beτkrqit[…],https://www.ediana.gwi.uni-muenchen.de/corpus.php?corpus=carian&docid=579,/E.Si 5/1
EDIANA-CARIAN-580,carian,source_attributed_transcription,"· E.Si 6, 1",carian,True,býtaš sursiabk dr[…] qku,https://www.ediana.gwi.uni-muenchen.de/corpus.php?corpus=carian&docid=580,/E.Si 6/1
EDIANA-CARIAN-581,carian,source_attributed_transcription,"· E.Si 7, 1",carian,True,psmaśk,https://www.ediana.gwi.uni-muenchen.de/corpus.php?corpus=carian&docid=581,/E.Si 7/1
EDIANA-CARIAN-582,carian,source_attributed_transcription,"· E.Si 8, 1",carian,True,bijśśpe,https://www.ediana.gwi.uni-muenchen.de/corpus.php?corpus=carian&docid=582,/E.Si 8/1
EDIANA-CARIAN-583,carian,source_attributed_transcription,"· E.Si 9, 1",carian,True,[…]rbnša[…],https://www.ediana.gwi.uni-muenchen.de/corpus.php?corpus=carian&docid=583,/E.Si 9/1
EDIANA-CARIAN-584,carian,source_attributed_transcription,"· E.Si 10, 1",carian,True,k̑<sup>?</sup>mpi,https://www.ediana.gwi.uni-muenchen.de/corpus.php?corpus=carian&docid=584,/E.Si 10/1
EDIANA-CARIAN-585,carian,source_attributed_transcription,"· E.Si 11, 1",carian,True,dmošbqs,https://www.ediana.gwi.uni-muenchen.de/corpus.php?corpus=carian&docid=585,/E.Si 11/1
EDIANA-CARIAN-586,carian,source_attributed_transcription,"· E.AS 1, 1",carian,True,parśolou,https://www.ediana.gwi.uni-muenchen.de/corpus.php?corpus=carian&docid=586,/E.AS 1/1
EDIANA-CARIAN-586,carian,source_attributed_transcription,"· E.AS 1, 2",carian,True,[…]oe,https://www.ediana.gwi.uni-muenchen.de/corpus.php?corpus=carian&docid=586,/E.AS 1/2
EDIANA-CARIAN-587,carian,source_attributed_transcription,"· E.AS 2, 1",carian,True,šabd<sup>?</sup>aikal,https://www.ediana.gwi.uni-muenchen.de/corpus.php?corpus=carian&docid=587,/E.AS 2/1
EDIANA-CARIAN-588,carian,source_attributed_transcription,"· E.AS 3, 1",carian,True,pismašk šarnwś ýnsmsos,https://www.ediana.gwi.uni-muenchen.de/corpus.php?corpus=carian&docid=588,/E.AS 3/1
EDIANA-CARIAN-589,carian,source_attributed_transcription,"· E.AS 4, 1",carian,True,ak̑akowr emsγlpn b[…] pisma[ś/šk …<sup>?</sup>],https://www.ediana.gwi.uni-muenchen.de/corpus.php?corpus=carian&docid=589,/E.AS 4/1
EDIANA-CARIAN-590,carian,source_attributed_transcription,"· E.AS 5, 1",carian,True,pnyriśru iýkrś ša[..]iśb<sup>?</sup>wn,https://www.ediana.gwi.uni-muenchen.de/corpus.php?corpus=carian&docid=590,/E.AS 5/1
EDIANA-CARIAN-591,carian,source_attributed_transcription,"· E.AS 6, 1",carian,True,pλatτ,https://www.ediana.gwi.uni-muenchen.de/corpus.php?corpus=carian&docid=591,/E.AS 6/1
EDIANA-CARIAN-591,carian,source_attributed_transcription,"· E.AS 6, 2",carian,True,slaýś k̑i,https://www.ediana.gwi.uni-muenchen.de/corpus.php?corpus=carian&docid=591,/E.AS 6/2
EDIANA-CARIAN-592,carian,source_attributed_transcription,"· E.AS 7, 1",carian,True,naz k̑ik̑ býš esaγ<sup>?</sup>δowš mýqudem pismaśk bebint mo ne psýś ai[.]iqom,https://www.ediana.gwi.uni-muenchen.de/corpus.php?corpus=carian&docid=592,/E.AS 7/1
EDIANA-CARIAN-593,carian,source_attributed_transcription,"· E.AS 8, 1",carian,True,nidśkusas meýqak snś śtś śuniś kšmmsm[…],https://www.ediana.gwi.uni-muenchen.de/corpus.php?corpus=carian&docid=593,/E.AS 8/1
EDIANA-CARIAN-593,carian,source_attributed_transcription,"· E.AS 8, 2",carian,True,[…]rśwk[.]š[…],https://www.ediana.gwi.uni-muenchen.de/corpus.php?corpus=carian&docid=593,/E.AS 8/2
EDIANA-CARIAN-594,carian,source_attributed_transcription,"· E.AS 9, 1",carian,True,ýsm [...<sup>?</sup>],https://www.ediana.gwi.uni-muenchen.de/corpus.php?corpus=carian&docid=594,/E.AS 9/1
EDIANA-CARIAN-595,carian,source_attributed_transcription,"· E.Bu 1, 1",carian,True,[..]msal,https://www.ediana.gwi.uni-muenchen.de/corpus.php?corpus=carian&docid=595,/E.Bu 1/1
EDIANA-CARIAN-595,carian,source_attributed_transcription,"· E.Bu 1, 1-2",carian,True,ar[ĺ]iš,https://www.ediana.gwi.uni-muenchen.de/corpus.php?corpus=carian&docid=595,/E.Bu 1/2
EDIANA-CARIAN-595,carian,source_attributed_transcription,"· E.Bu 1, 2-3",carian,True,psmaśkś,https://www.ediana.gwi.uni-muenchen.de/corpus.php?corpus=carian&docid=595,/E.Bu 1/3
EDIANA-CARIAN-595,carian,source_attributed_transcription,"· E.Bu 1, 3",carian,True,urmś,https://www.ediana.gwi.uni-muenchen.de/corpus.php?corpus=carian&docid=595,/E.Bu 1/4
EDIANA-CARIAN-595,carian,source_attributed_transcription,"· E.Bu 1, 3-4",carian,True,ankβuš,https://www.ediana.gwi.uni-muenchen.de/corpus.php?corpus=carian&docid=595,/E.Bu 1/5
EDIANA-CARIAN-595,carian,source_attributed_transcription,"· E.Bu 1, 4",carian,True,τrel,https://www.ediana.gwi.uni-muenchen.de/corpus.php?corpus=carian&docid=595,/E.Bu 1/6
EDIANA-CARIAN-595,carian,source_attributed_transcription,"· E.Bu 1, 5",carian,True,kδouś,https://www.ediana.gwi.uni-muenchen.de/corpus.php?corpus=carian&docid=595,/E.Bu 1/7
EDIANA-CARIAN-596,carian,source_attributed_transcription,"· E.Bu 2, 1-2",carian,True,euml<sup>?</sup>bnasal,https://www.ediana.gwi.uni-muenchen.de/corpus.php?corpus=carian&docid=596,/E.Bu 2/1
EDIANA-CARIAN-596,carian,source_attributed_transcription,"· E.Bu 2, 2",carian,True,arĺiš,https://www.ediana.gwi.uni-muenchen.de/corpus.php?corpus=carian&docid=596,/E.Bu 2/2
EDIANA-CARIAN-596,carian,source_attributed_transcription,"· E.Bu 2, 3",carian,True,pdtomś,https://www.ediana.gwi.uni-muenchen.de/corpus.php?corpus=carian&docid=596,/E.Bu 2/3
EDIANA-CARIAN-596,carian,source_attributed_transcription,"· E.Bu 2, 4",carian,True,uromś,https://www.ediana.gwi.uni-muenchen.de/corpus.php?corpus=carian&docid=596,/E.Bu 2/4
EDIANA-CARIAN-596,carian,source_attributed_transcription,"· E.Bu 2, 4-5",carian,True,ankβuš,https://www.ediana.gwi.uni-muenchen.de/corpus.php?corpus=carian&docid=596,/E.Bu 2/5
EDIANA-CARIAN-597,carian,source_attributed_transcription,"· E.Bu 3, 1",carian,True,[.]tmaiś[..],https://www.ediana.gwi.uni-muenchen.de/corpus.php?corpus=carian&docid=597,/E.Bu 3/1
EDIANA-CARIAN-598,carian,source_attributed_transcription,"· E.Bu 4, 1",carian,True,psmaśk,https://www.ediana.gwi.uni-muenchen.de/corpus.php?corpus=carian&docid=598,/E.Bu 4/1
EDIANA-CARIAN-598,carian,source_attributed_transcription,"· E.Bu 4, 2",carian,True,iβrsiś,https://www.ediana.gwi.uni-muenchen.de/corpus.php?corpus=carian&docid=598,/E.Bu 4/2
EDIANA-CARIAN-599,carian,source_attributed_transcription,"· E.Bu 5, 1",carian,True,psmaśk,https://www.ediana.gwi.uni-muenchen.de/corpus.php?corpus=carian&docid=599,/E.Bu 5/1
EDIANA-CARIAN-600,carian,source_attributed_transcription,"· E.Bu 6, 1",carian,True,eypsal,https://www.ediana.gwi.uni-muenchen.de/corpus.php?corpus=carian&docid=600,/E.Bu 6/1
EDIANA-CARIAN-600,carian,source_attributed_transcription,"· E.Bu 6, 2",carian,True,puorś aorś,https://www.ediana.gwi.uni-muenchen.de/corpus.php?corpus=carian&docid=600,/E.Bu 6/2
EDIANA-CARIAN-600,carian,source_attributed_transcription,"· E.Bu 6, 3",carian,True,urseak̑k k̑i,https://www.ediana.gwi.uni-muenchen.de/corpus.php?corpus=carian&docid=600,/E.Bu 6/3
EDIANA-CARIAN-601,carian,source_attributed_transcription,"· E.SS 1, 1",carian,True,nśn[.]sš šaruśoλ,https://www.ediana.gwi.uni-muenchen.de/corpus.php?corpus=carian&docid=601,/E.SS 1/1
EDIANA-CARIAN-601,carian,source_attributed_transcription,"· E.SS 1, 2",carian,True,pneit šýinś,https://www.ediana.gwi.uni-muenchen.de/corpus.php?corpus=carian&docid=601,/E.SS 1/2
EDIANA-CARIAN-601,carian,source_attributed_transcription,"· E.SS 1, 3",carian,True,parýdk̑ś,https://www.ediana.gwi.uni-muenchen.de/corpus.php?corpus=carian&docid=601,/E.SS 1/3
EDIANA-CARIAN-602,carian,source_attributed_transcription,"· E.xx 1, 1",carian,True,qorb isorś k̑i śuγλiś,https://www.ediana.gwi.uni-muenchen.de/corpus.php?corpus=carian&docid=602,/E.xx 1/1
EDIANA-CARIAN-603,carian,source_attributed_transcription,"· E.xx 2, 1",carian,True,wliat,https://www.ediana.gwi.uni-muenchen.de/corpus.php?corpus=carian&docid=603,/E.xx 2/1
EDIANA-CARIAN-604,carian,source_attributed_transcription,"· E.xx 3, 1",carian,True,ioneλś,https://www.ediana.gwi.uni-muenchen.de/corpus.php?corpus=carian&docid=604,/E.xx 3/1
EDIANA-CARIAN-605,carian,source_attributed_transcription,"· E.xx 4, 1",carian,True,pduba,https://www.ediana.gwi.uni-muenchen.de/corpus.php?corpus=carian&docid=605,/E.xx 4/1
EDIANA-CARIAN-606,carian,source_attributed_transcription,"· E.xx 5, 1",carian,True,owk̑mebśτ,https://www.ediana.gwi.uni-muenchen.de/corpus.php?corpus=carian&docid=606,/E.xx 5/0
EDIANA-CARIAN-607,carian,source_attributed_transcription,"· E.xx 6,1",carian,True,šarnajs sb taqbos,https://www.ediana.gwi.uni-muenchen.de/corpus.php?corpus=carian&docid=607,/E.xx 6/1
EDIANA-CARIAN-608,carian,source_attributed_transcription,"· E.xx 7, 1",carian,True,ntros parŋidas oršan u mδane uksi wrmś,https://www.ediana.gwi.uni-muenchen.de/corpus.php?corpus=carian&docid=608,/E.xx 7/1
EDIANA-CARIAN-609,carian,source_attributed_transcription,"· C.Tr 1, 1",carian,True,sδi<sup>?</sup> amτ[…],https://www.ediana.gwi.uni-muenchen.de/corpus.php?corpus=carian&docid=609,/C.Tr 1/1
EDIANA-CARIAN-609,carian,source_attributed_transcription,"· C.Tr 1, 2",carian,True,pauś,https://www.ediana.gwi.uni-muenchen.de/corpus.php?corpus=carian&docid=609,/C.Tr 1/2
EDIANA-CARIAN-609,carian,source_attributed_transcription,"· C.Tr 1, 3",carian,True,art{}mon,https://www.ediana.gwi.uni-muenchen.de/corpus.php?corpus=carian&docid=609,/C.Tr 1/3
EDIANA-CARIAN-610,carian,source_attributed_transcription,"· C.Tr 2, 1",carian,True,an siδi,https://www.ediana.gwi.uni-muenchen.de/corpus.php?corpus=carian&docid=610,/C.Tr 2/1
EDIANA-CARIAN-610,carian,source_attributed_transcription,"· C.Tr 2, 1-2",carian,True,artmi,https://www.ediana.gwi.uni-muenchen.de/corpus.php?corpus=carian&docid=610,/C.Tr 2/2
EDIANA-CARIAN-610,carian,source_attributed_transcription,"· C.Tr 2, 2",carian,True,pauś,https://www.ediana.gwi.uni-muenchen.de/corpus.php?corpus=carian&docid=610,/C.Tr 2/3
EDIANA-CARIAN-610,carian,source_attributed_transcription,"· C.Tr 2, 3",carian,True,parŋa =q,https://www.ediana.gwi.uni-muenchen.de/corpus.php?corpus=carian&docid=610,/C.Tr 2/4
EDIANA-CARIAN-611,carian,source_attributed_transcription,"· C.Al 1, 1",carian,True,sδi a[.]mob[…],https://www.ediana.gwi.uni-muenchen.de/corpus.php?corpus=carian&docid=611,/C.Al 1/1
EDIANA-CARIAN-612,carian,source_attributed_transcription,"· C.Eu 1, 1",carian,True,śas ktais idyrik̑ś mn[os<sup>?</sup>],https://www.ediana.gwi.uni-muenchen.de/corpus.php?corpus=carian&docid=612,/C.Eu 1/1
EDIANA-CARIAN-613,carian,source_attributed_transcription,"· C.Eu 2, 1",carian,True,qmoλ k̑i temali,https://www.ediana.gwi.uni-muenchen.de/corpus.php?corpus=carian&docid=613,/C.Eu 2/1
EDIANA-CARIAN-613,carian,source_attributed_transcription,"· C.Eu 2, 2",carian,True,śδun śośniabkoλ,https://www.ediana.gwi.uni-muenchen.de/corpus.php?corpus=carian&docid=613,/C.Eu 2/2
EDIANA-CARIAN-613,carian,source_attributed_transcription,"· C.Eu 2, 3",carian,True,armon qyrbmuδoλo,https://www.ediana.gwi.uni-muenchen.de/corpus.php?corpus=carian&docid=613,/C.Eu 2/3
EDIANA-CARIAN-613,carian,source_attributed_transcription,"· C.Eu 2, 4",carian,True,manon,https://www.ediana.gwi.uni-muenchen.de/corpus.php?corpus=carian&docid=613,/C.Eu 2/4
EDIANA-CARIAN-614,carian,source_attributed_transcription,"· C.Kn 1, 1",carian,True,pareýs,https://www.ediana.gwi.uni-muenchen.de/corpus.php?corpus=carian&docid=614,/C.Kn 1/1
EDIANA-CARIAN-615,carian,source_attributed_transcription,"· C.Hy 1, 1",carian,True,šasqarioδdymδa kδuśo pilipus usoτ,https://www.ediana.gwi.uni-muenchen.de/corpus.php?corpus=carian&docid=615,/C.Hy 1 (scriptio continua)/1
EDIANA-CARIAN-615,carian,source_attributed_transcription,"· C.Hy 1, 2",carian,True,muoτ armo trqδos qmoλš msoτ yλarmiτ,https://www.ediana.gwi.uni-muenchen.de/corpus.php?corpus=carian&docid=615,/C.Hy 1 (scriptio continua)/2
EDIANA-CARIAN-615,carian,source_attributed_transcription,"· C.Hy 1, 3",carian,True,βrsi arišś βrsiś,https://www.ediana.gwi.uni-muenchen.de/corpus.php?corpus=carian&docid=615,/C.Hy 1 (scriptio continua)/3
EDIANA-CARIAN-615,carian,source_attributed_transcription,"· C.Hy 1, 4",carian,True,mane uśoλś,https://www.ediana.gwi.uni-muenchen.de/corpus.php?corpus=carian&docid=615,/C.Hy 1 (scriptio continua)/4
EDIANA-CARIAN-615,carian,source_attributed_transcription,"· C.Hy 1, 5",carian,True,rtim uśoλś pur<sup>?</sup>iś,https://www.ediana.gwi.uni-muenchen.de/corpus.php?corpus=carian&docid=615,/C.Hy 1 (scriptio continua)/5
EDIANA-CARIAN-615,carian,source_attributed_transcription,"· C.Hy 1, 6",carian,True,uśbloλ tñuś βrsiś,https://www.ediana.gwi.uni-muenchen.de/corpus.php?corpus=carian&docid=615,/C.Hy 1 (scriptio continua)/6
EDIANA-CARIAN-615,carian,source_attributed_transcription,"· C.Hy 1, 7",carian,True,pau maneś,https://www.ediana.gwi.uni-muenchen.de/corpus.php?corpus=carian&docid=615,/C.Hy 1 (scriptio continua)/7
EDIANA-CARIAN-615,carian,source_attributed_transcription,"· C.Hy 1, 7-8",carian,True,ybrsś,https://www.ediana.gwi.uni-muenchen.de/corpus.php?corpus=carian&docid=615,/C.Hy 1 (scriptio continua)/8
EDIANA-CARIAN-616,carian,source_attributed_transcription,"· C.My 1, 1",carian,True,idrayridsemδb qmoλš tyk̑[…],https://www.ediana.gwi.uni-muenchen.de/corpus.php?corpus=carian&docid=616,/C.My 1 (partly scriptio continua)/1
EDIANA-CARIAN-616,carian,source_attributed_transcription,"· C.My 1, 2",carian,True,tsiaλ tusoλś moim[.]sao[…],https://www.ediana.gwi.uni-muenchen.de/corpus.php?corpus=carian&docid=616,/C.My 1 (partly scriptio continua)/2
EDIANA-CARIAN-616,carian,source_attributed_transcription,"· C.My 1, 3",carian,True,βanoλ paruosś p<sup>?</sup>au paryrik̑ś,https://www.ediana.gwi.uni-muenchen.de/corpus.php?corpus=carian&docid=616,/C.My 1 (partly scriptio continua)/3
EDIANA-CARIAN-616,carian,source_attributed_transcription,"· C.My 1, 4",carian,True,qlaλi obrbiś tsiaλ obrbiś,https://www.ediana.gwi.uni-muenchen.de/corpus.php?corpus=carian&docid=616,/C.My 1 (partly scriptio continua)/4
EDIANA-CARIAN-616,carian,source_attributed_transcription,"· C.My 1, 5",carian,True,βanoλ yrqsoś paryrik̑ psoirś,https://www.ediana.gwi.uni-muenchen.de/corpus.php?corpus=carian&docid=616,/C.My 1 (partly scriptio continua)/5
EDIANA-CARIAN-616,carian,source_attributed_transcription,"· C.My 1, 6",carian,True,[.]bδo pnuśoś myle trdyś,https://www.ediana.gwi.uni-muenchen.de/corpus.php?corpus=carian&docid=616,/C.My 1 (partly scriptio continua)/6
EDIANA-CARIAN-616,carian,source_attributed_transcription,"· C.My 1, 7",carian,True,šarkbiom qlaλiś śumo kbdmuś,https://www.ediana.gwi.uni-muenchen.de/corpus.php?corpus=carian&docid=616,/C.My 1 (partly scriptio continua)/7
EDIANA-CARIAN-616,carian,source_attributed_transcription,"· C.My 1, 8",carian,True,skdu βrotolś pau k̑toiś,https://www.ediana.gwi.uni-muenchen.de/corpus.php?corpus=carian&docid=616,/C.My 1 (partly scriptio continua)/8
EDIANA-CARIAN-616,carian,source_attributed_transcription,"· C.My 1, 9",carian,True,[.]qo idyrik̑ś ksbo iduśoλś,https://www.ediana.gwi.uni-muenchen.de/corpus.php?corpus=carian&docid=616,/C.My 1 (partly scriptio continua)/9
EDIANA-CARIAN-616,carian,source_attributed_transcription,"· C.My 1, 10",carian,True,[.]obiokλiś k̑toi yrqsoś,https://www.ediana.gwi.uni-muenchen.de/corpus.php?corpus=carian&docid=616,/C.My 1 (partly scriptio continua)/10
EDIANA-CARIAN-617,carian,source_attributed_transcription,"· C.Si 1, 1",carian,True,adymδš yrik̑ñ t[.]rsi […<sup>?</sup>],https://www.ediana.gwi.uni-muenchen.de/corpus.php?corpus=carian&docid=617,/C.Si 1/1
EDIANA-CARIAN-617,carian,source_attributed_transcription,"· C.Si 1, 2",carian,True,tbeś,https://www.ediana.gwi.uni-muenchen.de/corpus.php?corpus=carian&docid=617,/C.Si 1/2
EDIANA-CARIAN-617,carian,source_attributed_transcription,"· C.Si 1, 3",carian,True,yrik̑ñ binq sñaidλo,https://www.ediana.gwi.uni-muenchen.de/corpus.php?corpus=carian&docid=617,/C.Si 1/3
EDIANA-CARIAN-618,carian,source_attributed_transcription,"· C.Si 2a, 1",carian,True,[..]ryin k̑tmñoś sb ada k̑tmñoś,https://www.ediana.gwi.uni-muenchen.de/corpus.php?corpus=carian&docid=618,/C.Si 2 (partly scriptio continua)/1
EDIANA-CARIAN-618,carian,source_attributed_transcription,"· C.Si 2a, 2",carian,True,eri pisño imδa pñmunśñ,https://www.ediana.gwi.uni-muenchen.de/corpus.php?corpus=carian&docid=618,/C.Si 2 (partly scriptio continua)/2
EDIANA-CARIAN-618,carian,source_attributed_transcription,"· C.Si 2a, 2-3",carian,True,pδak̑mśuñ,https://www.ediana.gwi.uni-muenchen.de/corpus.php?corpus=carian&docid=618,/C.Si 2 (partly scriptio continua)/3
EDIANA-CARIAN-618,carian,source_attributed_transcription,"· C.Si 2a, 3",carian,True,k̑i,https://www.ediana.gwi.uni-muenchen.de/corpus.php?corpus=carian&docid=618,/C.Si 2 (partly scriptio continua)/4
EDIANA-CARIAN-618,carian,source_attributed_transcription,"· C.Si 2a, 3-4",carian,True,šaoyrk̑rimtk̑elŋñmaiλomδalrTñ,https://www.ediana.gwi.uni-muenchen.de/corpus.php?corpus=carian&docid=618,/C.Si 2 (partly scriptio continua)/5
EDIANA-CARIAN-618,carian,source_attributed_transcription,"· C.Si 2a, 4",carian,True,stspñ,https://www.ediana.gwi.uni-muenchen.de/corpus.php?corpus=carian&docid=618,/C.Si 2 (partly scriptio continua)/6
EDIANA-CARIAN-618,carian,source_attributed_transcription,"· C.Si 2a, 5",carian,True,smšs[.....] sb añ msñs imδa,https://www.ediana.gwi.uni-muenchen.de/corpus.php?corpus=carian&docid=618,/C.Si 2 (partly scriptio continua)/7
EDIANA-CARIAN-618,carian,source_attributed_transcription,"· C.Si 2a, 6",carian,True,sm[.......]ak̑e[…],https://www.ediana.gwi.uni-muenchen.de/corpus.php?corpus=carian&docid=618,/C.Si 2 (partly scriptio continua)/8
EDIANA-CARIAN-618,carian,source_attributed_transcription,"· C.Si 2a, 7",carian,True,k̑[........]tuñδñ[…],https://www.ediana.gwi.uni-muenchen.de/corpus.php?corpus=carian&docid=618,/C.Si 2 (partly scriptio continua)/9
EDIANA-CARIAN-618,carian,source_attributed_transcription,"· C.Si 2a, 8",carian,True,ñex[…],https://www.ediana.gwi.uni-muenchen.de/corpus.php?corpus=carian&docid=618,/C.Si 2 (partly scriptio continua)/10
EDIANA-CARIAN-618,carian,source_attributed_transcription,"· C.Si 2b, 9",carian,True,pim[…],https://www.ediana.gwi.uni-muenchen.de/corpus.php?corpus=carian&docid=618,/C.Si 2 (partly scriptio continua)/11
EDIANA-CARIAN-618,carian,source_attributed_transcription,"· C.Si 2b, 10",carian,True,Ta<sup>?</sup>[…],https://www.ediana.gwi.uni-muenchen.de/corpus.php?corpus=carian&docid=618,/C.Si 2 (partly scriptio continua)/12
EDIANA-CARIAN-619,carian,source_attributed_transcription,"· C.Ki 1, 1",carian,True,[…]loλbak̑a[…] kiλ[ara<sup>?</sup> …<sup>?</sup>],https://www.ediana.gwi.uni-muenchen.de/corpus.php?corpus=carian&docid=619,/C.Ki 1 (scriptio continua)/1
EDIANA-CARIAN-619,carian,source_attributed_transcription,"· C.Ki 1, 2",carian,True,[…]uδa[…] trqδi mr qrds talomδ[…],https://www.ediana.gwi.uni-muenchen.de/corpus.php?corpus=carian&docid=619,/C.Ki 1 (scriptio continua)/2
EDIANA-CARIAN-619,carian,source_attributed_transcription,"· C.Ki 1, 3",carian,True,kiλara δ [q<sup>?</sup>]ybls dmTnmkδa[.]aTuq[...],https://www.ediana.gwi.uni-muenchen.de/corpus.php?corpus=carian&docid=619,/C.Ki 1 (scriptio continua)/3
EDIANA-CARIAN-619,carian,source_attributed_transcription,"· C.Ki 1, 4",carian,True,iasoum,https://www.ediana.gwi.uni-muenchen.de/corpus.php?corpus=carian&docid=619,/C.Ki 1 (scriptio continua)/4
EDIANA-CARIAN-620,carian,source_attributed_transcription,"· C.St 1, 1",carian,True,[…]seλša[..]a[....]omś,https://www.ediana.gwi.uni-muenchen.de/corpus.php?corpus=carian&docid=620,/C.St 1 (scriptio continua)/1
EDIANA-CARIAN-620,carian,source_attributed_transcription,"· C.St 1, 2",carian,True,[...]som[n<sup>?</sup>]e βrsiś ula[....]oλ,https://www.ediana.gwi.uni-muenchen.de/corpus.php?corpus=carian&docid=620,/C.St 1 (scriptio continua)/2
EDIANA-CARIAN-620,carian,source_attributed_transcription,"· C.St 1, 3",carian,True,[…]latmneś śysñaλ[…],https://www.ediana.gwi.uni-muenchen.de/corpus.php?corpus=carian&docid=620,/C.St 1 (scriptio continua)/3
EDIANA-CARIAN-620,carian,source_attributed_transcription,"· C.St 1, 4",carian,True,[…] ariš maqλyś[…],https://www.ediana.gwi.uni-muenchen.de/corpus.php?corpus=carian&docid=620,/C.St 1 (scriptio continua)/4
EDIANA-CARIAN-620,carian,source_attributed_transcription,"· C.St 1, 5",carian,True,[…]seλš piks[…],https://www.ediana.gwi.uni-muenchen.de/corpus.php?corpus=carian&docid=620,/C.St 1 (scriptio continua)/5
EDIANA-CARIAN-620,carian,source_attributed_transcription,"· C.St 1, 6",carian,True,[…]seλš p[…],https://www.ediana.gwi.uni-muenchen.de/corpus.php?corpus=carian&docid=620,/C.St 1 (scriptio continua)/6
EDIANA-CARIAN-621,carian,source_attributed_transcription,"· C.St 2, 1",carian,True,uśoλś uodr ou u[…],https://www.ediana.gwi.uni-muenchen.de/corpus.php?corpus=carian&docid=621,/C.St 2 (scriptio continua)/1
EDIANA-CARIAN-621,carian,source_attributed_transcription,"· C.St 2, 2",carian,True,muteś yme𐋃us[...],https://www.ediana.gwi.uni-muenchen.de/corpus.php?corpus=carian&docid=621,/C.St 2 (scriptio continua)/2
EDIANA-CARIAN-621,carian,source_attributed_transcription,"· C.St 2, 3",carian,True,k̑diyeś uodr yia[...],https://www.ediana.gwi.uni-muenchen.de/corpus.php?corpus=carian&docid=621,/C.St 2 (scriptio continua)/3
EDIANA-CARIAN-621,carian,source_attributed_transcription,"· C.St 2, 4",carian,True,uliade piδaru[…],https://www.ediana.gwi.uni-muenchen.de/corpus.php?corpus=carian&docid=621,/C.St 2 (scriptio continua)/4
EDIANA-CARIAN-621,carian,source_attributed_transcription,"· C.St 2, 5",carian,True,mañšqaraTśrλx[...],https://www.ediana.gwi.uni-muenchen.de/corpus.php?corpus=carian&docid=621,/C.St 2 (scriptio continua)/5
EDIANA-CARIAN-621,carian,source_attributed_transcription,"· C.St 2, 6",carian,True,δaršqemorms[…],https://www.ediana.gwi.uni-muenchen.de/corpus.php?corpus=carian&docid=621,/C.St 2 (scriptio continua)/6
EDIANA-CARIAN-621,carian,source_attributed_transcription,"· C.St 2, 7",carian,True,Tδašqeδormñs[…],https://www.ediana.gwi.uni-muenchen.de/corpus.php?corpus=carian&docid=621,/C.St 2 (scriptio continua)/7
EDIANA-CARIAN-622,carian,source_attributed_transcription,"· C.Ha 1, 1",carian,True,smδýbrs psnλo,https://www.ediana.gwi.uni-muenchen.de/corpus.php?corpus=carian&docid=622,/C.Ha 1/1
EDIANA-CARIAN-622,carian,source_attributed_transcription,"· C.Ha 1, 2",carian,True,mδ orkn týn snn,https://www.ediana.gwi.uni-muenchen.de/corpus.php?corpus=carian&docid=622,/C.Ha 1/2
EDIANA-CARIAN-623,carian,source_attributed_transcription,"· C.Di 1, 1",carian,True,[…]ubšý,https://www.ediana.gwi.uni-muenchen.de/corpus.php?corpus=carian&docid=623,/C.Di 1/1
EDIANA-CARIAN-624,carian,source_attributed_transcription,"· C.Ia 1, 1",carian,True,[…] la,https://www.ediana.gwi.uni-muenchen.de/corpus.php?corpus=carian&docid=624,/C.Ia 1/1
EDIANA-CARIAN-624,carian,source_attributed_transcription,"· C.Ia 1, 2",carian,True,limtaoa x,https://www.ediana.gwi.uni-muenchen.de/corpus.php?corpus=carian&docid=624,/C.Ia 1/2
EDIANA-CARIAN-624,carian,source_attributed_transcription,"· C.Ia 1, 3",carian,True,om,https://www.ediana.gwi.uni-muenchen.de/corpus.php?corpus=carian&docid=624,/C.Ia 1/3
EDIANA-CARIAN-625,carian,source_attributed_transcription,"· C.Ia 2, 1",carian,True,[…]uek̑λ k̑ob[…],https://www.ediana.gwi.uni-muenchen.de/corpus.php?corpus=carian&docid=625,/C.Ia 2/1
EDIANA-CARIAN-626,carian,source_attributed_transcription,"· C.Ia 3, 1",carian,True,[…<sup>?</sup>] areš šannemλne siykloś šann trquδe k̑lmuδ[.<sup>?</sup>],https://www.ediana.gwi.uni-muenchen.de/corpus.php?corpus=carian&docid=626,/C.Ia 3/1
EDIANA-CARIAN-627,carian,source_attributed_transcription,"· C.Ia 4, 1",carian,True,n[…],https://www.ediana.gwi.uni-muenchen.de/corpus.php?corpus=carian&docid=627,/C.Ia 4/1
EDIANA-CARIAN-627,carian,source_attributed_transcription,"· C.Ia 4, 2",carian,True,pr[…],https://www.ediana.gwi.uni-muenchen.de/corpus.php?corpus=carian&docid=627,/C.Ia 4/2
EDIANA-CARIAN-627,carian,source_attributed_transcription,"· C.Ia 4, 3",carian,True,is[…],https://www.ediana.gwi.uni-muenchen.de/corpus.php?corpus=carian&docid=627,/C.Ia 4/3
EDIANA-CARIAN-628,carian,source_attributed_transcription,"· C.Ia 5, 1",carian,True,baqγk[…],https://www.ediana.gwi.uni-muenchen.de/corpus.php?corpus=carian&docid=628,/C.Ia 5/1
EDIANA-CARIAN-629,carian,source_attributed_transcription,"· C.Ia 6, 1",carian,True,[…]β<sup>?</sup>eś,https://www.ediana.gwi.uni-muenchen.de/corpus.php?corpus=carian&docid=629,/C.Ia 6/1
EDIANA-CARIAN-630,carian,source_attributed_transcription,"· C.Ke 1, 1",carian,True,I usoτ,https://www.ediana.gwi.uni-muenchen.de/corpus.php?corpus=carian&docid=630,/C.Ke 1/1
EDIANA-CARIAN-631,carian,source_attributed_transcription,"· C.Ke 2, 1",carian,True,I usoτ,https://www.ediana.gwi.uni-muenchen.de/corpus.php?corpus=carian&docid=631,/C.Ke 2/1
EDIANA-CARIAN-632,carian,source_attributed_transcription,"· C.Ka 1, 1",carian,True,sñis,https://www.ediana.gwi.uni-muenchen.de/corpus.php?corpus=carian&docid=632,/C.Ka 1/1
EDIANA-CARIAN-632,carian,source_attributed_transcription,"· C.Ka 1, 1-2",carian,True,sδisas,https://www.ediana.gwi.uni-muenchen.de/corpus.php?corpus=carian&docid=632,/C.Ka 1/2
EDIANA-CARIAN-632,carian,source_attributed_transcription,"· C.Ka 1, 2",carian,True,psuśoλś,https://www.ediana.gwi.uni-muenchen.de/corpus.php?corpus=carian&docid=632,/C.Ka 1/3
EDIANA-CARIAN-632,carian,source_attributed_transcription,"· C.Ka 1, 3",carian,True,malś mnoś,https://www.ediana.gwi.uni-muenchen.de/corpus.php?corpus=carian&docid=632,/C.Ka 1/4
EDIANA-CARIAN-633,carian,source_attributed_transcription,"· C.Ka 2, 1",carian,True,[ui<sup>?</sup>]omλŋ qrds γrds o[.]i,https://www.ediana.gwi.uni-muenchen.de/corpus.php?corpus=carian&docid=633,/C.Ka 2 (scriptio continua)/1
EDIANA-CARIAN-633,carian,source_attributed_transcription,"· C.Ka 2, 2",carian,True,[…]r sb ak̑mnnartnyr obsmns[…],https://www.ediana.gwi.uni-muenchen.de/corpus.php?corpus=carian&docid=633,/C.Ka 2 (scriptio continua)/2
EDIANA-CARIAN-633,carian,source_attributed_transcription,"· C.Ka 2, 3",carian,True,[.]k̑arλanoŋ sb zšariosŋik̑[...],https://www.ediana.gwi.uni-muenchen.de/corpus.php?corpus=carian&docid=633,/C.Ka 2 (scriptio continua)/3
EDIANA-CARIAN-633,carian,source_attributed_transcription,"· C.Ka 2, 4",carian,True,[.]nudrmak̑yrpai sarniš sb u[…],https://www.ediana.gwi.uni-muenchen.de/corpus.php?corpus=carian&docid=633,/C.Ka 2 (scriptio continua)/4
EDIANA-CARIAN-633,carian,source_attributed_transcription,"· C.Ka 2, 5",carian,True,[.]aT punoτ2 otrš bi sb ak̑tmsk[m …<sup>?</sup>],https://www.ediana.gwi.uni-muenchen.de/corpus.php?corpus=carian&docid=633,/C.Ka 2 (scriptio continua)/5
EDIANA-CARIAN-633,carian,source_attributed_transcription,"· C.Ka 2, 6",carian,True,[.]δ bi 𐋆aitk ouor γδbšλaŋ𐋆i [.],https://www.ediana.gwi.uni-muenchen.de/corpus.php?corpus=carian&docid=633,/C.Ka 2 (scriptio continua)/6
EDIANA-CARIAN-633,carian,source_attributed_transcription,"· C.Ka 2, 7",carian,True,[…] sarniš sb 𐋆orsolš sb uTbit,https://www.ediana.gwi.uni-muenchen.de/corpus.php?corpus=carian&docid=633,/C.Ka 2 (scriptio continua)/7
EDIANA-CARIAN-633,carian,source_attributed_transcription,"· C.Ka 2, 8",carian,True,[.]bi qrdsoλš ait 𐋆mali Tk̑it,https://www.ediana.gwi.uni-muenchen.de/corpus.php?corpus=carian&docid=633,/C.Ka 2 (scriptio continua)/8
EDIANA-CARIAN-633,carian,source_attributed_transcription,"· C.Ka 2, 9",carian,True,[.]intnor k̑yrapaiś umoλτ<sub>2</sub>oba,https://www.ediana.gwi.uni-muenchen.de/corpus.php?corpus=carian&docid=633,/C.Ka 2 (scriptio continua)/9
EDIANA-CARIAN-633,carian,source_attributed_transcription,"· C.Ka 2, 10",carian,True,[.]δiurt obsmsmñ𐋆ñ ouor mt𐋆yr,https://www.ediana.gwi.uni-muenchen.de/corpus.php?corpus=carian&docid=633,/C.Ka 2 (scriptio continua)/10
EDIANA-CARIAN-633,carian,source_attributed_transcription,"· C.Ka 2, 11",carian,True,[…]abrunk̑ur[.]šynšTynn sb,https://www.ediana.gwi.uni-muenchen.de/corpus.php?corpus=carian&docid=633,/C.Ka 2 (scriptio continua)/11
EDIANA-CARIAN-633,carian,source_attributed_transcription,"· C.Ka 2, 12",carian,True,[…]tbsms 𐋆mali […],https://www.ediana.gwi.uni-muenchen.de/corpus.php?corpus=carian&docid=633,/C.Ka 2 (scriptio continua)/12
EDIANA-CARIAN-633,carian,source_attributed_transcription,"· C.Ka 2, 13",carian,True,[…]maT sb an[…],https://www.ediana.gwi.uni-muenchen.de/corpus.php?corpus=carian&docid=633,/C.Ka 2 (scriptio continua)/13
EDIANA-CARIAN-633,carian,source_attributed_transcription,"· C.Ka 2, 14",carian,True,[…]ba,https://www.ediana.gwi.uni-muenchen.de/corpus.php?corpus=carian&docid=633,/C.Ka 2 (scriptio continua)/14
EDIANA-CARIAN-634,carian,source_attributed_transcription,"· C.Ka 3, 1",carian,True,šoruś,https://www.ediana.gwi.uni-muenchen.de/corpus.php?corpus=carian&docid=634,/C.Ka 3 (scriptio continua)/1
EDIANA-CARIAN-634,carian,source_attributed_transcription,"· C.Ka 3, 2",carian,True,ann iβrsś,https://www.ediana.gwi.uni-muenchen.de/corpus.php?corpus=carian&docid=634,/C.Ka 3 (scriptio continua)/2
EDIANA-CARIAN-635,carian,source_attributed_transcription,"· C.Ka 4, 1",carian,True,[…]uśouś iβrsδr[.],https://www.ediana.gwi.uni-muenchen.de/corpus.php?corpus=carian&docid=635,/C.Ka 4 (scriptio continua)/1
EDIANA-CARIAN-635,carian,source_attributed_transcription,"· C.Ka 4, 2",carian,True,[…]ayomλn𐋆ri,https://www.ediana.gwi.uni-muenchen.de/corpus.php?corpus=carian&docid=635,/C.Ka 4 (scriptio continua)/2
EDIANA-CARIAN-635,carian,source_attributed_transcription,"· C.Ka 4, 3",carian,True,[…]dar𐋆idymš,https://www.ediana.gwi.uni-muenchen.de/corpus.php?corpus=carian&docid=635,/C.Ka 4 (scriptio continua)/3
EDIANA-CARIAN-636,carian,source_attributed_transcription,"· C.Ka 5, 1",carian,True,kbidn uiomλn,https://www.ediana.gwi.uni-muenchen.de/corpus.php?corpus=carian&docid=636,/C.Ka 5 (scriptio continua)/1
EDIANA-CARIAN-636,carian,source_attributed_transcription,"· C.Ka 5, 1-2",carian,True,i[…]ini,https://www.ediana.gwi.uni-muenchen.de/corpus.php?corpus=carian&docid=636,/C.Ka 5 (scriptio continua)/2
EDIANA-CARIAN-636,carian,source_attributed_transcription,"· C.Ka 5, 2",carian,True,sδrual,https://www.ediana.gwi.uni-muenchen.de/corpus.php?corpus=carian&docid=636,/C.Ka 5 (scriptio continua)/3
EDIANA-CARIAN-636,carian,source_attributed_transcription,"· C.Ka 5, 2-3",carian,True,nik[ok]lan,https://www.ediana.gwi.uni-muenchen.de/corpus.php?corpus=carian&docid=636,/C.Ka 5 (scriptio continua)/4
EDIANA-CARIAN-636,carian,source_attributed_transcription,"· C.Ka 5, 3",carian,True,lysiklas[n],https://www.ediana.gwi.uni-muenchen.de/corpus.php?corpus=carian&docid=636,/C.Ka 5 (scriptio continua)/5
EDIANA-CARIAN-636,carian,source_attributed_transcription,"· C.Ka 5, 4",carian,True,otonosn sb,https://www.ediana.gwi.uni-muenchen.de/corpus.php?corpus=carian&docid=636,/C.Ka 5 (scriptio continua)/6
EDIANA-CARIAN-636,carian,source_attributed_transcription,"· C.Ka 5, 4-5",carian,True,lys[ikl]an,https://www.ediana.gwi.uni-muenchen.de/corpus.php?corpus=carian&docid=636,/C.Ka 5 (scriptio continua)/7
EDIANA-CARIAN-636,carian,source_attributed_transcription,"· C.Ka 5, 5",carian,True,lysikratas[n],https://www.ediana.gwi.uni-muenchen.de/corpus.php?corpus=carian&docid=636,/C.Ka 5 (scriptio continua)/8
EDIANA-CARIAN-636,carian,source_attributed_transcription,"· C.Ka 5, 6",carian,True,otonosn sarni[š],https://www.ediana.gwi.uni-muenchen.de/corpus.php?corpus=carian&docid=636,/C.Ka 5 (scriptio continua)/9
EDIANA-CARIAN-636,carian,source_attributed_transcription,"· C.Ka 5, 7",carian,True,mdoτ<sub>2</sub>un sb,https://www.ediana.gwi.uni-muenchen.de/corpus.php?corpus=carian&docid=636,/C.Ka 5 (scriptio continua)/10
EDIANA-CARIAN-636,carian,source_attributed_transcription,"· C.Ka 5, 7-8",carian,True,unδo[…]tλš,https://www.ediana.gwi.uni-muenchen.de/corpus.php?corpus=carian&docid=636,/C.Ka 5 (scriptio continua)/11
EDIANA-CARIAN-636,carian,source_attributed_transcription,"· C.Ka 5, 8",carian,True,kbdynš sb,https://www.ediana.gwi.uni-muenchen.de/corpus.php?corpus=carian&docid=636,/C.Ka 5 (scriptio continua)/12
EDIANA-CARIAN-636,carian,source_attributed_transcription,"· C.Ka 5, 8-9",carian,True,β<sub>2</sub>o[…]olš,https://www.ediana.gwi.uni-muenchen.de/corpus.php?corpus=carian&docid=636,/C.Ka 5 (scriptio continua)/13
EDIANA-CARIAN-636,carian,source_attributed_transcription,"· C.Ka 5, 9",carian,True,otrš sb,https://www.ediana.gwi.uni-muenchen.de/corpus.php?corpus=carian&docid=636,/C.Ka 5 (scriptio continua)/14
EDIANA-CARIAN-636,carian,source_attributed_transcription,"· C.Ka 5, 9-10",carian,True,ak̑t[ms]km,https://www.ediana.gwi.uni-muenchen.de/corpus.php?corpus=carian&docid=636,/C.Ka 5 (scriptio continua)/15
EDIANA-CARIAN-636,carian,source_attributed_transcription,"· C.Ka 5, 10",carian,True,tabsims sb [...],https://www.ediana.gwi.uni-muenchen.de/corpus.php?corpus=carian&docid=636,/C.Ka 5 (scriptio continua)/16
EDIANA-CARIAN-636,carian,source_attributed_transcription,"· C.Ka 5, 11",carian,True,yτ<sub>2</sub>oru sb ak̑t[…],https://www.ediana.gwi.uni-muenchen.de/corpus.php?corpus=carian&docid=636,/C.Ka 5 (scriptio continua)/17
EDIANA-CARIAN-636,carian,source_attributed_transcription,"· C.Ka 5, 12",carian,True,buky[…]i[…]I,https://www.ediana.gwi.uni-muenchen.de/corpus.php?corpus=carian&docid=636,/C.Ka 5 (scriptio continua)/18
EDIANA-CARIAN-636,carian,source_attributed_transcription,"· C.Ka 5, 13",carian,True,[…]śunmoa[.]λboror,https://www.ediana.gwi.uni-muenchen.de/corpus.php?corpus=carian&docid=636,/C.Ka 5 (scriptio continua)/19
EDIANA-CARIAN-636,carian,source_attributed_transcription,"· C.Ka 5, 14",carian,True,[…]𐊱λk̑sasoτ<sub>2</sub> ort,https://www.ediana.gwi.uni-muenchen.de/corpus.php?corpus=carian&docid=636,/C.Ka 5 (scriptio continua)/20
EDIANA-CARIAN-636,carian,source_attributed_transcription,"· C.Ka 5, 15",carian,True,tab sb ort[.] sb,https://www.ediana.gwi.uni-muenchen.de/corpus.php?corpus=carian&docid=636,/C.Ka 5 (scriptio continua)/21
EDIANA-CARIAN-636,carian,source_attributed_transcription,"· C.Ka 5, 15-16",carian,True,𐊱orouo,https://www.ediana.gwi.uni-muenchen.de/corpus.php?corpus=carian&docid=636,/C.Ka 5 (scriptio continua)/22
EDIANA-CARIAN-636,carian,source_attributed_transcription,"· C.Ka 5, 16",carian,True,bi mslmnlia,https://www.ediana.gwi.uni-muenchen.de/corpus.php?corpus=carian&docid=636,/C.Ka 5 (scriptio continua)/23
EDIANA-CARIAN-636,carian,source_attributed_transcription,"· C.Ka 5, 17",carian,True,purmoruos mnos,https://www.ediana.gwi.uni-muenchen.de/corpus.php?corpus=carian&docid=636,/C.Ka 5 (scriptio continua)/24
EDIANA-CARIAN-636,carian,source_attributed_transcription,"· C.Ka 5, 18",carian,True,aitusi,https://www.ediana.gwi.uni-muenchen.de/corpus.php?corpus=carian&docid=636,/C.Ka 5 (scriptio continua)/25
EDIANA-CARIAN-638,carian,source_attributed_transcription,"· C,Ka 7, 1",carian,True,[…] noś,https://www.ediana.gwi.uni-muenchen.de/corpus.php?corpus=carian&docid=638,/C.Ka 7/1
EDIANA-CARIAN-639,carian,source_attributed_transcription,"· C.Ka 8, 1",carian,True,potkośλś<sup>?</sup>aba<sup>?</sup>δ<sup>?</sup> ya,https://www.ediana.gwi.uni-muenchen.de/corpus.php?corpus=carian&docid=639,/C.Ka 8/1
EDIANA-CARIAN-640,carian,source_attributed_transcription,"· C.Ka 9, 1",carian,True,[…]ois<sup>?</sup>ur<sup>?</sup>mλo,https://www.ediana.gwi.uni-muenchen.de/corpus.php?corpus=carian&docid=640,/C.Ka 9/1
EDIANA-CARIAN-641,carian,source_attributed_transcription,"· C.Ka 10, 1",carian,True,orm,https://www.ediana.gwi.uni-muenchen.de/corpus.php?corpus=carian&docid=641,/C.Ka 10 (Kunnert & Schürr & Zingg 2010)/1
EDIANA-CARIAN-642,carian,source_attributed_transcription,"· C.Ka 11, 1",carian,True,snṇ[,https://www.ediana.gwi.uni-muenchen.de/corpus.php?corpus=carian&docid=642,/C.Ka 11 (Çörtük & Gander & Holler 2018)/1
EDIANA-CARIAN-643,carian,source_attributed_transcription,"· C.Kr 1, 1",carian,True,qoτ<sub>2</sub>omu sδisa,https://www.ediana.gwi.uni-muenchen.de/corpus.php?corpus=carian&docid=643,/C.Kr 1 (scriptio continua/1
EDIANA-CARIAN-643,carian,source_attributed_transcription,"· C.Kr 1, 2",carian,True,snś šoδubrś,https://www.ediana.gwi.uni-muenchen.de/corpus.php?corpus=carian&docid=643,/C.Kr 1 (scriptio continua/2
EDIANA-CARIAN-643,carian,source_attributed_transcription,"· C.Kr 1, 3",carian,True,sbmnoś knor,https://www.ediana.gwi.uni-muenchen.de/corpus.php?corpus=carian&docid=643,/C.Kr 1 (scriptio continua/3
EDIANA-CARIAN-643,carian,source_attributed_transcription,"· C.Kr 1, 4",carian,True,norilams,https://www.ediana.gwi.uni-muenchen.de/corpus.php?corpus=carian&docid=643,/C.Kr 1 (scriptio continua/4
EDIANA-CARIAN-644,carian,source_attributed_transcription,"· C.La 1, 1",carian,True,bliom,https://www.ediana.gwi.uni-muenchen.de/corpus.php?corpus=carian&docid=644,/C.La 1 (Karlsson & Henry 2008)/1
EDIANA-CARIAN-645,carian,source_attributed_transcription,"· C.Mi 1, 1",carian,True,amýr<sup>?</sup>τb,https://www.ediana.gwi.uni-muenchen.de/corpus.php?corpus=carian&docid=645,/C.Mi 1 (Herda & Sauter 2009)/1
EDIANA-CARIAN-646,carian,source_attributed_transcription,"· C.Hd 1, 1",carian,True,dmuonś leos mlane ýśrotbaljayšraka,https://www.ediana.gwi.uni-muenchen.de/corpus.php?corpus=carian&docid=646,/C.Hd 1 (Türkteki & Tekoğlu 2012)/1
EDIANA-CARIAN-647,carian,source_attributed_transcription,· Side a,carian,True,or/ybny,https://www.ediana.gwi.uni-muenchen.de/corpus.php?corpus=carian&docid=647,/C.Kal 1 (Schürr 2019)/1
EDIANA-CARIAN-647,carian,source_attributed_transcription,· Side b,carian,True,k nyeλ qr bt t,https://www.ediana.gwi.uni-muenchen.de/corpus.php?corpus=carian&docid=647,/C.Kal 1 (Schürr 2019)/2
EDIANA-CARIAN-648,carian,source_attributed_transcription,"· C.I 1 + C.I 5, 1",carian,True,[no reading was provided],https://www.ediana.gwi.uni-muenchen.de/corpus.php?corpus=carian&docid=648,/C.I 1 + C.I 5 (Adiego 2019)/1
EDIANA-CARIAN-649,carian,source_attributed_transcription,"· C.I 2, 1",carian,True,[…]xmśto[…],https://www.ediana.gwi.uni-muenchen.de/corpus.php?corpus=carian&docid=649,/C.I 2 (Adiego 2019)/1
EDIANA-CARIAN-650,carian,source_attributed_transcription,"· C.I 3, 1",carian,True,[…]o<sup>?</sup>unêx[…] […]sosê[…],https://www.ediana.gwi.uni-muenchen.de/corpus.php?corpus=carian&docid=650,/C.I 3 (Adiego 2019)/1
EDIANA-CARIAN-651,carian,source_attributed_transcription,"· C.I 4, 1",carian,True,msl/šik/l o<sup>?</sup>ê,https://www.ediana.gwi.uni-muenchen.de/corpus.php?corpus=carian&docid=651,/C.I 4 (Adiego 2019)/1
EDIANA-CARIAN-652,carian,uncertain_reading_or_direction,"· C.I 6, 1",carian,False,[…]pêśm[…],https://www.ediana.gwi.uni-muenchen.de/corpus.php?corpus=carian&docid=652,/C.I 6 [reading direction unknown] (Adiego 2019)/1
EDIANA-CARIAN-653,carian,source_attributed_transcription,"· C.I 7, 1",carian,True,s aλ pdexx mxxm<sup>?</sup>ubroδuoreš b xemxλ,https://www.ediana.gwi.uni-muenchen.de/corpus.php?corpus=carian&docid=653,/C.I 7 (Adiego 2019)/1
EDIANA-CARIAN-654,carian,source_attributed_transcription,"· C.xx 1, 1",carian,True,šrquq qtblemś ýbt snn orkn ntro pjdl<sup>?</sup>,https://www.ediana.gwi.uni-muenchen.de/corpus.php?corpus=carian&docid=654,/C.xx 1/1
EDIANA-CARIAN-655,carian,source_attributed_transcription,"· C.xx 2, 1",carian,True,ýśbiks not alosδ k̑arnosδ jzpe mδane,https://www.ediana.gwi.uni-muenchen.de/corpus.php?corpus=carian&docid=655,/C.xx 2/1
EDIANA-CARIAN-656,carian,source_attributed_transcription,"· C.xx 3, 1",carian,True,akymyδuýeryl{}<sup>?</sup>d,https://www.ediana.gwi.uni-muenchen.de/corpus.php?corpus=carian&docid=656,/C.xx 3/1
EDIANA-CARIAN-657,carian,source_attributed_transcription,"· C.xx 4, 1",carian,True,kδuśolš,https://www.ediana.gwi.uni-muenchen.de/corpus.php?corpus=carian&docid=657,/C.xx 4/1
EDIANA-CARIAN-658,carian,source_attributed_transcription,"· C.xx 5, 1",carian,True,kδuśolš,https://www.ediana.gwi.uni-muenchen.de/corpus.php?corpus=carian&docid=658,/C.xx 5/1
EDIANA-CARIAN-659,carian,source_attributed_transcription,"· G1, 1",carian,True,śjas san tur[…],https://www.ediana.gwi.uni-muenchen.de/corpus.php?corpus=carian&docid=659,/G1/1
EDIANA-CARIAN-660,carian,source_attributed_transcription,"· G2, 1",carian,True,qlaλiś k<sup>?</sup>[...],https://www.ediana.gwi.uni-muenchen.de/corpus.php?corpus=carian&docid=660,/G2/1
EDIANA-CARIAN-661,carian,source_attributed_transcription,· Frg. 1.,carian,True,uśoλ xx paw<sup>?</sup> t xxem uliat mid<sup>?</sup>[…] m<sup>?</sup>nydiq IIII,https://www.ediana.gwi.uni-muenchen.de/corpus.php?corpus=carian&docid=661,/G3 (Adiego & Tiverios & Manakidou & Tsiafakis 2012)/1
EDIANA-CARIAN-661,carian,source_attributed_transcription,· Frg. 2.,carian,True,o/tmba[…],https://www.ediana.gwi.uni-muenchen.de/corpus.php?corpus=carian&docid=661,/G3 (Adiego & Tiverios & Manakidou & Tsiafakis 2012)/2
EDIANA-CARIAN-661,carian,source_attributed_transcription,· Frg. 3.,carian,True,[…]b/s<sup>?</sup>odŋ II,https://www.ediana.gwi.uni-muenchen.de/corpus.php?corpus=carian&docid=661,/G3 (Adiego & Tiverios & Manakidou & Tsiafakis 2012)/3
EDIANA-CARIAN-662,carian,source_attributed_transcription,· Part a,carian,True,[…]t […]tmb […]tt […]tt […]j<sup>?</sup>om tt […]xλ xb x x,https://www.ediana.gwi.uni-muenchen.de/corpus.php?corpus=carian&docid=662,/G4 (Adiego & Tiverios & Manakidou & Tsiafakis 2012)/1
EDIANA-CARIAN-662,carian,source_attributed_transcription,· Part b,carian,True,[…]ś b ismn II […]ym II,https://www.ediana.gwi.uni-muenchen.de/corpus.php?corpus=carian&docid=662,/G4 (Adiego & Tiverios & Manakidou & Tsiafakis 2012)/2
EDIANA-CARIAN-663,carian,source_attributed_transcription,"· C.Eu 3, 1",carian,True,areom/k<sup>?</sup>k̑,https://www.ediana.gwi.uni-muenchen.de/corpus.php?corpus=carian&docid=663,/C.Eu 3 (Kızıl & Adiego 2021)/1
EDIANA-CARIAN-663,carian,source_attributed_transcription,"· C.Eu 3, 2",carian,True,kyšyδxxp/s<sup>?</sup>i<sup>?</sup>,https://www.ediana.gwi.uni-muenchen.de/corpus.php?corpus=carian&docid=663,/C.Eu 3 (Kızıl & Adiego 2021)/2
EDIANA-CARIAN-663,carian,source_attributed_transcription,"· C.Eu 3, 3",carian,True,trajn šanx wksomka[<sup>?</sup>,https://www.ediana.gwi.uni-muenchen.de/corpus.php?corpus=carian&docid=663,/C.Eu 3 (Kızıl & Adiego 2021)/3
EDIANA-CARIAN-663,carian,source_attributed_transcription,"· C.Eu 3, 4",carian,True,sasetom sann msi[<sup>?</sup>,https://www.ediana.gwi.uni-muenchen.de/corpus.php?corpus=carian&docid=663,/C.Eu 3 (Kızıl & Adiego 2021)/4
EDIANA-LYCIAN-0,lycian,source_attributed_transcription,· Antiphellos TL 56,lycian,True,(Greek-Lycian Bilingual),https://www.ediana.gwi.uni-muenchen.de/corpus.php?corpus=lycian&docid=0,/TL 56 (Antiphellos)/0
EDIANA-LYCIAN-0,lycian,source_attributed_transcription,· 1,lycian,True,ebẽñnẽ prñnãwu me=ti=prñnawatẽ,https://www.ediana.gwi.uni-muenchen.de/corpus.php?corpus=lycian&docid=0,/TL 56 (Antiphellos)/1
EDIANA-LYCIAN-0,lycian,source_attributed_transcription,· 2,lycian,True,ixtta hlah tideimi hrppi ladi ehbi,https://www.ediana.gwi.uni-muenchen.de/corpus.php?corpus=lycian&docid=0,/TL 56 (Antiphellos)/2
EDIANA-LYCIAN-0,lycian,source_attributed_transcription,· 3,lycian,True,se tideime ehbije se=ije=ti=edi tike mẽtẽ,https://www.ediana.gwi.uni-muenchen.de/corpus.php?corpus=lycian&docid=0,/TL 56 (Antiphellos)/3
EDIANA-LYCIAN-0,lycian,source_attributed_transcription,· 4,lycian,True,m=ene=qasttu ẽni qlahi ebijehi se wedri wehñtezi,https://www.ediana.gwi.uni-muenchen.de/corpus.php?corpus=lycian&docid=0,/TL 56 (Antiphellos)/4
EDIANA-LYCIAN-1,lycian,source_attributed_transcription,· 3,lycian,True,ebẽñnẽ xupu me=ti prñnawatẽ idamaxzza uherijeh,https://www.ediana.gwi.uni-muenchen.de/corpus.php?corpus=lycian&docid=1,/TL 57 (Antiphellos)/1
EDIANA-LYCIAN-1,lycian,source_attributed_transcription,· 4,lycian,True,tideimi hrppi ladi ehbi se tideime se=i pijẽtẽ,https://www.ediana.gwi.uni-muenchen.de/corpus.php?corpus=lycian&docid=1,/TL 57 (Antiphellos)/2
EDIANA-LYCIAN-1,lycian,source_attributed_transcription,· 5,lycian,True,pijatu miñti ẽtri xupu sixli aladehxxãne se hrzzi,https://www.ediana.gwi.uni-muenchen.de/corpus.php?corpus=lycian&docid=1,/TL 57 (Antiphellos)/3
EDIANA-LYCIAN-1,lycian,source_attributed_transcription,· 6,lycian,True,tupm̃me sixla hrzzi prñnawi me=i ñtepi tãti,https://www.ediana.gwi.uni-muenchen.de/corpus.php?corpus=lycian&docid=1,/TL 57 (Antiphellos)/4
EDIANA-LYCIAN-1,lycian,source_attributed_transcription,· 7,lycian,True,idãmaxzzã se l[adã ehbi s]e=[ije] n[e hrppi tã]ti tike,https://www.ediana.gwi.uni-muenchen.de/corpus.php?corpus=lycian&docid=1,/TL 57 (Antiphellos)/5
EDIANA-LYCIAN-1,lycian,source_attributed_transcription,· 8,lycian,True,kbi hrppi=je me=i tadi tike m=ene tubeiti mãhãi,https://www.ediana.gwi.uni-muenchen.de/corpus.php?corpus=lycian&docid=1,/TL 57 (Antiphellos)/6
EDIANA-LYCIAN-1,lycian,source_attributed_transcription,· 9,lycian,True,huwedri se itlehi trm̃mili ebi=d=alahadi=ti ebei ñte,https://www.ediana.gwi.uni-muenchen.de/corpus.php?corpus=lycian&docid=1,/TL 57 (Antiphellos)/7
EDIANA-LYCIAN-2,lycian,source_attributed_transcription,· 1,lycian,True,[ebẽñnẽ] xupã m=ẽ=ti prñnawatẽ sbelimi sñnete[h] tideimi,https://www.ediana.gwi.uni-muenchen.de/corpus.php?corpus=lycian&docid=2,/TL 58 (Antiphellos)/1
EDIANA-LYCIAN-2,lycian,source_attributed_transcription,· 2,lycian,True,[........] ...ạḥi hrppi ladi ehbi se tideime se pijetẽ miñti,https://www.ediana.gwi.uni-muenchen.de/corpus.php?corpus=lycian&docid=2,/TL 58 (Antiphellos)/2
EDIANA-LYCIAN-2,lycian,source_attributed_transcription,· 3,lycian,True,[............. ]upezide [s]ttati=tdi ẽti sbelimi sijẽni teli se lada,https://www.ediana.gwi.uni-muenchen.de/corpus.php?corpus=lycian&docid=2,/TL 58 (Antiphellos)/3
EDIANA-LYCIAN-2,lycian,source_attributed_transcription,· 4,lycian,True,[................ hrp]pi ttãna hrppi=je me=i tãti tike terihe,https://www.ediana.gwi.uni-muenchen.de/corpus.php?corpus=lycian&docid=2,/TL 58 (Antiphellos)/4
EDIANA-LYCIAN-2,lycian,source_attributed_transcription,· 5,lycian,True,[m=ene tubeiti ... trm̃m]iḷi se hppñterus mãhãi miñtehi,https://www.ediana.gwi.uni-muenchen.de/corpus.php?corpus=lycian&docid=2,/TL 58 (Antiphellos)/5
EDIANA-LYCIAN-3,lycian,source_attributed_transcription,· 1,lycian,True,ebẽñnẽ xupã me=ti=prñnawatẽ qñturahi hrppidubeh,https://www.ediana.gwi.uni-muenchen.de/corpus.php?corpus=lycian&docid=3,/TL 59 (Antiphellos)/1
EDIANA-LYCIAN-3,lycian,source_attributed_transcription,· 2,lycian,True,tideimi zimasttrah tuhes me=ij=adi tike tih!e,https://www.ediana.gwi.uni-muenchen.de/corpus.php?corpus=lycian&docid=3,/TL 59 (Antiphellos)/2
EDIANA-LYCIAN-3,lycian,source_attributed_transcription,· 3,lycian,True,zum̃m[ẽ m=ene tu]beiti muhãi huwedri,https://www.ediana.gwi.uni-muenchen.de/corpus.php?corpus=lycian&docid=3,/TL 59 (Antiphellos)/3
EDIANA-LYCIAN-4,lycian,source_attributed_transcription,· 1,lycian,True,]uwezeh tidei[mi],https://www.ediana.gwi.uni-muenchen.de/corpus.php?corpus=lycian&docid=4,/TL 60 (Antiphellos)/1
EDIANA-LYCIAN-4,lycian,source_attributed_transcription,· 2,lycian,True,hrppi atl]i se ladi se tid[eime],https://www.ediana.gwi.uni-muenchen.de/corpus.php?corpus=lycian&docid=4,/TL 60 (Antiphellos)/2
EDIANA-LYCIAN-5,lycian,source_attributed_transcription,· 1,lycian,True,[ebẽñnẽ ........ m.... pr]ñnaw[atẽ,https://www.ediana.gwi.uni-muenchen.de/corpus.php?corpus=lycian&docid=5,/TL 83 (Arneai)/1
EDIANA-LYCIAN-5,lycian,source_attributed_transcription,· 2,lycian,True,..................] : xahba,https://www.ediana.gwi.uni-muenchen.de/corpus.php?corpus=lycian&docid=5,/TL 83 (Arneai)/2
EDIANA-LYCIAN-5,lycian,source_attributed_transcription,· 3,lycian,True,[hrppi .......... e]hbi se ṃu-,https://www.ediana.gwi.uni-muenchen.de/corpus.php?corpus=lycian&docid=5,/TL 83 (Arneai)/3
EDIANA-LYCIAN-5,lycian,source_attributed_transcription,· 4,lycian,True,[............]ma asawãza[la,https://www.ediana.gwi.uni-muenchen.de/corpus.php?corpus=lycian&docid=5,/TL 83 (Arneai)/4
EDIANA-LYCIAN-5,lycian,source_attributed_transcription,· 5,lycian,True,.........] krzzubi ẽnẽ peri[klehe,https://www.ediana.gwi.uni-muenchen.de/corpus.php?corpus=lycian&docid=5,/TL 83 (Arneai)/5
EDIANA-LYCIAN-5,lycian,source_attributed_transcription,· 6,lycian,True,xñtawata me=i ñtepi ta[sñti,https://www.ediana.gwi.uni-muenchen.de/corpus.php?corpus=lycian&docid=5,/TL 83 (Arneai)/6
EDIANA-LYCIAN-5,lycian,source_attributed_transcription,· 7,lycian,True,epñ [e]pi ppu[w]ẽti tijẽi,https://www.ediana.gwi.uni-muenchen.de/corpus.php?corpus=lycian&docid=5,/TL 83 (Arneai)/7
EDIANA-LYCIAN-5,lycian,source_attributed_transcription,· 8,lycian,True,[xup]a ebe[hi] aḷãma se ladas,https://www.ediana.gwi.uni-muenchen.de/corpus.php?corpus=lycian&docid=5,/TL 83 (Arneai)/8
EDIANA-LYCIAN-5,lycian,source_attributed_transcription,· 9,lycian,True,[eb]tte[his] se laθθi ebttehi,https://www.ediana.gwi.uni-muenchen.de/corpus.php?corpus=lycian&docid=5,/TL 83 (Arneai)/9
EDIANA-LYCIAN-5,lycian,source_attributed_transcription,· 10,lycian,True,e[s]edẽñ[new]e ñte me=j=epi tadi,https://www.ediana.gwi.uni-muenchen.de/corpus.php?corpus=lycian&docid=5,/TL 83 (Arneai)/10
EDIANA-LYCIAN-5,lycian,source_attributed_transcription,· 11,lycian,True,ti[k]e [tik]e se=ije n=epi mθ.u hãti,https://www.ediana.gwi.uni-muenchen.de/corpus.php?corpus=lycian&docid=5,/TL 83 (Arneai)/11
EDIANA-LYCIAN-5,lycian,source_attributed_transcription,· 12,lycian,True,ebeila epñ xupa ppu..wẽti,https://www.ediana.gwi.uni-muenchen.de/corpus.php?corpus=lycian&docid=5,/TL 83 (Arneai)/12
EDIANA-LYCIAN-5,lycian,source_attributed_transcription,· 13,lycian,True,tijẽi ebehi tibe esedeñnewe,https://www.ediana.gwi.uni-muenchen.de/corpus.php?corpus=lycian&docid=5,/TL 83 (Arneai)/13
EDIANA-LYCIAN-5,lycian,source_attributed_transcription,· 14,lycian,True,ebttehi tibe laθθi,https://www.ediana.gwi.uni-muenchen.de/corpus.php?corpus=lycian&docid=5,/TL 83 (Arneai)/14
EDIANA-LYCIAN-5,lycian,source_attributed_transcription,· 15,lycian,True,ebttehi m=ene tubidi trqqas,https://www.ediana.gwi.uni-muenchen.de/corpus.php?corpus=lycian&docid=5,/TL 83 (Arneai)/15
EDIANA-LYCIAN-5,lycian,source_attributed_transcription,· 16,lycian,True,se itlehi trm̃mili huwedri,https://www.ediana.gwi.uni-muenchen.de/corpus.php?corpus=lycian&docid=5,/TL 83 (Arneai)/16
EDIANA-LYCIAN-6,lycian,source_attributed_transcription,· 1,lycian,True,[ebẽñnẽ] xupã me=ti prñnawatẽ [.]e[.]e ṗṇ̃ṇi[,https://www.ediana.gwi.uni-muenchen.de/corpus.php?corpus=lycian&docid=6,/N 335 (Asartaş)/1
EDIANA-LYCIAN-6,lycian,source_attributed_transcription,· 2,lycian,True,[hrppi ladi e]hbi se tideime,https://www.ediana.gwi.uni-muenchen.de/corpus.php?corpus=lycian&docid=6,/N 335 (Asartaş)/2
EDIANA-LYCIAN-7,lycian,source_attributed_transcription,· 1,lycian,True,ebẽñ[n]ẽ prñnaw[ã] m=ẽ=ti=prñnawatẽ piñteusi tewinaza idazzalah tideimi hrppi ladi,https://www.ediana.gwi.uni-muenchen.de/corpus.php?corpus=lycian&docid=7,/N 306 (Ҫağman)/1
EDIANA-LYCIAN-7,lycian,source_attributed_transcription,· 2,lycian,True,ehbi se tideime ehbije [m]=ene ñtepi tãti hrzzi prñnawi piñteusi se ladã ehbi kbi tike me ñte,https://www.ediana.gwi.uni-muenchen.de/corpus.php?corpus=lycian&docid=7,/N 306 (Ҫağman)/2
EDIANA-LYCIAN-7,lycian,source_attributed_transcription,· 3,lycian,True,ne hrij=alahadi tike atlahi tibe kbijehi hri ñte me=i alahadi tike atlahi tibe kbijehi me=i mãhãi,https://www.ediana.gwi.uni-muenchen.de/corpus.php?corpus=lycian&docid=7,/N 306 (Ҫağman)/3
EDIANA-LYCIAN-7,lycian,source_attributed_transcription,· 4,lycian,True,httẽm̃ lãtãi se heledi s=ene itlehi qãñti trm̃mili huwedri,https://www.ediana.gwi.uni-muenchen.de/corpus.php?corpus=lycian&docid=7,/N 306 (Ҫağman)/4
EDIANA-LYCIAN-8,lycian,source_attributed_transcription,· 1,lycian,True,ebẽñnẽ prñnawã me=ti=prñnawatẽ,https://www.ediana.gwi.uni-muenchen.de/corpus.php?corpus=lycian&docid=8,/TL 77 (Ҫindam)/1
EDIANA-LYCIAN-8,lycian,source_attributed_transcription,· 2,lycian,True,ñturigaxã θãi tideimi,https://www.ediana.gwi.uni-muenchen.de/corpus.php?corpus=lycian&docid=8,/TL 77 (Ҫindam)/2
EDIANA-LYCIAN-8,lycian,source_attributed_transcription,· 3,lycian,True,hrppi ladi ehbi se tideime ehbije,https://www.ediana.gwi.uni-muenchen.de/corpus.php?corpus=lycian&docid=8,/TL 77 (Ҫindam)/3
EDIANA-LYCIAN-8,lycian,source_attributed_transcription,·,lycian,True,ẽnẽ arpp!axuhe xñtawata,https://www.ediana.gwi.uni-muenchen.de/corpus.php?corpus=lycian&docid=8,/TL 77 (Ҫindam)/4
EDIANA-LYCIAN-9,lycian,source_attributed_transcription,· 1,lycian,True,mexisttẽn=ẽ ep[i],https://www.ediana.gwi.uni-muenchen.de/corpus.php?corpus=lycian&docid=9,/TL 27 (Düwer)/1
EDIANA-LYCIAN-9,lycian,source_attributed_transcription,· 2,lycian,True,tuwete atli ehbi,https://www.ediana.gwi.uni-muenchen.de/corpus.php?corpus=lycian&docid=9,/TL 27 (Düwer)/2
EDIANA-LYCIAN-9,lycian,source_attributed_transcription,· 3,lycian,True,sxxulijah tideimi,https://www.ediana.gwi.uni-muenchen.de/corpus.php?corpus=lycian&docid=9,/TL 27 (Düwer)/3
EDIANA-LYCIAN-9,lycian,source_attributed_transcription,· 4,lycian,True,sa ladi,https://www.ediana.gwi.uni-muenchen.de/corpus.php?corpus=lycian&docid=9,/TL 27 (Düwer)/4
EDIANA-LYCIAN-9,lycian,source_attributed_transcription,· 5,lycian,True,ehbi merimawaj[e],https://www.ediana.gwi.uni-muenchen.de/corpus.php?corpus=lycian&docid=9,/TL 27 (Düwer)/5
EDIANA-LYCIAN-9,lycian,source_attributed_transcription,· 6,lycian,True,petẽnẽneh tideimi,https://www.ediana.gwi.uni-muenchen.de/corpus.php?corpus=lycian&docid=9,/TL 27 (Düwer)/6
EDIANA-LYCIAN-9,lycian,source_attributed_transcription,· 7,lycian,True,se tideimi,https://www.ediana.gwi.uni-muenchen.de/corpus.php?corpus=lycian&docid=9,/TL 27 (Düwer)/7
EDIANA-LYCIAN-9,lycian,source_attributed_transcription,· 8,lycian,True,ehbi sxxulije,https://www.ediana.gwi.uni-muenchen.de/corpus.php?corpus=lycian&docid=9,/TL 27 (Düwer)/8
EDIANA-LYCIAN-10,lycian,source_attributed_transcription,·,lycian,True,apñnãtama xumetijeh tideim[i],https://www.ediana.gwi.uni-muenchen.de/corpus.php?corpus=lycian&docid=10,/N 301 (Egypt)/1
EDIANA-LYCIAN-11,lycian,source_attributed_transcription,·,lycian,True,pedrita,https://www.ediana.gwi.uni-muenchen.de/corpus.php?corpus=lycian&docid=11,/N 307 (Egypt)/1
EDIANA-LYCIAN-11,lycian,source_attributed_transcription,·,lycian,True,alixssã[tra],https://www.ediana.gwi.uni-muenchen.de/corpus.php?corpus=lycian&docid=11,/N 307 (Egypt)/3
EDIANA-LYCIAN-11,lycian,source_attributed_transcription,·,lycian,True,mal[ija],https://www.ediana.gwi.uni-muenchen.de/corpus.php?corpus=lycian&docid=11,/N 307 (Egypt)/5
EDIANA-LYCIAN-12,lycian,source_attributed_transcription,· 1,lycian,True,ebẽñnẽ prñnawã m=ene [pr]ñnawatẽ,https://www.ediana.gwi.uni-muenchen.de/corpus.php?corpus=lycian&docid=12,/TL 9 (Gülme)/1
EDIANA-LYCIAN-12,lycian,source_attributed_transcription,· 2,lycian,True,ẉẹsẹpij̇·ẹ ala{la}dahali,https://www.ediana.gwi.uni-muenchen.de/corpus.php?corpus=lycian&docid=12,/TL 9 (Gülme)/2
EDIANA-LYCIAN-13,lycian,source_attributed_transcription,· 1,lycian,True,ebẽñnẽ [,https://www.ediana.gwi.uni-muenchen.de/corpus.php?corpus=lycian&docid=13,/TL 74 (Hoiran)/1
EDIANA-LYCIAN-13,lycian,source_attributed_transcription,· 2,lycian,True,tideim[i,https://www.ediana.gwi.uni-muenchen.de/corpus.php?corpus=lycian&docid=13,/TL 74 (Hoiran)/2
EDIANA-LYCIAN-13,lycian,source_attributed_transcription,· 3,lycian,True,tibe=ije k[bi tike,https://www.ediana.gwi.uni-muenchen.de/corpus.php?corpus=lycian&docid=13,/TL 74 (Hoiran)/3
EDIANA-LYCIAN-13,lycian,source_attributed_transcription,· 4,lycian,True,tubidi e[,https://www.ediana.gwi.uni-muenchen.de/corpus.php?corpus=lycian&docid=13,/TL 74 (Hoiran)/4
EDIANA-LYCIAN-13,lycian,source_attributed_transcription,· 1,lycian,True,]e ladi [......]e[....]e partt[,https://www.ediana.gwi.uni-muenchen.de/corpus.php?corpus=lycian&docid=13,/TL 74 (Hoiran)/6
EDIANA-LYCIAN-13,lycian,source_attributed_transcription,· 2,lycian,True,]ha tr[.]u[.]uwe[..]hi wassa[,https://www.ediana.gwi.uni-muenchen.de/corpus.php?corpus=lycian&docid=13,/TL 74 (Hoiran)/7
EDIANA-LYCIAN-13,lycian,source_attributed_transcription,· 3,lycian,True,]i.[...]le kume[,https://www.ediana.gwi.uni-muenchen.de/corpus.php?corpus=lycian&docid=13,/TL 74 (Hoiran)/8
EDIANA-LYCIAN-13,lycian,source_attributed_transcription,· 1,lycian,True,[.]dabeh=ẽ me=i ẽ.ṇ̃enẽni ehbi,https://www.ediana.gwi.uni-muenchen.de/corpus.php?corpus=lycian&docid=13,/TL 74 (Hoiran)/10
EDIANA-LYCIAN-13,lycian,source_attributed_transcription,· 2,lycian,True,.dawatẽ tahe tideimi,https://www.ediana.gwi.uni-muenchen.de/corpus.php?corpus=lycian&docid=13,/TL 74 (Hoiran)/11
EDIANA-LYCIAN-13,lycian,source_attributed_transcription,· 3,lycian,True,se trbbulehe tuhẽi,https://www.ediana.gwi.uni-muenchen.de/corpus.php?corpus=lycian&docid=13,/TL 74 (Hoiran)/12
EDIANA-LYCIAN-13,lycian,source_attributed_transcription,· 4,lycian,True,se lada se tideimi,https://www.ediana.gwi.uni-muenchen.de/corpus.php?corpus=lycian&docid=13,/TL 74 (Hoiran)/13
EDIANA-LYCIAN-13,lycian,source_attributed_transcription,· 5,lycian,True,se xahba ẽkuwe,https://www.ediana.gwi.uni-muenchen.de/corpus.php?corpus=lycian&docid=13,/TL 74 (Hoiran)/14
EDIANA-LYCIAN-13,lycian,source_attributed_transcription,· 1,lycian,True,ebẽi me[,https://www.ediana.gwi.uni-muenchen.de/corpus.php?corpus=lycian&docid=13,/TL 74 (Hoiran)/16
EDIANA-LYCIAN-13,lycian,source_attributed_transcription,· 2,lycian,True,[.]keriwa ssaha,https://www.ediana.gwi.uni-muenchen.de/corpus.php?corpus=lycian&docid=13,/TL 74 (Hoiran)/17
EDIANA-LYCIAN-14,lycian,source_attributed_transcription,· 1,lycian,True,unuwẽmi ti prñnawate,https://www.ediana.gwi.uni-muenchen.de/corpus.php?corpus=lycian&docid=14,/TL 62 (Isinda)/1
EDIANA-LYCIAN-14,lycian,source_attributed_transcription,· 2,lycian,True,purihimrbbeseh tideimi,https://www.ediana.gwi.uni-muenchen.de/corpus.php?corpus=lycian&docid=14,/TL 62 (Isinda)/2
EDIANA-LYCIAN-14,lycian,source_attributed_transcription,· 3,lycian,True,hrppi ladi se tideime,https://www.ediana.gwi.uni-muenchen.de/corpus.php?corpus=lycian&docid=14,/TL 62 (Isinda)/3
EDIANA-LYCIAN-15,lycian,source_attributed_transcription,· 1,lycian,True,[h]rmaxut.wi [p]rñnawate .rpeseh,https://www.ediana.gwi.uni-muenchen.de/corpus.php?corpus=lycian&docid=15,/TL 63 (Isinda)/1
EDIANA-LYCIAN-15,lycian,source_attributed_transcription,· 2,lycian,True,[ñta]tã atli se ladi se tideime,https://www.ediana.gwi.uni-muenchen.de/corpus.php?corpus=lycian&docid=15,/TL 63 (Isinda)/2
EDIANA-LYCIAN-16,lycian,source_attributed_transcription,· 1,lycian,True,pr]ñnawã .[...................],https://www.ediana.gwi.uni-muenchen.de/corpus.php?corpus=lycian&docid=16,/TL 64 (Isinda)/1
EDIANA-LYCIAN-16,lycian,source_attributed_transcription,· 2,lycian,True,ẽnẽ xñtaw]at[a] mizrppatahe,https://www.ediana.gwi.uni-muenchen.de/corpus.php?corpus=lycian&docid=16,/TL 64 (Isinda)/2
EDIANA-LYCIAN-17,lycian,source_attributed_transcription,· Isinda TL 65,lycian,True,(Greek-Lycian Composition),https://www.ediana.gwi.uni-muenchen.de/corpus.php?corpus=lycian&docid=17,/TL 65 (Isinda)/0
EDIANA-LYCIAN-17,lycian,source_attributed_transcription,· 1,lycian,True,[.................................],https://www.ediana.gwi.uni-muenchen.de/corpus.php?corpus=lycian&docid=17,/TL 65 (Isinda)/1
EDIANA-LYCIAN-17,lycian,source_attributed_transcription,· 2,lycian,True,[...........]h[..................]d[.],https://www.ediana.gwi.uni-muenchen.de/corpus.php?corpus=lycian&docid=17,/TL 65 (Isinda)/2
EDIANA-LYCIAN-17,lycian,source_attributed_transcription,· 3,lycian,True,[..]il[....]it[..] tuwete uwe[..]e[....]i,https://www.ediana.gwi.uni-muenchen.de/corpus.php?corpus=lycian&docid=17,/TL 65 (Isinda)/3
EDIANA-LYCIAN-17,lycian,source_attributed_transcription,· 4,lycian,True,ije[.....]in[.]it[......]..se se=ñn[e ...],https://www.ediana.gwi.uni-muenchen.de/corpus.php?corpus=lycian&docid=17,/TL 65 (Isinda)/4
EDIANA-LYCIAN-17,lycian,source_attributed_transcription,· 5,lycian,True,[....]rp. [..]t[.]ha .ezataḍ[..]d[....],https://www.ediana.gwi.uni-muenchen.de/corpus.php?corpus=lycian&docid=17,/TL 65 (Isinda)/5
EDIANA-LYCIAN-17,lycian,source_attributed_transcription,· 6,lycian,True,[...]uppa[..]. se hubleḥi se [...]ti ade [..],https://www.ediana.gwi.uni-muenchen.de/corpus.php?corpus=lycian&docid=17,/TL 65 (Isinda)/6
EDIANA-LYCIAN-17,lycian,source_attributed_transcription,· 7,lycian,True,.ãnãi se tm̃peri se pttuh[.] aitehi dd-[..]u[...]rbbahe,https://www.ediana.gwi.uni-muenchen.de/corpus.php?corpus=lycian&docid=17,/TL 65 (Isinda)/7
EDIANA-LYCIAN-17,lycian,source_attributed_transcription,· 8,lycian,True,ti=je pttule teli xe[zix]i,https://www.ediana.gwi.uni-muenchen.de/corpus.php?corpus=lycian&docid=17,/TL 65 (Isinda)/8
EDIANA-LYCIAN-17,lycian,source_attributed_transcription,· 9,lycian,True,..[.........] itazi=ti adai k[..],https://www.ediana.gwi.uni-muenchen.de/corpus.php?corpus=lycian&docid=17,/TL 65 (Isinda)/9
EDIANA-LYCIAN-17,lycian,source_attributed_transcription,· 10,lycian,True,[................]me..e a itazi m..eli[..],https://www.ediana.gwi.uni-muenchen.de/corpus.php?corpus=lycian&docid=17,/TL 65 (Isinda)/10
EDIANA-LYCIAN-17,lycian,source_attributed_transcription,· 11,lycian,True,[..................]i tisñ trbbeli,https://www.ediana.gwi.uni-muenchen.de/corpus.php?corpus=lycian&docid=17,/TL 65 (Isinda)/11
EDIANA-LYCIAN-17,lycian,source_attributed_transcription,· 12,lycian,True,[............. ku]mezeini teteri,https://www.ediana.gwi.uni-muenchen.de/corpus.php?corpus=lycian&docid=17,/TL 65 (Isinda)/12
EDIANA-LYCIAN-17,lycian,source_attributed_transcription,· 13,lycian,True,[......] tuw[..].[.. x]ezi[x=e]ne uw[e]di,https://www.ediana.gwi.uni-muenchen.de/corpus.php?corpus=lycian&docid=17,/TL 65 (Isinda)/13
EDIANA-LYCIAN-17,lycian,source_attributed_transcription,· 14,lycian,True,[.....]edi [...]aziti up[.]e[..]i [..]mi m[.],https://www.ediana.gwi.uni-muenchen.de/corpus.php?corpus=lycian&docid=17,/TL 65 (Isinda)/14
EDIANA-LYCIAN-17,lycian,source_attributed_transcription,· 15,lycian,True,[...]e[.].iti se uhe xezi[x]ahe teteri,https://www.ediana.gwi.uni-muenchen.de/corpus.php?corpus=lycian&docid=17,/TL 65 (Isinda)/15
EDIANA-LYCIAN-17,lycian,source_attributed_transcription,· 16,lycian,True,[....]..ra mla ..beija iti urubi wa-,https://www.ediana.gwi.uni-muenchen.de/corpus.php?corpus=lycian&docid=17,/TL 65 (Isinda)/16
EDIANA-LYCIAN-17,lycian,source_attributed_transcription,· 17,lycian,True,[........ ]esehi z..astti xezixa se,https://www.ediana.gwi.uni-muenchen.de/corpus.php?corpus=lycian&docid=17,/TL 65 (Isinda)/17
EDIANA-LYCIAN-17,lycian,source_attributed_transcription,· 18,lycian,True,[........]e.eteiti m̃mẽti teteri i.-[....]t..,https://www.ediana.gwi.uni-muenchen.de/corpus.php?corpus=lycian&docid=17,/TL 65 (Isinda)/18
EDIANA-LYCIAN-17,lycian,source_attributed_transcription,· 19,lycian,True,. trq[q]ñti se [q]laj=ebi ddewez[...],https://www.ediana.gwi.uni-muenchen.de/corpus.php?corpus=lycian&docid=17,/TL 65 (Isinda)/19
EDIANA-LYCIAN-17,lycian,source_attributed_transcription,· 20,lycian,True,se trm̃milije .uwe.ile xezixahe,https://www.ediana.gwi.uni-muenchen.de/corpus.php?corpus=lycian&docid=17,/TL 65 (Isinda)/20
EDIANA-LYCIAN-17,lycian,source_attributed_transcription,· 21,lycian,True,[.......]ẽ kumeze!iti teteri i[s]ñt[.],https://www.ediana.gwi.uni-muenchen.de/corpus.php?corpus=lycian&docid=17,/TL 65 (Isinda)/21
EDIANA-LYCIAN-17,lycian,source_attributed_transcription,· 22,lycian,True,[....]..re km̃m. .a.. ne=we me=i kumaz[a-,https://www.ediana.gwi.uni-muenchen.de/corpus.php?corpus=lycian&docid=17,/TL 65 (Isinda)/22
EDIANA-LYCIAN-17,lycian,source_attributed_transcription,· 23,lycian,True,[..... ]ipihesi me=i ne httemi tr[qqñtahi],https://www.ediana.gwi.uni-muenchen.de/corpus.php?corpus=lycian&docid=17,/TL 65 (Isinda)/23
EDIANA-LYCIAN-17,lycian,source_attributed_transcription,· 24,lycian,True,se qlahi ebij[e]hi ddewezehi,https://www.ediana.gwi.uni-muenchen.de/corpus.php?corpus=lycian&docid=17,/TL 65 (Isinda)/24
EDIANA-LYCIAN-17,lycian,source_attributed_transcription,· 25,lycian,True,[..... e]sehi trm̃mili esehi,https://www.ediana.gwi.uni-muenchen.de/corpus.php?corpus=lycian&docid=17,/TL 65 (Isinda)/25
EDIANA-LYCIAN-18,lycian,source_attributed_transcription,· 1,lycian,True,xazi se tihete ade sttq,https://www.ediana.gwi.uni-muenchen.de/corpus.php?corpus=lycian&docid=18,/N 323 (Istanbul)/1
EDIANA-LYCIAN-18,lycian,source_attributed_transcription,· 2,lycian,True,xñtaiba ñazrtum..niiusj,https://www.ediana.gwi.uni-muenchen.de/corpus.php?corpus=lycian&docid=18,/N 323 (Istanbul)/2
EDIANA-LYCIAN-18,lycian,source_attributed_transcription,· 3,lycian,True,a[.]n.e[.......]nttañ.i[.]eh,https://www.ediana.gwi.uni-muenchen.de/corpus.php?corpus=lycian&docid=18,/N 323 (Istanbul)/3
EDIANA-LYCIAN-18,lycian,source_attributed_transcription,· 4,lycian,True,zzezubeje adru,https://www.ediana.gwi.uni-muenchen.de/corpus.php?corpus=lycian&docid=18,/N 323 (Istanbul)/4
EDIANA-LYCIAN-18,lycian,source_attributed_transcription,· 5,lycian,True,..awu,https://www.ediana.gwi.uni-muenchen.de/corpus.php?corpus=lycian&docid=18,/N 323 (Istanbul)/5
EDIANA-LYCIAN-19,lycian,source_attributed_transcription,· 1,lycian,True,upạẓịj̇·=ẽne prñnawate,https://www.ediana.gwi.uni-muenchen.de/corpus.php?corpus=lycian&docid=19,/TL 31 (Kadyanda)/1
EDIANA-LYCIAN-19,lycian,source_attributed_transcription,· 2,lycian,True,hrppi : prñnezi ehbi,https://www.ediana.gwi.uni-muenchen.de/corpus.php?corpus=lycian&docid=19,/TL 31 (Kadyanda)/2
EDIANA-LYCIAN-19,lycian,source_attributed_transcription,· 3,lycian,True,se=ije ñta tãtẽ,https://www.ediana.gwi.uni-muenchen.de/corpus.php?corpus=lycian&docid=19,/TL 31 (Kadyanda)/3
EDIANA-LYCIAN-19,lycian,source_attributed_transcription,· 4,lycian,True,tasa miñta meleime,https://www.ediana.gwi.uni-muenchen.de/corpus.php?corpus=lycian&docid=19,/TL 31 (Kadyanda)/4
EDIANA-LYCIAN-19,lycian,source_attributed_transcription,· 5,lycian,True,se[j]=aladahali,https://www.ediana.gwi.uni-muenchen.de/corpus.php?corpus=lycian&docid=19,/TL 31 (Kadyanda)/5
EDIANA-LYCIAN-19,lycian,source_attributed_transcription,· 6,lycian,True,ada III–,https://www.ediana.gwi.uni-muenchen.de/corpus.php?corpus=lycian&docid=19,/TL 31 (Kadyanda)/6
EDIANA-LYCIAN-20,lycian,source_attributed_transcription,·,lycian,True,zzalahe ladã,https://www.ediana.gwi.uni-muenchen.de/corpus.php?corpus=lycian&docid=20,/TL 32 (Kadyanda)/1
EDIANA-LYCIAN-20,lycian,source_attributed_transcription,· 1,greek_script_parallel_candidate,False,Σαλας,https://www.ediana.gwi.uni-muenchen.de/corpus.php?corpus=lycian&docid=20,/TL 32 (Kadyanda)/3
EDIANA-LYCIAN-20,lycian,source_attributed_transcription,· 2,lycian,True,zzala,https://www.ediana.gwi.uni-muenchen.de/corpus.php?corpus=lycian&docid=20,/TL 32 (Kadyanda)/4
EDIANA-LYCIAN-20,lycian,source_attributed_transcription,·,lycian,True,mi[zu],https://www.ediana.gwi.uni-muenchen.de/corpus.php?corpus=lycian&docid=20,/TL 32 (Kadyanda)/6
EDIANA-LYCIAN-20,lycian,source_attributed_transcription,·,greek_script_parallel_candidate,False,Μέσος,https://www.ediana.gwi.uni-muenchen.de/corpus.php?corpus=lycian&docid=20,/TL 32 (Kadyanda)/8
EDIANA-LYCIAN-20,lycian,source_attributed_transcription,· 1,lycian,True,ekatamla,https://www.ediana.gwi.uni-muenchen.de/corpus.php?corpus=lycian&docid=20,/TL 32 (Kadyanda)/10
EDIANA-LYCIAN-20,lycian,source_attributed_transcription,· 1,greek_script_parallel_candidate,False,Ἑκατομνας,https://www.ediana.gwi.uni-muenchen.de/corpus.php?corpus=lycian&docid=20,/TL 32 (Kadyanda)/13
EDIANA-LYCIAN-20,lycian,source_attributed_transcription,·,greek_script_parallel_candidate,False,Σεσκως,https://www.ediana.gwi.uni-muenchen.de/corpus.php?corpus=lycian&docid=20,/TL 32 (Kadyanda)/16
EDIANA-LYCIAN-20,lycian,source_attributed_transcription,·,lycian,True,zisqqa,https://www.ediana.gwi.uni-muenchen.de/corpus.php?corpus=lycian&docid=20,/TL 32 (Kadyanda)/18
EDIANA-LYCIAN-20,lycian,source_attributed_transcription,· 1,lycian,True,ikkwem[i],https://www.ediana.gwi.uni-muenchen.de/corpus.php?corpus=lycian&docid=20,/TL 32 (Kadyanda)/20
EDIANA-LYCIAN-20,lycian,source_attributed_transcription,· 2,greek_script_parallel_candidate,False,Ἐνδυομις,https://www.ediana.gwi.uni-muenchen.de/corpus.php?corpus=lycian&docid=20,/TL 32 (Kadyanda)/21
EDIANA-LYCIAN-20,lycian,source_attributed_transcription,·,greek_script_parallel_candidate,False,Κπαραμω,https://www.ediana.gwi.uni-muenchen.de/corpus.php?corpus=lycian&docid=20,/TL 32 (Kadyanda)/23
EDIANA-LYCIAN-20,lycian,source_attributed_transcription,·,lycian,True,xpparama,https://www.ediana.gwi.uni-muenchen.de/corpus.php?corpus=lycian&docid=20,/TL 32 (Kadyanda)/25
EDIANA-LYCIAN-20,lycian,source_attributed_transcription,· 1,lycian,True,mula,https://www.ediana.gwi.uni-muenchen.de/corpus.php?corpus=lycian&docid=20,/TL 32 (Kadyanda)/27
EDIANA-LYCIAN-20,lycian,source_attributed_transcription,· 2,greek_script_parallel_candidate,False,Μολας,https://www.ediana.gwi.uni-muenchen.de/corpus.php?corpus=lycian&docid=20,/TL 32 (Kadyanda)/28
EDIANA-LYCIAN-20,lycian,source_attributed_transcription,· 1,greek_script_parallel_candidate,False,Ἐκατομνας,https://www.ediana.gwi.uni-muenchen.de/corpus.php?corpus=lycian&docid=20,/TL 32 (Kadyanda)/30
EDIANA-LYCIAN-20,lycian,source_attributed_transcription,· 3,lycian,True,[e]katamla,https://www.ediana.gwi.uni-muenchen.de/corpus.php?corpus=lycian&docid=20,/TL 32 (Kadyanda)/32
EDIANA-LYCIAN-20,lycian,source_attributed_transcription,·,greek_script_parallel_candidate,False,Σηο,https://www.ediana.gwi.uni-muenchen.de/corpus.php?corpus=lycian&docid=20,/TL 32 (Kadyanda)/35
EDIANA-LYCIAN-20,lycian,source_attributed_transcription,·,lycian,True,s[se]wa,https://www.ediana.gwi.uni-muenchen.de/corpus.php?corpus=lycian&docid=20,/TL 32 (Kadyanda)/37
EDIANA-LYCIAN-20,lycian,source_attributed_transcription,· 1,lycian,True,[.....],https://www.ediana.gwi.uni-muenchen.de/corpus.php?corpus=lycian&docid=20,/TL 32 (Kadyanda)/39
EDIANA-LYCIAN-20,lycian,source_attributed_transcription,· 2,lycian,True,turlli,https://www.ediana.gwi.uni-muenchen.de/corpus.php?corpus=lycian&docid=20,/TL 32 (Kadyanda)/40
EDIANA-LYCIAN-20,lycian,source_attributed_transcription,· 1,lycian,True,zzalah[e],https://www.ediana.gwi.uni-muenchen.de/corpus.php?corpus=lycian&docid=20,/TL 32 (Kadyanda)/42
EDIANA-LYCIAN-20,lycian,source_attributed_transcription,· 2,lycian,True,e.i.e,https://www.ediana.gwi.uni-muenchen.de/corpus.php?corpus=lycian&docid=20,/TL 32 (Kadyanda)/43
EDIANA-LYCIAN-20,lycian,source_attributed_transcription,· 1,lycian,True,mizu,https://www.ediana.gwi.uni-muenchen.de/corpus.php?corpus=lycian&docid=20,/TL 32 (Kadyanda)/45
EDIANA-LYCIAN-20,lycian,source_attributed_transcription,· 3,greek_script_parallel_candidate,False,Μέσος,https://www.ediana.gwi.uni-muenchen.de/corpus.php?corpus=lycian&docid=20,/TL 32 (Kadyanda)/47
EDIANA-LYCIAN-20,lycian,source_attributed_transcription,· 1,lycian,True,zzala,https://www.ediana.gwi.uni-muenchen.de/corpus.php?corpus=lycian&docid=20,/TL 32 (Kadyanda)/49
EDIANA-LYCIAN-20,lycian,source_attributed_transcription,· 2,greek_script_parallel_candidate,False,Σαλας,https://www.ediana.gwi.uni-muenchen.de/corpus.php?corpus=lycian&docid=20,/TL 32 (Kadyanda)/50
EDIANA-LYCIAN-20,lycian,source_attributed_transcription,·,lycian,True,wasube,https://www.ediana.gwi.uni-muenchen.de/corpus.php?corpus=lycian&docid=20,/TL 32 (Kadyanda)/52
EDIANA-LYCIAN-20,lycian,source_attributed_transcription,· 1,lycian,True,idazzala,https://www.ediana.gwi.uni-muenchen.de/corpus.php?corpus=lycian&docid=20,/TL 32 (Kadyanda)/54
EDIANA-LYCIAN-20,lycian,source_attributed_transcription,· 2,greek_script_parallel_candidate,False,Εἰδασσαλα,https://www.ediana.gwi.uni-muenchen.de/corpus.php?corpus=lycian&docid=20,/TL 32 (Kadyanda)/55
EDIANA-LYCIAN-20,lycian,source_attributed_transcription,·,lycian,True,xuna.a,https://www.ediana.gwi.uni-muenchen.de/corpus.php?corpus=lycian&docid=20,/TL 32 (Kadyanda)/58
EDIANA-LYCIAN-20,lycian,source_attributed_transcription,·,greek_script_parallel_candidate,False,Ἕκτωρ,https://www.ediana.gwi.uni-muenchen.de/corpus.php?corpus=lycian&docid=20,/TL 32 (Kadyanda)/60
EDIANA-LYCIAN-20,lycian,source_attributed_transcription,· 1,lycian,True,...u,https://www.ediana.gwi.uni-muenchen.de/corpus.php?corpus=lycian&docid=20,/TL 32 (Kadyanda)/62
EDIANA-LYCIAN-20,lycian,source_attributed_transcription,· 2,lycian,True,..et.,https://www.ediana.gwi.uni-muenchen.de/corpus.php?corpus=lycian&docid=20,/TL 32 (Kadyanda)/63
EDIANA-LYCIAN-20,lycian,source_attributed_transcription,· 3,lycian,True,zz),https://www.ediana.gwi.uni-muenchen.de/corpus.php?corpus=lycian&docid=20,/TL 32 (Kadyanda)/64
EDIANA-LYCIAN-20,lycian,source_attributed_transcription,· 4,lycian,True,...as,https://www.ediana.gwi.uni-muenchen.de/corpus.php?corpus=lycian&docid=20,/TL 32 (Kadyanda)/65
EDIANA-LYCIAN-21,lycian,source_attributed_transcription,· 1,lycian,True,uzeblẽmi,https://www.ediana.gwi.uni-muenchen.de/corpus.php?corpus=lycian&docid=21,/TL 33 (Kadyanda)/1
EDIANA-LYCIAN-21,lycian,source_attributed_transcription,· 2,lycian,True,p!rñnwatẽ,https://www.ediana.gwi.uni-muenchen.de/corpus.php?corpus=lycian&docid=21,/TL 33 (Kadyanda)/2
EDIANA-LYCIAN-21,lycian,source_attributed_transcription,· 3,lycian,True,rñsp. ebẽnnẽ,https://www.ediana.gwi.uni-muenchen.de/corpus.php?corpus=lycian&docid=21,/TL 33 (Kadyanda)/3
EDIANA-LYCIAN-21,lycian,source_attributed_transcription,· 4,lycian,True,t[.....],https://www.ediana.gwi.uni-muenchen.de/corpus.php?corpus=lycian&docid=21,/TL 33 (Kadyanda)/4
EDIANA-LYCIAN-21,lycian,source_attributed_transcription,· 5,lycian,True,[.]ñ[,https://www.ediana.gwi.uni-muenchen.de/corpus.php?corpus=lycian&docid=21,/TL 33 (Kadyanda)/5
EDIANA-LYCIAN-22,lycian,source_attributed_transcription,· 1,lycian,True,[.]b[...]i[..]d[.]alaha tuwa[t]a=ti=je,https://www.ediana.gwi.uni-muenchen.de/corpus.php?corpus=lycian&docid=22,/TL 34 (Kadyanda)/1
EDIANA-LYCIAN-22,lycian,source_attributed_transcription,· 2,lycian,True,.e[..]z.la sseweh,https://www.ediana.gwi.uni-muenchen.de/corpus.php?corpus=lycian&docid=22,/TL 34 (Kadyanda)/2
EDIANA-LYCIAN-22,lycian,source_attributed_transcription,· 3,lycian,True,tideimi [..........]a,https://www.ediana.gwi.uni-muenchen.de/corpus.php?corpus=lycian&docid=22,/TL 34 (Kadyanda)/3
EDIANA-LYCIAN-22,lycian,source_attributed_transcription,· 4,lycian,True,l[...]azi.[......]ã zzad[.],https://www.ediana.gwi.uni-muenchen.de/corpus.php?corpus=lycian&docid=22,/TL 34 (Kadyanda)/4
EDIANA-LYCIAN-22,lycian,source_attributed_transcription,· 5,lycian,True,ki[...]i.r[.].a,https://www.ediana.gwi.uni-muenchen.de/corpus.php?corpus=lycian&docid=22,/TL 34 (Kadyanda)/5
EDIANA-LYCIAN-23,lycian,source_attributed_transcription,· 1,lycian,True,ebẽñnẽ m=ene=prñnawatẽ xurijãna,https://www.ediana.gwi.uni-muenchen.de/corpus.php?corpus=lycian&docid=23,/TL 81 (Kandyba)/1
EDIANA-LYCIAN-23,lycian,source_attributed_transcription,· 2,lycian,True,hrppi ladi ehbi se tideime,https://www.ediana.gwi.uni-muenchen.de/corpus.php?corpus=lycian&docid=23,/TL 81 (Kandyba)/2
EDIANA-LYCIAN-24,lycian,source_attributed_transcription,·,lycian,True,m]uhube kerθθis habudah tideimi pertinah tuhes,https://www.ediana.gwi.uni-muenchen.de/corpus.php?corpus=lycian&docid=24,/TL 82 (Kandyba)/1
EDIANA-LYCIAN-25,lycian,source_attributed_transcription,· Karmylessos TL 6,lycian,True,(Greek-Lycian Bilingual),https://www.ediana.gwi.uni-muenchen.de/corpus.php?corpus=lycian&docid=25,/TL 6 (Karmylessos)/0
EDIANA-LYCIAN-25,lycian,source_attributed_transcription,· 1,lycian,True,ebẽñnẽ ñtatã m=e[n]e prñnawãtẽ pulenjda mullịj̇·eseh se dapara pulenjdah purihimetehe,https://www.ediana.gwi.uni-muenchen.de/corpus.php?corpus=lycian&docid=25,/TL 6 (Karmylessos)/1
EDIANA-LYCIAN-25,lycian,source_attributed_transcription,· 2,lycian,True,prñnezijehi lada epttehe se tideime se=ije=ti=seri tadi,https://www.ediana.gwi.uni-muenchen.de/corpus.php?corpus=lycian&docid=25,/TL 6 (Karmylessos)/2
EDIANA-LYCIAN-25,lycian,source_attributed_transcription,· 3,lycian,True,tike ñtat[a] ebehi me=ije [tu]ḅeịṭi punamaθθị aladahali ada ＜,https://www.ediana.gwi.uni-muenchen.de/corpus.php?corpus=lycian&docid=25,/TL 6 (Karmylessos)/3
EDIANA-LYCIAN-26,lycian,source_attributed_transcription,· 1,lycian,True,ebẽñnẽ xupã m=ene=prñnawatẽ,https://www.ediana.gwi.uni-muenchen.de/corpus.php?corpus=lycian&docid=26,/TL 7 (Karmylessos)/1
EDIANA-LYCIAN-26,lycian,source_attributed_transcription,· 2,lycian,True,trijẽ[tezi] s=ene=pijet[ẽ],https://www.ediana.gwi.uni-muenchen.de/corpus.php?corpus=lycian&docid=26,/TL 7 (Karmylessos)/2
EDIANA-LYCIAN-26,lycian,source_attributed_transcription,· 3,lycian,True,ladi eh[b]i se tideime,https://www.ediana.gwi.uni-muenchen.de/corpus.php?corpus=lycian&docid=26,/TL 7 (Karmylessos)/3
EDIANA-LYCIAN-27,lycian,source_attributed_transcription,· 1,lycian,True,ebẽñnẽ xupã m=ene=prñnawatẽ,https://www.ediana.gwi.uni-muenchen.de/corpus.php?corpus=lycian&docid=27,/TL 8 (Karmylessos)/1
EDIANA-LYCIAN-27,lycian,source_attributed_transcription,· 2,lycian,True,trijẽtezi s=ene=pijetẽ,https://www.ediana.gwi.uni-muenchen.de/corpus.php?corpus=lycian&docid=27,/TL 8 (Karmylessos)/2
EDIANA-LYCIAN-27,lycian,source_attributed_transcription,· 3,lycian,True,nẽne ehbije se tuhe,https://www.ediana.gwi.uni-muenchen.de/corpus.php?corpus=lycian&docid=27,/TL 8 (Karmylessos)/3
EDIANA-LYCIAN-28,lycian,source_attributed_transcription,· 1,lycian,True,ebẽñnẽ xupã m=ene prñnawatẽ xakbija hrppi ladi ehbi se tide[i]me,https://www.ediana.gwi.uni-muenchen.de/corpus.php?corpus=lycian&docid=28,/TL 80 (Kaş)/1
EDIANA-LYCIAN-28,lycian,source_attributed_transcription,· 2,lycian,True,se=i ni ñtepi tãtu tike ne=de xuwati=ti ne me=i m=ene,https://www.ediana.gwi.uni-muenchen.de/corpus.php?corpus=lycian&docid=28,/TL 80 (Kaş)/2
EDIANA-LYCIAN-28,lycian,source_attributed_transcription,· 3,lycian,True,[trq]&lt;q&gt;as tubidi se malija hrixuwama,https://www.ediana.gwi.uni-muenchen.de/corpus.php?corpus=lycian&docid=28,/TL 80 (Kaş)/3
EDIANA-LYCIAN-29,lycian,source_attributed_transcription,· 1,lycian,True,ebẽñ[nẽ,https://www.ediana.gwi.uni-muenchen.de/corpus.php?corpus=lycian&docid=29,/N 321 (Kaş)/1
EDIANA-LYCIAN-29,lycian,source_attributed_transcription,· 2,lycian,True,tehe,https://www.ediana.gwi.uni-muenchen.de/corpus.php?corpus=lycian&docid=29,/N 321 (Kaş)/2
EDIANA-LYCIAN-29,lycian,source_attributed_transcription,· 3,lycian,True,ladã eh[bi,https://www.ediana.gwi.uni-muenchen.de/corpus.php?corpus=lycian&docid=29,/N 321 (Kaş)/3
EDIANA-LYCIAN-29,lycian,source_attributed_transcription,· 4,lycian,True,zi tike,https://www.ediana.gwi.uni-muenchen.de/corpus.php?corpus=lycian&docid=29,/N 321 (Kaş)/4
EDIANA-LYCIAN-29,lycian,source_attributed_transcription,· 5,lycian,True,melitẽ[(-),https://www.ediana.gwi.uni-muenchen.de/corpus.php?corpus=lycian&docid=29,/N 321 (Kaş)/5
EDIANA-LYCIAN-30,lycian,source_attributed_transcription,· 1,lycian,True,xupã,https://www.ediana.gwi.uni-muenchen.de/corpus.php?corpus=lycian&docid=30,/N 314 (Kızılca)/1
EDIANA-LYCIAN-30,lycian,source_attributed_transcription,· 2,lycian,True,ebẽñni,https://www.ediana.gwi.uni-muenchen.de/corpus.php?corpus=lycian&docid=30,/N 314 (Kızılca)/2
EDIANA-LYCIAN-30,lycian,source_attributed_transcription,· 3,lycian,True,m=en=adẽ,https://www.ediana.gwi.uni-muenchen.de/corpus.php?corpus=lycian&docid=30,/N 314 (Kızılca)/3
EDIANA-LYCIAN-30,lycian,source_attributed_transcription,· 4,lycian,True,masauwẽti,https://www.ediana.gwi.uni-muenchen.de/corpus.php?corpus=lycian&docid=30,/N 314 (Kızılca)/4
EDIANA-LYCIAN-30,lycian,source_attributed_transcription,· 5,lycian,True,mejereh,https://www.ediana.gwi.uni-muenchen.de/corpus.php?corpus=lycian&docid=30,/N 314 (Kızılca)/5
EDIANA-LYCIAN-30,lycian,source_attributed_transcription,· 6,lycian,True,[t]ideimi,https://www.ediana.gwi.uni-muenchen.de/corpus.php?corpus=lycian&docid=30,/N 314 (Kızılca)/6
EDIANA-LYCIAN-30,lycian,source_attributed_transcription,· 7,lycian,True,[ẽ]ti xñtawata,https://www.ediana.gwi.uni-muenchen.de/corpus.php?corpus=lycian&docid=30,/N 314 (Kızılca)/7
EDIANA-LYCIAN-30,lycian,source_attributed_transcription,· 8,lycian,True,[p]eriklehe,https://www.ediana.gwi.uni-muenchen.de/corpus.php?corpus=lycian&docid=30,/N 314 (Kızılca)/8
EDIANA-LYCIAN-30,lycian,source_attributed_transcription,· 1,lycian,True,xupa ebehi,https://www.ediana.gwi.uni-muenchen.de/corpus.php?corpus=lycian&docid=30,/N 314 (Kızılca)/10
EDIANA-LYCIAN-30,lycian,source_attributed_transcription,· 2,lycian,True,ti=jj=adi tike,https://www.ediana.gwi.uni-muenchen.de/corpus.php?corpus=lycian&docid=30,/N 314 (Kızılca)/11
EDIANA-LYCIAN-30,lycian,source_attributed_transcription,· 3,lycian,True,zum̃mẽ tihe,https://www.ediana.gwi.uni-muenchen.de/corpus.php?corpus=lycian&docid=30,/N 314 (Kızılca)/12
EDIANA-LYCIAN-30,lycian,source_attributed_transcription,· 4,lycian,True,m=ene tubidi,https://www.ediana.gwi.uni-muenchen.de/corpus.php?corpus=lycian&docid=30,/N 314 (Kızılca)/13
EDIANA-LYCIAN-30,lycian,source_attributed_transcription,· 5,lycian,True,eti ebehẽ,https://www.ediana.gwi.uni-muenchen.de/corpus.php?corpus=lycian&docid=30,/N 314 (Kızılca)/14
EDIANA-LYCIAN-30,lycian,source_attributed_transcription,· 6,lycian,True,xaxakba,https://www.ediana.gwi.uni-muenchen.de/corpus.php?corpus=lycian&docid=30,/N 314 (Kızılca)/15
EDIANA-LYCIAN-31,lycian,source_attributed_transcription,· 1,greek_script_parallel_candidate,False,Σαπια Μαναπιμ[ι]ος,https://www.ediana.gwi.uni-muenchen.de/corpus.php?corpus=lycian&docid=31,/N 302 (Korydalla)/1
EDIANA-LYCIAN-31,lycian,source_attributed_transcription,· 2,lycian,True,ssepije mahanepi[jemeh tideimi me],https://www.ediana.gwi.uni-muenchen.de/corpus.php?corpus=lycian&docid=31,/N 302 (Korydalla)/2
EDIANA-LYCIAN-31,lycian,source_attributed_transcription,· 3,lycian,True,=ti prñnawatẽ araw[azija ebeija hr]ppi,https://www.ediana.gwi.uni-muenchen.de/corpus.php?corpus=lycian&docid=31,/N 302 (Korydalla)/3
EDIANA-LYCIAN-31,lycian,source_attributed_transcription,· 4,lycian,True,atli ehbi se l[adi ehbi ..... se],https://www.ediana.gwi.uni-muenchen.de/corpus.php?corpus=lycian&docid=31,/N 302 (Korydalla)/4
EDIANA-LYCIAN-31,lycian,source_attributed_transcription,· 5,lycian,True,tideimi ehbi tah[i se xahba ehbije],https://www.ediana.gwi.uni-muenchen.de/corpus.php?corpus=lycian&docid=31,/N 302 (Korydalla)/5
EDIANA-LYCIAN-32,lycian,source_attributed_transcription,· 1,lycian,True,ipresida◊ arm̃pa◊,https://www.ediana.gwi.uni-muenchen.de/corpus.php?corpus=lycian&docid=32,/TL 69 (Kyana)/1
EDIANA-LYCIAN-32,lycian,source_attributed_transcription,· 2,lycian,True,tideimi tubure◊,https://www.ediana.gwi.uni-muenchen.de/corpus.php?corpus=lycian&docid=32,/TL 69 (Kyana)/2
EDIANA-LYCIAN-33,lycian,source_attributed_transcription,· 1,lycian,True,ebẽñnẽ xupã m=ene prñnaw!atẽ,https://www.ediana.gwi.uni-muenchen.de/corpus.php?corpus=lycian&docid=33,/TL 70 (Kyana)/1
EDIANA-LYCIAN-33,lycian,source_attributed_transcription,· 2,lycian,True,sbikaza xñtanubeh tideimi,https://www.ediana.gwi.uni-muenchen.de/corpus.php?corpus=lycian&docid=33,/TL 70 (Kyana)/2
EDIANA-LYCIAN-33,lycian,source_attributed_transcription,· 3,lycian,True,temusemutah tuhes,https://www.ediana.gwi.uni-muenchen.de/corpus.php?corpus=lycian&docid=33,/TL 70 (Kyana)/3
EDIANA-LYCIAN-33,lycian,source_attributed_transcription,· 4,greek_script_parallel_candidate,False,Σπιγασα,https://www.ediana.gwi.uni-muenchen.de/corpus.php?corpus=lycian&docid=33,/TL 70 (Kyana)/4
EDIANA-LYCIAN-34,lycian,source_attributed_transcription,· 1,lycian,True,[ebẽñ]ni xu[pã m]=en=adẽ [..]ãni i.mm.[...]u.be[..]i[.]nei[.]e[,https://www.ediana.gwi.uni-muenchen.de/corpus.php?corpus=lycian&docid=34,/TL 71 (Kyana)/1
EDIANA-LYCIAN-34,lycian,source_attributed_transcription,· 2,lycian,True,[..]τe[..........]tim[.]di[.].i..[.....]i[...].[..]uk[..]me[..].iτl[,https://www.ediana.gwi.uni-muenchen.de/corpus.php?corpus=lycian&docid=34,/TL 71 (Kyana)/2
EDIANA-LYCIAN-34,lycian,source_attributed_transcription,· 3,lycian,True,[............]rm̃m[..]ijẽ tike [.......]n[,https://www.ediana.gwi.uni-muenchen.de/corpus.php?corpus=lycian&docid=34,/TL 71 (Kyana)/3
EDIANA-LYCIAN-35,lycian,source_attributed_transcription,· Kyana TL 72,lycian,True,(Greek-Lycian Bilingual),https://www.ediana.gwi.uni-muenchen.de/corpus.php?corpus=lycian&docid=35,/TL 72 (Kyana)/0
EDIANA-LYCIAN-35,lycian,source_attributed_transcription,·,lycian,True,ebẽñnẽ τezi m=ẽne ñte tuwetẽ xudali[j]ẽ murãzah tideimi hrppi dem[......]maza se=ije=[ti]=adi tike mẽtẽ m=ẽne mahãi : tubeiti : nelez[i] [,https://www.ediana.gwi.uni-muenchen.de/corpus.php?corpus=lycian&docid=35,/TL 72 (Kyana)/1
EDIANA-LYCIAN-36,lycian,source_attributed_transcription,·,lycian,True,ebẽñnẽ prñnawã m=ẽne prñnawatẽ xudrehila hrppi ladi ehbi,https://www.ediana.gwi.uni-muenchen.de/corpus.php?corpus=lycian&docid=36,/TL 73 (Kyana)/1
EDIANA-LYCIAN-37,lycian,source_attributed_transcription,· 1,lycian,True,pizzi=ti prñnawate : [ddep]ṇ̃neweh tideimi hrppi,https://www.ediana.gwi.uni-muenchen.de/corpus.php?corpus=lycian&docid=37,/TL 98 (Limyra)/1
EDIANA-LYCIAN-37,lycian,source_attributed_transcription,· 2,lycian,True,ladi : ehbi se tidei[me],https://www.ediana.gwi.uni-muenchen.de/corpus.php?corpus=lycian&docid=37,/TL 98 (Limyra)/2
EDIANA-LYCIAN-38,lycian,source_attributed_transcription,· 1,lycian,True,purihimeti=ti prñnawate masasah tideimi,https://www.ediana.gwi.uni-muenchen.de/corpus.php?corpus=lycian&docid=38,/TL 099 (Limyra)/1
EDIANA-LYCIAN-38,lycian,source_attributed_transcription,· 2,lycian,True,xupã ebẽñnẽ hrppi atli ehbi se tideime ehbije,https://www.ediana.gwi.uni-muenchen.de/corpus.php?corpus=lycian&docid=38,/TL 099 (Limyra)/2
EDIANA-LYCIAN-38,lycian,source_attributed_transcription,· 3,lycian,True,{ ? },https://www.ediana.gwi.uni-muenchen.de/corpus.php?corpus=lycian&docid=38,/TL 099 (Limyra)/3
EDIANA-LYCIAN-39,lycian,source_attributed_transcription,·,lycian,True,ebe xupa me tibeija,https://www.ediana.gwi.uni-muenchen.de/corpus.php?corpus=lycian&docid=39,/TL 100 (Limyra)/1
EDIANA-LYCIAN-40,lycian,source_attributed_transcription,· 1,lycian,True,ebẽñnẽ xupã me=ti prñnawatẽ za[h]ama ddawãpartah,https://www.ediana.gwi.uni-muenchen.de/corpus.php?corpus=lycian&docid=40,/TL 101 (Limyra)/1
EDIANA-LYCIAN-40,lycian,source_attributed_transcription,· 2,lycian,True,tideimi me ñtepi tãti zahãmã se ladã se tideimi[s eh[bis],https://www.ediana.gwi.uni-muenchen.de/corpus.php?corpus=lycian&docid=40,/TL 101 (Limyra)/2
EDIANA-LYCIAN-40,lycian,source_attributed_transcription,· 3,lycian,True,kbi tike ti=ñtepi=tadi at]lahi tibe kbijehi,https://www.ediana.gwi.uni-muenchen.de/corpus.php?corpus=lycian&docid=40,/TL 101 (Limyra)/3
EDIANA-LYCIAN-40,lycian,source_attributed_transcription,· 4,lycian,True,tibe=te ala[h]adi=ti m=ene mã[h]ãi tubeiti,https://www.ediana.gwi.uni-muenchen.de/corpus.php?corpus=lycian&docid=40,/TL 101 (Limyra)/4
EDIANA-LYCIAN-40,lycian,source_attributed_transcription,· 5,lycian,True,wẹḍṛ[ẽñ]ṇ[i],https://www.ediana.gwi.uni-muenchen.de/corpus.php?corpus=lycian&docid=40,/TL 101 (Limyra)/5
EDIANA-LYCIAN-41,lycian,source_attributed_transcription,· 1,lycian,True,ebẽñnẽ xupạ̃ m=ẽ=ti prñnawatẽ sxxutrazi m=ẽne ñtepi tẽti sxxutrazi se ladi ehbi,https://www.ediana.gwi.uni-muenchen.de/corpus.php?corpus=lycian&docid=41,/TL 102 (Limyra)/1
EDIANA-LYCIAN-41,lycian,source_attributed_transcription,· 2,lycian,True,se tideimis ehbis ti=ñte hri alahadi tike tibe=ñte=ti hrppi tadi tike me ttleiti,https://www.ediana.gwi.uni-muenchen.de/corpus.php?corpus=lycian&docid=41,/TL 102 (Limyra)/2
EDIANA-LYCIAN-41,lycian,source_attributed_transcription,· 3,lycian,True,puwa aitãta am̃mãma qebelija ẽni qlahi ebij[eh]i pñtreñni se=w=e tubidi pdẽxba,https://www.ediana.gwi.uni-muenchen.de/corpus.php?corpus=lycian&docid=41,/TL 102 (Limyra)/3
EDIANA-LYCIAN-42,lycian,source_attributed_transcription,· 1,lycian,True,ebẽñnẽ xupã m=ene prñnawatẽ tebursseli,https://www.ediana.gwi.uni-muenchen.de/corpus.php?corpus=lycian&docid=42,/TL 103 (Limyra)/1
EDIANA-LYCIAN-42,lycian,source_attributed_transcription,· 2,lycian,True,zzajaah ddedi lusãñtrahñ zeti neri se xñtaburahñ,https://www.ediana.gwi.uni-muenchen.de/corpus.php?corpus=lycian&docid=42,/TL 103 (Limyra)/2
EDIANA-LYCIAN-42,lycian,source_attributed_transcription,· 3,lycian,True,ẽnẽ periklehe xñtawata,https://www.ediana.gwi.uni-muenchen.de/corpus.php?corpus=lycian&docid=42,/TL 103 (Limyra)/3
EDIANA-LYCIAN-43,lycian,source_attributed_transcription,· 1,lycian,True,tebursseli,https://www.ediana.gwi.uni-muenchen.de/corpus.php?corpus=lycian&docid=43,/TL 104 (Limyra)/1
EDIANA-LYCIAN-43,lycian,source_attributed_transcription,· 2,lycian,True,prñnawate lusñ[tr]e,https://www.ediana.gwi.uni-muenchen.de/corpus.php?corpus=lycian&docid=43,/TL 104 (Limyra)/2
EDIANA-LYCIAN-43,lycian,source_attributed_transcription,· 3,lycian,True,ẽti wazisse,https://www.ediana.gwi.uni-muenchen.de/corpus.php?corpus=lycian&docid=43,/TL 104 (Limyra)/3
EDIANA-LYCIAN-43,lycian,source_attributed_transcription,· 1,lycian,True,tebursseli prñnawate,https://www.ediana.gwi.uni-muenchen.de/corpus.php?corpus=lycian&docid=43,/TL 104 (Limyra)/5
EDIANA-LYCIAN-43,lycian,source_attributed_transcription,· 2,lycian,True,gasabala ẽke ese perikle,https://www.ediana.gwi.uni-muenchen.de/corpus.php?corpus=lycian&docid=43,/TL 104 (Limyra)/6
EDIANA-LYCIAN-43,lycian,source_attributed_transcription,· 3,lycian,True,tebete arttum̃mparã se m̃parahe,https://www.ediana.gwi.uni-muenchen.de/corpus.php?corpus=lycian&docid=43,/TL 104 (Limyra)/7
EDIANA-LYCIAN-43,lycian,source_attributed_transcription,· 4,lycian,True,telẽzijẽ,https://www.ediana.gwi.uni-muenchen.de/corpus.php?corpus=lycian&docid=43,/TL 104 (Limyra)/8
EDIANA-LYCIAN-43,lycian,source_attributed_transcription,· 1,lycian,True,ddaijanad[i]te [...]dd[..]...,https://www.ediana.gwi.uni-muenchen.de/corpus.php?corpus=lycian&docid=43,/TL 104 (Limyra)/10
EDIANA-LYCIAN-43,lycian,source_attributed_transcription,· 2,lycian,True,plqqa krñ[...]t[..]x[..]hudri,https://www.ediana.gwi.uni-muenchen.de/corpus.php?corpus=lycian&docid=43,/TL 104 (Limyra)/11
EDIANA-LYCIAN-44,lycian,source_attributed_transcription,· 1,lycian,True,ebẽñnẽ xupu m=ẽ=ti prñnawatẽ,https://www.ediana.gwi.uni-muenchen.de/corpus.php?corpus=lycian&docid=44,/TL 105 (Limyra)/1
EDIANA-LYCIAN-44,lycian,source_attributed_transcription,· 2,lycian,True,esete muleseh atli ehbi se ladi se tideime,https://www.ediana.gwi.uni-muenchen.de/corpus.php?corpus=lycian&docid=44,/TL 105 (Limyra)/2
EDIANA-LYCIAN-45,lycian,source_attributed_transcription,· 1,lycian,True,ebehi xupa me=i=ti sijẽni sbi◊aza θurtta miñtehi pddẽnehm̃mi,https://www.ediana.gwi.uni-muenchen.de/corpus.php?corpus=lycian&docid=45,/TL 106 (Limyra)/1
EDIANA-LYCIAN-45,lycian,source_attributed_transcription,· 2,lycian,True,hri=be=uwe=lahadi=ti me tawa trbbala hati se=i zum̃mẽ xbati zum̃mẽ=ñne=ti,https://www.ediana.gwi.uni-muenchen.de/corpus.php?corpus=lycian&docid=45,/TL 106 (Limyra)/2
EDIANA-LYCIAN-45,lycian,source_attributed_transcription,· 3,lycian,True,θurtta señnaha epñte ladã ẽmi se tideimis ẽmis,https://www.ediana.gwi.uni-muenchen.de/corpus.php?corpus=lycian&docid=45,/TL 106 (Limyra)/3
EDIANA-LYCIAN-45,lycian,source_attributed_transcription,· 4,lycian,True,se melebi se tideimi,https://www.ediana.gwi.uni-muenchen.de/corpus.php?corpus=lycian&docid=45,/TL 106 (Limyra)/4
EDIANA-LYCIAN-46,lycian,source_attributed_transcription,· 1,lycian,True,[e]beli m=ẽti sijẽni tele se lada se tideimi ehbi ＜: s&lt;e&gt; ladãi ebttehi IV,https://www.ediana.gwi.uni-muenchen.de/corpus.php?corpus=lycian&docid=46,/TL 107 (Limyra)/1
EDIANA-LYCIAN-46,lycian,source_attributed_transcription,· 2,lycian,True,[..].te hrij=eruweti=ti epñ ebtte ebei=je lawitẽnu munikleimẽ se,https://www.ediana.gwi.uni-muenchen.de/corpus.php?corpus=lycian&docid=46,/TL 107 (Limyra)/2
EDIANA-LYCIAN-46,lycian,source_attributed_transcription,· 3,lycian,True,ki.unumezẽ se=te ni,https://www.ediana.gwi.uni-muenchen.de/corpus.php?corpus=lycian&docid=46,/TL 107 (Limyra)/3
EDIANA-LYCIAN-46,lycian,source_attributed_transcription,· 4,lycian,True,d[d]ezedu tike,https://www.ediana.gwi.uni-muenchen.de/corpus.php?corpus=lycian&docid=46,/TL 107 (Limyra)/4
EDIANA-LYCIAN-47,lycian,source_attributed_transcription,· 1,lycian,True,ebẽñni x&lt;u&gt;pã m=ẽ=ti=prñnawatẽ,https://www.ediana.gwi.uni-muenchen.de/corpus.php?corpus=lycian&docid=47,/TL 108 (Limyra)/1
EDIANA-LYCIAN-47,lycian,source_attributed_transcription,· 2,lycian,True,xertub[i] tu.a[h h]rppi atli ehbi se ladi,https://www.ediana.gwi.uni-muenchen.de/corpus.php?corpus=lycian&docid=47,/TL 108 (Limyra)/2
EDIANA-LYCIAN-47,lycian,source_attributed_transcription,· 3,lycian,True,se tideime eh[b]ije s[e ese]deñne[wi],https://www.ediana.gwi.uni-muenchen.de/corpus.php?corpus=lycian&docid=47,/TL 108 (Limyra)/3
EDIANA-LYCIAN-47,lycian,source_attributed_transcription,· 4,lycian,True,[xñnah]i e[hb]ije[h]i,https://www.ediana.gwi.uni-muenchen.de/corpus.php?corpus=lycian&docid=47,/TL 108 (Limyra)/4
EDIANA-LYCIAN-48,lycian,source_attributed_transcription,· 1,lycian,True,ebẽñnẽ xupã me=ti=prñnawatẽ,https://www.ediana.gwi.uni-muenchen.de/corpus.php?corpus=lycian&docid=48,/TL 109 (Limyra)/1
EDIANA-LYCIAN-48,lycian,source_attributed_transcription,· 2,lycian,True,uwẽmi se lada ehbi se=i ñtewẽ,https://www.ediana.gwi.uni-muenchen.de/corpus.php?corpus=lycian&docid=48,/TL 109 (Limyra)/2
EDIANA-LYCIAN-48,lycian,source_attributed_transcription,· 3,lycian,True,tãti muwẽtẽ hrppi=je me=i=tadi,https://www.ediana.gwi.uni-muenchen.de/corpus.php?corpus=lycian&docid=48,/TL 109 (Limyra)/3
EDIANA-LYCIAN-48,lycian,source_attributed_transcription,· 4,lycian,True,tike kbi tibe me=i=martti tike,https://www.ediana.gwi.uni-muenchen.de/corpus.php?corpus=lycian&docid=48,/TL 109 (Limyra)/4
EDIANA-LYCIAN-48,lycian,source_attributed_transcription,· 5,lycian,True,hrppi=beije tãtu epñte trppeme,https://www.ediana.gwi.uni-muenchen.de/corpus.php?corpus=lycian&docid=48,/TL 109 (Limyra)/5
EDIANA-LYCIAN-48,lycian,source_attributed_transcription,· 6,lycian,True,me tise ti[s]e prñnawati me ttlidi qlaj=ebi pñtreñni,https://www.ediana.gwi.uni-muenchen.de/corpus.php?corpus=lycian&docid=48,/TL 109 (Limyra)/6
EDIANA-LYCIAN-49,lycian,source_attributed_transcription,· 1,lycian,True,ebẽñnẽ xupã m=ẽ=ti prñnawatẽ medemudi,https://www.ediana.gwi.uni-muenchen.de/corpus.php?corpus=lycian&docid=49,/TL 110 (Limyra)/1
EDIANA-LYCIAN-49,lycian,source_attributed_transcription,· 2,lycian,True,se lada ehbi me ñtepi t!ãti km̃mis se=ije ne hrppi tadi,https://www.ediana.gwi.uni-muenchen.de/corpus.php?corpus=lycian&docid=49,/TL 110 (Limyra)/2
EDIANA-LYCIAN-49,lycian,source_attributed_transcription,· 3,lycian,True,tike ep[ñt]e me=i=tadi me tise tise pr!ñnawati me=t=ẽni qanuweti,https://www.ediana.gwi.uni-muenchen.de/corpus.php?corpus=lycian&docid=49,/TL 110 (Limyra)/3
EDIANA-LYCIAN-49,lycian,source_attributed_transcription,· 4,lycian,True,qla[h]i,https://www.ediana.gwi.uni-muenchen.de/corpus.php?corpus=lycian&docid=49,/TL 110 (Limyra)/4
EDIANA-LYCIAN-49,lycian,source_attributed_transcription,· 5,lycian,True,eb[ij]ehi,https://www.ediana.gwi.uni-muenchen.de/corpus.php?corpus=lycian&docid=49,/TL 110 (Limyra)/5
EDIANA-LYCIAN-50,lycian,source_attributed_transcription,· 1,lycian,True,ebẽñnẽ xupã me=ti prñnawat[ẽ] erzesinube kumaza [tr]zzuba[hi :,https://www.ediana.gwi.uni-muenchen.de/corpus.php?corpus=lycian&docid=50,/TL 111 (Limyra)/1
EDIANA-LYCIAN-50,lycian,source_attributed_transcription,· 2,lycian,True,tãti ebñnẽ ebei tije hr!ppi t[ã]ti tike ebei etleh[i] [s]e [kbijehi,https://www.ediana.gwi.uni-muenchen.de/corpus.php?corpus=lycian&docid=50,/TL 111 (Limyra)/2
EDIANA-LYCIAN-50,lycian,source_attributed_transcription,· 3,lycian,True,me ttlidi kbisñtãta ãm̃mãm ql=ebi kerut. e[,https://www.ediana.gwi.uni-muenchen.de/corpus.php?corpus=lycian&docid=50,/TL 111 (Limyra)/3
EDIANA-LYCIAN-50,lycian,source_attributed_transcription,· 4,lycian,True,se ttlidi trzzubi ãm̃mãma kbisñtãta uwa k.ju[,https://www.ediana.gwi.uni-muenchen.de/corpus.php?corpus=lycian&docid=50,/TL 111 (Limyra)/4
EDIANA-LYCIAN-50,lycian,source_attributed_transcription,· 5,lycian,True,ebei ẽ!kepi ñtepi sijẽni hri xladi=ti me ttlidij=ẽ[n]i q[lahi eb]ijehi,https://www.ediana.gwi.uni-muenchen.de/corpus.php?corpus=lycian&docid=50,/TL 111 (Limyra)/5
EDIANA-LYCIAN-50,lycian,source_attributed_transcription,· 6,lycian,True,tise tise prñnawati s=ede=tti epirijeti,https://www.ediana.gwi.uni-muenchen.de/corpus.php?corpus=lycian&docid=50,/TL 111 (Limyra)/6
EDIANA-LYCIAN-51,lycian,source_attributed_transcription,· 1,lycian,True,ebẽñnẽ xup[ã me=ti prñnaw!atẽ mñnuhe tm̃peimeh tideimi [:] hrppi atl[i],https://www.ediana.gwi.uni-muenchen.de/corpus.php?corpus=lycian&docid=51,/TL 112 (Limyra)/1
EDIANA-LYCIAN-51,lycian,source_attributed_transcription,· 2,lycian,True,ehb&lt;i&gt; [:] se tideimi ehbi adaṃ̃ṃñnaje me ñke lati mñnuh[e] m=ene ñtepi,https://www.ediana.gwi.uni-muenchen.de/corpus.php?corpus=lycian&docid=51,/TL 112 (Limyra)/2
EDIANA-LYCIAN-51,lycian,source_attributed_transcription,· 3,lycian,True,tãti se=te ne=pe alahadi ṭịke kbi ẽkepi mñnuhẹ laṣa.t[i] me=i [ala]hadi,https://www.ediana.gwi.uni-muenchen.de/corpus.php?corpus=lycian&docid=51,/TL 112 (Limyra)/3
EDIANA-LYCIAN-51,lycian,source_attributed_transcription,· 4,lycian,True,[:] tike tibe me=i martti td[i]ke kbi aladeḥxx̣ạ̃n[e/a .....] tibe [,https://www.ediana.gwi.uni-muenchen.de/corpus.php?corpus=lycian&docid=51,/TL 112 (Limyra)/4
EDIANA-LYCIAN-51,lycian,source_attributed_transcription,· 5,lycian,True,ahba lawij̇·a martti km̃mẽti se=te alahãti km̃[mẽ ... ẽ]ni,https://www.ediana.gwi.uni-muenchen.de/corpus.php?corpus=lycian&docid=51,/TL 112 (Limyra)/5
EDIANA-LYCIAN-51,lycian,source_attributed_transcription,· 6,lycian,True,qlahi ebijehi pñtrẽñn[i .].ja sñta ṗịdenezẹ̃ ..[..]atạ,https://www.ediana.gwi.uni-muenchen.de/corpus.php?corpus=lycian&docid=51,/TL 112 (Limyra)/6
EDIANA-LYCIAN-52,lycian,source_attributed_transcription,· 1,lycian,True,ebẽñnẽ xup[ã] m=ẽ=ti=prñnawatẽ pttar[a]zi urssm̃[... ]ikezi,https://www.ediana.gwi.uni-muenchen.de/corpus.php?corpus=lycian&docid=52,/TL 113 (Limyra)/1
EDIANA-LYCIAN-52,lycian,source_attributed_transcription,· 2,lycian,True,ddawahãmah tuhes hrppi ladi ehbi tuhese,https://www.ediana.gwi.uni-muenchen.de/corpus.php?corpus=lycian&docid=52,/TL 113 (Limyra)/2
EDIANA-LYCIAN-53,lycian,source_attributed_transcription,· 1,lycian,True,esedeplẽmeje me=j=adẽ tesi miñti,https://www.ediana.gwi.uni-muenchen.de/corpus.php?corpus=lycian&docid=53,/TL 114 (Limyra)/1
EDIANA-LYCIAN-53,lycian,source_attributed_transcription,· 2,lycian,True,awahai xupa ehbi se=i ne epñ puñtẽ,https://www.ediana.gwi.uni-muenchen.de/corpus.php?corpus=lycian&docid=53,/TL 114 (Limyra)/2
EDIANA-LYCIAN-53,lycian,source_attributed_transcription,· 3,lycian,True,me=i awahi tesi aladahali –＞,https://www.ediana.gwi.uni-muenchen.de/corpus.php?corpus=lycian&docid=53,/TL 114 (Limyra)/3
EDIANA-LYCIAN-54,lycian,source_attributed_transcription,· 1,lycian,True,esedep{:}lẽmeje me=j=adẽ tesi miñti,https://www.ediana.gwi.uni-muenchen.de/corpus.php?corpus=lycian&docid=54,/TL 115 (Limyra)/1
EDIANA-LYCIAN-54,lycian,source_attributed_transcription,· 2,lycian,True,awahai xupa ebehi me=i awa[h]ai,https://www.ediana.gwi.uni-muenchen.de/corpus.php?corpus=lycian&docid=54,/TL 115 (Limyra)/2
EDIANA-LYCIAN-54,lycian,source_attributed_transcription,· 3,lycian,True,tesi : a[l]adahali : –＞?,https://www.ediana.gwi.uni-muenchen.de/corpus.php?corpus=lycian&docid=54,/TL 115 (Limyra)/3
EDIANA-LYCIAN-54,lycian,source_attributed_transcription,· 4,greek_script_parallel_candidate,False,Φοίνικος Τυρίω λ(?),https://www.ediana.gwi.uni-muenchen.de/corpus.php?corpus=lycian&docid=54,/TL 115 (Limyra)/4
EDIANA-LYCIAN-55,lycian,source_attributed_transcription,· 1,lycian,True,[....]zixle=ti prñnawate pixm̃mah,https://www.ediana.gwi.uni-muenchen.de/corpus.php?corpus=lycian&docid=55,/TL 116 (Limyra)/1
EDIANA-LYCIAN-55,lycian,source_attributed_transcription,· 2,lycian,True,tideimi xelijãnaxssah prñnezij[ehi],https://www.ediana.gwi.uni-muenchen.de/corpus.php?corpus=lycian&docid=55,/TL 116 (Limyra)/2
EDIANA-LYCIAN-56,lycian,source_attributed_transcription,· 1,lycian,True,ebeija erawazija me=ti,https://www.ediana.gwi.uni-muenchen.de/corpus.php?corpus=lycian&docid=56,/TL 117 (Limyra)/1
EDIANA-LYCIAN-56,lycian,source_attributed_transcription,· 2,lycian,True,prñnawatẽ siderija pa[r]mnah,https://www.ediana.gwi.uni-muenchen.de/corpus.php?corpus=lycian&docid=56,/TL 117 (Limyra)/2
EDIANA-LYCIAN-56,lycian,source_attributed_transcription,· 3,lycian,True,tideimi [h]rppi etli ehbi se,https://www.ediana.gwi.uni-muenchen.de/corpus.php?corpus=lycian&docid=56,/TL 117 (Limyra)/3
EDIANA-LYCIAN-56,lycian,source_attributed_transcription,· 4,lycian,True,ladi ehbi se tideimi pubieleje,https://www.ediana.gwi.uni-muenchen.de/corpus.php?corpus=lycian&docid=56,/TL 117 (Limyra)/4
EDIANA-LYCIAN-57,lycian,source_attributed_transcription,· 1,lycian,True,[ebẽ]ñnẽ tisẽni me=ti prñnawatẽ xuñnijẽi masasahe tideimi hrzzi ñtat[ã xu]ñnijeje s[e] ladi,https://www.ediana.gwi.uni-muenchen.de/corpus.php?corpus=lycian&docid=57,/TL 118 (Limyra)/1
EDIANA-LYCIAN-57,lycian,source_attributed_transcription,· 2,lycian,True,[ehb]i se=uwe ni hrppi tatu tike hṛ[i] se=[t]e=i alahadi tike se xtta ẽ adi me=uwe hri alaha[n]e,https://www.ediana.gwi.uni-muenchen.de/corpus.php?corpus=lycian&docid=57,/TL 118 (Limyra)/2
EDIANA-LYCIAN-57,lycian,source_attributed_transcription,· 3,lycian,True,[... ma]rtti tike m=ene itlehi tubeiti trm̃mil!i huwedri se marazij[a] miñtaha [s]e=ij=epñ t..ahe,https://www.ediana.gwi.uni-muenchen.de/corpus.php?corpus=lycian&docid=57,/TL 118 (Limyra)/3
EDIANA-LYCIAN-57,lycian,source_attributed_transcription,· 4,lycian,True,...ti tibe=i=ti ṭeunẽ esde se=ije ahatahi ñtata me ñtepi tasñti [....] .. tati xuñnijeje,https://www.ediana.gwi.uni-muenchen.de/corpus.php?corpus=lycian&docid=57,/TL 118 (Limyra)/4
EDIANA-LYCIAN-57,lycian,source_attributed_transcription,· 5,lycian,True,[te]ṛ[e te]re mẽtẽ tij=adi tike te.. ẽṇehi eridadi tibe ebeḥị m=ene epi [.....] trbbeli,https://www.ediana.gwi.uni-muenchen.de/corpus.php?corpus=lycian&docid=57,/TL 118 (Limyra)/5
EDIANA-LYCIAN-57,lycian,source_attributed_transcription,· 6,lycian,True,[.....]ati ti=we=je epñ tise=di tibe=i=ti ṭeunẽ e..i se ñtepi,https://www.ediana.gwi.uni-muenchen.de/corpus.php?corpus=lycian&docid=57,/TL 118 (Limyra)/6
EDIANA-LYCIAN-57,lycian,source_attributed_transcription,· 7,lycian,True,eke ihiqla me ttazi,https://www.ediana.gwi.uni-muenchen.de/corpus.php?corpus=lycian&docid=57,/TL 118 (Limyra)/7
EDIANA-LYCIAN-58,lycian,source_attributed_transcription,· 1,lycian,True,[ebẽ]ñnẽ xupã me=ti,https://www.ediana.gwi.uni-muenchen.de/corpus.php?corpus=lycian&docid=58,/TL 119 (Limyra)/1
EDIANA-LYCIAN-58,lycian,source_attributed_transcription,· 2,lycian,True,[p]rñnawatẽ hura n!uba,https://www.ediana.gwi.uni-muenchen.de/corpus.php?corpus=lycian&docid=58,/TL 119 (Limyra)/2
EDIANA-LYCIAN-58,lycian,source_attributed_transcription,· 3,lycian,True,[ti]deri ñteriwa[.].. tid&lt;e&gt;imi,https://www.ediana.gwi.uni-muenchen.de/corpus.php?corpus=lycian&docid=58,/TL 119 (Limyra)/3
EDIANA-LYCIAN-59,lycian,source_attributed_transcription,· 1,lycian,True,ebẽñnẽ xupã me=ti prñnawatẽ pumaza ertelijeseh tideimi,https://www.ediana.gwi.uni-muenchen.de/corpus.php?corpus=lycian&docid=59,/TL 120 (Limyra)/1
EDIANA-LYCIAN-59,lycian,source_attributed_transcription,· 2,lycian,True,hrppi ladi ehbi uwiñte xumetijeh zzimazi se tideime ehbije,https://www.ediana.gwi.uni-muenchen.de/corpus.php?corpus=lycian&docid=59,/TL 120 (Limyra)/2
EDIANA-LYCIAN-60,lycian,source_attributed_transcription,·,lycian,True,ebẽñnẽ xupã me=ti prñnawatẽ erm̃menẽni se lada ehbi hrppi atla eptte se prñnezi epttehi,https://www.ediana.gwi.uni-muenchen.de/corpus.php?corpus=lycian&docid=60,/TL 121 (Limyra)/1
EDIANA-LYCIAN-61,lycian,source_attributed_transcription,·,lycian,True,ebẽñnẽ xupã m=ẽ=ti prñnawatẽ mlẽteder[i] tutinimeh tideimi,https://www.ediana.gwi.uni-muenchen.de/corpus.php?corpus=lycian&docid=61,/TL 122 (Limyra)/1
EDIANA-LYCIAN-62,lycian,source_attributed_transcription,· 1,lycian,True,ebẽñnẽ xupã m=ẽ=ti prñnawatẽ exeteija,https://www.ediana.gwi.uni-muenchen.de/corpus.php?corpus=lycian&docid=62,/TL 123 (Limyra)/1
EDIANA-LYCIAN-62,lycian,source_attributed_transcription,· 2,lycian,True,hrppi atli ehbi se ladi ehbi se tideime,https://www.ediana.gwi.uni-muenchen.de/corpus.php?corpus=lycian&docid=62,/TL 123 (Limyra)/2
EDIANA-LYCIAN-63,lycian,source_attributed_transcription,· 1,lycian,True,ebẽñ!nẽ xupu,https://www.ediana.gwi.uni-muenchen.de/corpus.php?corpus=lycian&docid=63,/TL 124 (Limyra)/1
EDIANA-LYCIAN-63,lycian,source_attributed_transcription,· 2,lycian,True,se=i,https://www.ediana.gwi.uni-muenchen.de/corpus.php?corpus=lycian&docid=63,/TL 124 (Limyra)/2
EDIANA-LYCIAN-63,lycian,source_attributed_transcription,· 3,lycian,True,hri=ti ñtipa,https://www.ediana.gwi.uni-muenchen.de/corpus.php?corpus=lycian&docid=63,/TL 124 (Limyra)/3
EDIANA-LYCIAN-63,lycian,source_attributed_transcription,· 4,lycian,True,me=ti,https://www.ediana.gwi.uni-muenchen.de/corpus.php?corpus=lycian&docid=63,/TL 124 (Limyra)/4
EDIANA-LYCIAN-63,lycian,source_attributed_transcription,· 5,lycian,True,adẽ uhetẽi,https://www.ediana.gwi.uni-muenchen.de/corpus.php?corpus=lycian&docid=63,/TL 124 (Limyra)/5
EDIANA-LYCIAN-63,lycian,source_attributed_transcription,· 6,lycian,True,e&lt;b&gt;behi,https://www.ediana.gwi.uni-muenchen.de/corpus.php?corpus=lycian&docid=63,/TL 124 (Limyra)/6
EDIANA-LYCIAN-63,lycian,source_attributed_transcription,· 7,lycian,True,ñtatã,https://www.ediana.gwi.uni-muenchen.de/corpus.php?corpus=lycian&docid=63,/TL 124 (Limyra)/7
EDIANA-LYCIAN-63,lycian,source_attributed_transcription,· 8,lycian,True,s=ebei[j]es,https://www.ediana.gwi.uni-muenchen.de/corpus.php?corpus=lycian&docid=63,/TL 124 (Limyra)/8
EDIANA-LYCIAN-63,lycian,source_attributed_transcription,· 9,lycian,True,km̃mis,https://www.ediana.gwi.uni-muenchen.de/corpus.php?corpus=lycian&docid=63,/TL 124 (Limyra)/9
EDIANA-LYCIAN-63,lycian,source_attributed_transcription,· 10,lycian,True,itei ladi,https://www.ediana.gwi.uni-muenchen.de/corpus.php?corpus=lycian&docid=63,/TL 124 (Limyra)/10
EDIANA-LYCIAN-63,lycian,source_attributed_transcription,· 11,lycian,True,tideime,https://www.ediana.gwi.uni-muenchen.de/corpus.php?corpus=lycian&docid=63,/TL 124 (Limyra)/11
EDIANA-LYCIAN-63,lycian,source_attributed_transcription,· 12,lycian,True,ehbije,https://www.ediana.gwi.uni-muenchen.de/corpus.php?corpus=lycian&docid=63,/TL 124 (Limyra)/12
EDIANA-LYCIAN-63,lycian,source_attributed_transcription,· 13,lycian,True,O,https://www.ediana.gwi.uni-muenchen.de/corpus.php?corpus=lycian&docid=63,/TL 124 (Limyra)/13
EDIANA-LYCIAN-64,lycian,source_attributed_transcription,·,lycian,True,]ddad,https://www.ediana.gwi.uni-muenchen.de/corpus.php?corpus=lycian&docid=64,/TL 125 (Limyra)/1
EDIANA-LYCIAN-64,lycian,source_attributed_transcription,·,lycian,True,araxa xñtab[u]ra xinaxa,https://www.ediana.gwi.uni-muenchen.de/corpus.php?corpus=lycian&docid=64,/TL 125 (Limyra)/3
EDIANA-LYCIAN-65,lycian,source_attributed_transcription,· 1,lycian,True,prddewã=ti : prñnawa[te] zãnaza serm̃maij[,https://www.ediana.gwi.uni-muenchen.de/corpus.php?corpus=lycian&docid=65,/TL 126 (Limyra)/1
EDIANA-LYCIAN-65,lycian,source_attributed_transcription,· 2,lycian,True,neru[.........]ñne [..]mãte,https://www.ediana.gwi.uni-muenchen.de/corpus.php?corpus=lycian&docid=65,/TL 126 (Limyra)/2
EDIANA-LYCIAN-66,lycian,source_attributed_transcription,· 1,lycian,True,st.maha=t[i prñ]nawate epñxuxa tideimi hrppi,https://www.ediana.gwi.uni-muenchen.de/corpus.php?corpus=lycian&docid=66,/TL 127 (Limyra)/1
EDIANA-LYCIAN-66,lycian,source_attributed_transcription,· 2,lycian,True,ani.[.....]e se tuhe se muneite se [x]ahbe,https://www.ediana.gwi.uni-muenchen.de/corpus.php?corpus=lycian&docid=66,/TL 127 (Limyra)/2
EDIANA-LYCIAN-67,lycian,source_attributed_transcription,· 1,lycian,True,[e]bette [...........]h arawazija me=j=adẽ krustti t[r]bb!ẽnemeh przzi=di axãti esbe[h]i,https://www.ediana.gwi.uni-muenchen.de/corpus.php?corpus=lycian&docid=67,/TL 128 (Limyra)/1
EDIANA-LYCIAN-67,lycian,source_attributed_transcription,· 2,lycian,True,..ti [........... ebei]la isbazi amu [si]xani teli se [l]ada ti=uwe hrppi tadi tike me=i=te na lau ti◊e ara[wã],https://www.ediana.gwi.uni-muenchen.de/corpus.php?corpus=lycian&docid=67,/TL 128 (Limyra)/2
EDIANA-LYCIAN-68,lycian,source_attributed_transcription,·,lycian,True,hlah,https://www.ediana.gwi.uni-muenchen.de/corpus.php?corpus=lycian&docid=68,/TL 129 (Limyra)/1
EDIANA-LYCIAN-69,lycian,source_attributed_transcription,·,lycian,True,ddepñneweh,https://www.ediana.gwi.uni-muenchen.de/corpus.php?corpus=lycian&docid=69,/TL 130 (Limyra)/1
EDIANA-LYCIAN-70,lycian,source_attributed_transcription,· 1,lycian,True,[.....]a=ti[ pr]ñnawate hrppi ladi ehbi m=ene ñtepi tãti ebñnẽ se ladã ehbi,https://www.ediana.gwi.uni-muenchen.de/corpus.php?corpus=lycian&docid=70,/TL 131 (Limyra)/1
EDIANA-LYCIAN-70,lycian,source_attributed_transcription,· 2,lycian,True,[....]eruma.u se xawarttu se=ije=ti eseri tadi tike ebehi tibe=te alahadi,https://www.ediana.gwi.uni-muenchen.de/corpus.php?corpus=lycian&docid=70,/TL 131 (Limyra)/2
EDIANA-LYCIAN-70,lycian,source_attributed_transcription,· 3,lycian,True,[t]ibe=ti=(i)je se xttadi tike hruttla ebeija me=ttlidi ẽni qlahi ebijehi nuñtãta,https://www.ediana.gwi.uni-muenchen.de/corpus.php?corpus=lycian&docid=70,/TL 131 (Limyra)/3
EDIANA-LYCIAN-70,lycian,source_attributed_transcription,· 4,lycian,True,am̃m[ã]ma uwa se nij=epi zalatu se ttiti ẽni qlahi ebijehi rm̃mazata xθθase ada ＜,https://www.ediana.gwi.uni-muenchen.de/corpus.php?corpus=lycian&docid=70,/TL 131 (Limyra)/4
EDIANA-LYCIAN-70,lycian,source_attributed_transcription,· 5,lycian,True,se=we trbbala hati tawa,https://www.ediana.gwi.uni-muenchen.de/corpus.php?corpus=lycian&docid=70,/TL 131 (Limyra)/5
EDIANA-LYCIAN-71,lycian,source_attributed_transcription,· 1,lycian,True,]e xudrehila kiruh tideimi ẽnẽ periklehe,https://www.ediana.gwi.uni-muenchen.de/corpus.php?corpus=lycian&docid=71,/TL 132 (Limyra)/1
EDIANA-LYCIAN-71,lycian,source_attributed_transcription,· 2,lycian,True,[xñ]tawata,https://www.ediana.gwi.uni-muenchen.de/corpus.php?corpus=lycian&docid=71,/TL 132 (Limyra)/2
EDIANA-LYCIAN-72,lycian,source_attributed_transcription,· 1,lycian,True,xñtlapã=ne prñnawate perikleh mahinaza epñtibazah,https://www.ediana.gwi.uni-muenchen.de/corpus.php?corpus=lycian&docid=72,/TL 133 (Limyra)/1
EDIANA-LYCIAN-72,lycian,source_attributed_transcription,· 2,lycian,True,tideimi,https://www.ediana.gwi.uni-muenchen.de/corpus.php?corpus=lycian&docid=72,/TL 133 (Limyra)/2
EDIANA-LYCIAN-73,lycian,source_attributed_transcription,· 1,lycian,True,ebẽñn[ẽ] xu[p]ã me=ti prñnawatẽ masasi hrppi : ladi [e]hbi xuwataje m=eñ=je ñtepi tãti,https://www.ediana.gwi.uni-muenchen.de/corpus.php?corpus=lycian&docid=73,/TL 134 (Limyra)/1
EDIANA-LYCIAN-73,lycian,source_attributed_transcription,· 2,lycian,True,masasi se [.......... x]upa ebei me ñte ne hri[j] alaḍạhadi tike ebi ñte ni hrppi tãtu,https://www.ediana.gwi.uni-muenchen.de/corpus.php?corpus=lycian&docid=73,/TL 134 (Limyra)/2
EDIANA-LYCIAN-73,lycian,source_attributed_transcription,· 3,lycian,True,tik[e .....] tibe hri x̣ladi trbẽtadrazata : hri ñ[te] me=i=lahadi tike,https://www.ediana.gwi.uni-muenchen.de/corpus.php?corpus=lycian&docid=73,/TL 134 (Limyra)/3
EDIANA-LYCIAN-73,lycian,source_attributed_transcription,· 4,lycian,True,am̃mãma sñta : ẽni mahanahi s=ene perepñ itlehi qãñti trm̃mili,https://www.ediana.gwi.uni-muenchen.de/corpus.php?corpus=lycian&docid=73,/TL 134 (Limyra)/4
EDIANA-LYCIAN-73,lycian,source_attributed_transcription,· 5,greek_script_parallel_candidate,False,Μασα Κοατα,https://www.ediana.gwi.uni-muenchen.de/corpus.php?corpus=lycian&docid=73,/TL 134 (Limyra)/5
EDIANA-LYCIAN-74,lycian,source_attributed_transcription,· 1,lycian,True,ab[aija] ar[aw]azi[ja] m=e prñnaw[at]ẽ xuwata trbbẽnimeh tideri s=ebẽla ehetẽme,https://www.ediana.gwi.uni-muenchen.de/corpus.php?corpus=lycian&docid=74,/TL 135 (Limyra)/1
EDIANA-LYCIAN-74,lycian,source_attributed_transcription,· 2,lycian,True,tij=[adi ti]k[e t]ihe [zum̃]mẽ me=ije [n]a [la]u tike arawã s=ene teseti tubeiti trm̃mili,https://www.ediana.gwi.uni-muenchen.de/corpus.php?corpus=lycian&docid=74,/TL 135 (Limyra)/2
EDIANA-LYCIAN-74,lycian,source_attributed_transcription,· 3,lycian,True,s[e ma]r[az]i[ja] miñt[ah]a,https://www.ediana.gwi.uni-muenchen.de/corpus.php?corpus=lycian&docid=74,/TL 135 (Limyra)/3
EDIANA-LYCIAN-75,lycian,source_attributed_transcription,· 1,lycian,True,e[b]ẽñnẽ xupã me=ti=prñnawatẽ [,https://www.ediana.gwi.uni-muenchen.de/corpus.php?corpus=lycian&docid=75,/TL 136 (Limyra)/1
EDIANA-LYCIAN-75,lycian,source_attributed_transcription,· 2,lycian,True,tideimi murñnah tuhas se .en.[,https://www.ediana.gwi.uni-muenchen.de/corpus.php?corpus=lycian&docid=75,/TL 136 (Limyra)/2
EDIANA-LYCIAN-75,lycian,source_attributed_transcription,· 3,lycian,True,ehbi se ladi se tideime,https://www.ediana.gwi.uni-muenchen.de/corpus.php?corpus=lycian&docid=75,/TL 136 (Limyra)/3
EDIANA-LYCIAN-76,lycian,source_attributed_transcription,· 1,lycian,True,ebẽñnẽ xupã me=t[i p]rñnawatẽ ẽnẽhineri xulidah,https://www.ediana.gwi.uni-muenchen.de/corpus.php?corpus=lycian&docid=76,/TL 137 (Limyra)/1
EDIANA-LYCIAN-76,lycian,source_attributed_transcription,· 2,lycian,True,tideimi hrppi [lad]i ehbi se tideime,https://www.ediana.gwi.uni-muenchen.de/corpus.php?corpus=lycian&docid=76,/TL 137 (Limyra)/2
EDIANA-LYCIAN-77,lycian,source_attributed_transcription,· 1,lycian,True,ebẽñnẽ xupã me=ti prñnawatẽ,https://www.ediana.gwi.uni-muenchen.de/corpus.php?corpus=lycian&docid=77,/TL 138 (Limyra)/1
EDIANA-LYCIAN-77,lycian,source_attributed_transcription,· 2,lycian,True,uwihairi kbatri ehbi plezzijeheje,https://www.ediana.gwi.uni-muenchen.de/corpus.php?corpus=lycian&docid=77,/TL 138 (Limyra)/2
EDIANA-LYCIAN-78,lycian,source_attributed_transcription,· 1,lycian,True,ebẽñ!nẽ xupa m=ẽ=ti prñnawatẽ tilumezi zahãmah,https://www.ediana.gwi.uni-muenchen.de/corpus.php?corpus=lycian&docid=78,/TL 139 (Limyra)/1
EDIANA-LYCIAN-78,lycian,source_attributed_transcription,· 2,lycian,True,tideimi hrppi ladi ehbi xux̣uneje,https://www.ediana.gwi.uni-muenchen.de/corpus.php?corpus=lycian&docid=78,/TL 139 (Limyra)/2
EDIANA-LYCIAN-78,lycian,source_attributed_transcription,· 3,lycian,True,se tideime ehbije se=uwe : ti=hrppi tãti tike m=ẽne,https://www.ediana.gwi.uni-muenchen.de/corpus.php?corpus=lycian&docid=78,/TL 139 (Limyra)/3
EDIANA-LYCIAN-78,lycian,source_attributed_transcription,· 4,lycian,True,tubidi h[p]pñteru[s] mãhãi se [ma]razija miñtaha,https://www.ediana.gwi.uni-muenchen.de/corpus.php?corpus=lycian&docid=78,/TL 139 (Limyra)/4
EDIANA-LYCIAN-78,lycian,source_attributed_transcription,· 5,lycian,True,hlm̃midewe mlejeusi,https://www.ediana.gwi.uni-muenchen.de/corpus.php?corpus=lycian&docid=78,/TL 139 (Limyra)/5
EDIANA-LYCIAN-78,lycian,source_attributed_transcription,· 6,lycian,True,murñna,https://www.ediana.gwi.uni-muenchen.de/corpus.php?corpus=lycian&docid=78,/TL 139 (Limyra)/6
EDIANA-LYCIAN-79,lycian,source_attributed_transcription,· 1,lycian,True,ebẽñnẽ xup[ã/u] m=ẽ=ti [,https://www.ediana.gwi.uni-muenchen.de/corpus.php?corpus=lycian&docid=79,/TL 140 (Limyra)/1
EDIANA-LYCIAN-79,lycian,source_attributed_transcription,· 2,lycian,True,hrpp.tiqñ[ ....]e[....,https://www.ediana.gwi.uni-muenchen.de/corpus.php?corpus=lycian&docid=79,/TL 140 (Limyra)/2
EDIANA-LYCIAN-79,lycian,source_attributed_transcription,· 3,lycian,True,ladi ehbi [,https://www.ediana.gwi.uni-muenchen.de/corpus.php?corpus=lycian&docid=79,/TL 140 (Limyra)/3
EDIANA-LYCIAN-80,lycian,source_attributed_transcription,·,lycian,True,midah,https://www.ediana.gwi.uni-muenchen.de/corpus.php?corpus=lycian&docid=80,/TL 141 (Limyra)/1
EDIANA-LYCIAN-81,lycian,source_attributed_transcription,·,lycian,True,ebẽñnẽ [x]upã me=[t]i prñnawatẽ weqa[d]etu ñteri,https://www.ediana.gwi.uni-muenchen.de/corpus.php?corpus=lycian&docid=81,/TL 142 (Limyra)/1
EDIANA-LYCIAN-82,lycian,source_attributed_transcription,· 1,greek_script_parallel_candidate,False,Κοδαρας Οσαιμιος,https://www.ediana.gwi.uni-muenchen.de/corpus.php?corpus=lycian&docid=82,/TL 143 (Limyra)/1
EDIANA-LYCIAN-82,lycian,source_attributed_transcription,· 2,lycian,True,ebẽñnẽ ñtatu m=ẽ=ti prñnawatẽ xudara [hrppi l]adi ehbi m̃mije,https://www.ediana.gwi.uni-muenchen.de/corpus.php?corpus=lycian&docid=82,/TL 143 (Limyra)/2
EDIANA-LYCIAN-82,lycian,source_attributed_transcription,· 3,lycian,True,se tideime ehbije,https://www.ediana.gwi.uni-muenchen.de/corpus.php?corpus=lycian&docid=82,/TL 143 (Limyra)/3
EDIANA-LYCIAN-82,lycian,source_attributed_transcription,· 4,lycian,True,se pij[ete] mlã!ñnazi ebẽñnẽ ñtatu pttlezeje,https://www.ediana.gwi.uni-muenchen.de/corpus.php?corpus=lycian&docid=82,/TL 143 (Limyra)/4
EDIANA-LYCIAN-82,lycian,source_attributed_transcription,· 5,lycian,True,se ladi e[h]bi mam̃mahaje kbatri ehbi se tideime ehbije,https://www.ediana.gwi.uni-muenchen.de/corpus.php?corpus=lycian&docid=82,/TL 143 (Limyra)/5
EDIANA-LYCIAN-83,lycian,source_attributed_transcription,· 1,lycian,True,e[bẽñ]nẽ xupu m=ẽ=ti=p[rñna]watẽ,https://www.ediana.gwi.uni-muenchen.de/corpus.php?corpus=lycian&docid=83,/TL 144 (Limyra)/1
EDIANA-LYCIAN-83,lycian,source_attributed_transcription,· 2,lycian,True,atibinẽ hrppi ladi eh[bi] se tideime,https://www.ediana.gwi.uni-muenchen.de/corpus.php?corpus=lycian&docid=83,/TL 144 (Limyra)/2
EDIANA-LYCIAN-84,lycian,source_attributed_transcription,· 1,lycian,True,[ebẽñnẽ xupã m]e=ti prñnawatẽ hla ñterubila [:] [hrppi],https://www.ediana.gwi.uni-muenchen.de/corpus.php?corpus=lycian&docid=84,/TL 145 (Limyra)/1
EDIANA-LYCIAN-84,lycian,source_attributed_transcription,· 2,lycian,True,[ladi ehbi] se tideimi me=i ñtepi tãti hlã [se la]dã [se] tid[eimi],https://www.ediana.gwi.uni-muenchen.de/corpus.php?corpus=lycian&docid=84,/TL 145 (Limyra)/2
EDIANA-LYCIAN-84,lycian,source_attributed_transcription,· 3,lycian,True,[........................... m]e=te=lahadi=ti se=i ..ị,https://www.ediana.gwi.uni-muenchen.de/corpus.php?corpus=lycian&docid=84,/TL 145 (Limyra)/3
EDIANA-LYCIAN-84,lycian,source_attributed_transcription,· 4,lycian,True,[...................] uh[azat]u ẽni qlahi ebijehi,https://www.ediana.gwi.uni-muenchen.de/corpus.php?corpus=lycian&docid=84,/TL 145 (Limyra)/4
EDIANA-LYCIAN-84,lycian,source_attributed_transcription,· 5,lycian,True,[....................................... adaij]ẽ : ＜–,https://www.ediana.gwi.uni-muenchen.de/corpus.php?corpus=lycian&docid=84,/TL 145 (Limyra)/5
EDIANA-LYCIAN-85,lycian,source_attributed_transcription,· 1,lycian,True,[ebẽñn]ẽ xu[pã/u,https://www.ediana.gwi.uni-muenchen.de/corpus.php?corpus=lycian&docid=85,/TL 146 (Limyra)/1
EDIANA-LYCIAN-85,lycian,source_attributed_transcription,· 2,lycian,True,[....]ma hrpp[i,https://www.ediana.gwi.uni-muenchen.de/corpus.php?corpus=lycian&docid=85,/TL 146 (Limyra)/2
EDIANA-LYCIAN-85,lycian,source_attributed_transcription,· 3,lycian,True,[se tid]eime,https://www.ediana.gwi.uni-muenchen.de/corpus.php?corpus=lycian&docid=85,/TL 146 (Limyra)/3
EDIANA-LYCIAN-86,lycian,source_attributed_transcription,· 1,lycian,True,ebẽ[ñ]nẽ xup[ã/u m... pr]ñn[awat]ẽ .ppeli .tipuwa[h] hrppi atli ehbi,https://www.ediana.gwi.uni-muenchen.de/corpus.php?corpus=lycian&docid=86,/TL 147 (Limyra)/1
EDIANA-LYCIAN-86,lycian,source_attributed_transcription,· 2,lycian,True,se=i ne hrpp[i ..............................] =ene=je tik[e] alade..ṇadi,https://www.ediana.gwi.uni-muenchen.de/corpus.php?corpus=lycian&docid=86,/TL 147 (Limyra)/2
EDIANA-LYCIAN-86,lycian,source_attributed_transcription,· 3,lycian,True,[  ],https://www.ediana.gwi.uni-muenchen.de/corpus.php?corpus=lycian&docid=86,/TL 147 (Limyra)/3
EDIANA-LYCIAN-86,lycian,source_attributed_transcription,· 4,lycian,True,[..........................]ã kbbidã .u.[,https://www.ediana.gwi.uni-muenchen.de/corpus.php?corpus=lycian&docid=86,/TL 147 (Limyra)/4
EDIANA-LYCIAN-87,lycian,source_attributed_transcription,·,lycian,True,zru.eh seṃụṭah xupa ebãhã,https://www.ediana.gwi.uni-muenchen.de/corpus.php?corpus=lycian&docid=87,/TL 148 (Limyra)/1
EDIANA-LYCIAN-88,lycian,source_attributed_transcription,· 1,lycian,True,ebẽñni xupã me=ti prñnawatẽ qañnu&lt;w&gt;ili,https://www.ediana.gwi.uni-muenchen.de/corpus.php?corpus=lycian&docid=88,/N 316 (Limyra)/1
EDIANA-LYCIAN-88,lycian,source_attributed_transcription,· 2,lycian,True,qasah hrppi ladi ehbi se t&lt;i&gt;deimi,https://www.ediana.gwi.uni-muenchen.de/corpus.php?corpus=lycian&docid=88,/N 316 (Limyra)/2
EDIANA-LYCIAN-89,lycian,source_attributed_transcription,· 1,lycian,True,ebẽñnẽ xupã m=ene prñn[awãtẽ] zuwiqeli se [,https://www.ediana.gwi.uni-muenchen.de/corpus.php?corpus=lycian&docid=89,/N 317 (Limyra)/1
EDIANA-LYCIAN-89,lycian,source_attributed_transcription,· 2,lycian,True,ehi lada ehbi se h.......e m=ene ñtepi tãt[i,https://www.ediana.gwi.uni-muenchen.de/corpus.php?corpus=lycian&docid=89,/N 317 (Limyra)/2
EDIANA-LYCIAN-89,lycian,source_attributed_transcription,· 3,lycian,True,ẽni ehbi se=uwã=ni hrppi tatu tike kbi ti[,https://www.ediana.gwi.uni-muenchen.de/corpus.php?corpus=lycian&docid=89,/N 317 (Limyra)/3
EDIANA-LYCIAN-89,lycian,source_attributed_transcription,· 4,lycian,True,ne mãhãi tubeiti sum...ãi sej=aruwãti[,https://www.ediana.gwi.uni-muenchen.de/corpus.php?corpus=lycian&docid=89,/N 317 (Limyra)/4
EDIANA-LYCIAN-90,lycian,source_attributed_transcription,· 1,lycian,True,te]terị [x]ụx[r]ṃ̃ṃ[ezi,https://www.ediana.gwi.uni-muenchen.de/corpus.php?corpus=lycian&docid=90,/N 337 (Limyra)/1
EDIANA-LYCIAN-90,lycian,source_attributed_transcription,· 2,lycian,True,]ẓi ñteṗ(i) erẽpl[,https://www.ediana.gwi.uni-muenchen.de/corpus.php?corpus=lycian&docid=90,/N 337 (Limyra)/2
EDIANA-LYCIAN-90,lycian,source_attributed_transcription,· 3,lycian,True,]ạne me ñtej=ewẽ,https://www.ediana.gwi.uni-muenchen.de/corpus.php?corpus=lycian&docid=90,/N 337 (Limyra)/3
EDIANA-LYCIAN-90,lycian,source_attributed_transcription,· 4,lycian,True,plm̃]ṃadi xuxrm̃mezi[,https://www.ediana.gwi.uni-muenchen.de/corpus.php?corpus=lycian&docid=90,/N 337 (Limyra)/4
EDIANA-LYCIAN-90,lycian,source_attributed_transcription,· 5,lycian,True,ẽti weti km̃mã[ta],https://www.ediana.gwi.uni-muenchen.de/corpus.php?corpus=lycian&docid=90,/N 337 (Limyra)/5
EDIANA-LYCIAN-90,lycian,source_attributed_transcription,· 6,lycian,True,pri=de xuxrm̃me[z,https://www.ediana.gwi.uni-muenchen.de/corpus.php?corpus=lycian&docid=90,/N 337 (Limyra)/6
EDIANA-LYCIAN-90,lycian,source_attributed_transcription,· 7,lycian,True,xugahi se xñna[hi],https://www.ediana.gwi.uni-muenchen.de/corpus.php?corpus=lycian&docid=90,/N 337 (Limyra)/7
EDIANA-LYCIAN-90,lycian,source_attributed_transcription,· 8,lycian,True,te]θ̣θi sej=ẽnehi me=i n[.],https://www.ediana.gwi.uni-muenchen.de/corpus.php?corpus=lycian&docid=90,/N 337 (Limyra)/8
EDIANA-LYCIAN-90,lycian,source_attributed_transcription,· 9,lycian,True,teteri xuxrm̃mezi,https://www.ediana.gwi.uni-muenchen.de/corpus.php?corpus=lycian&docid=90,/N 337 (Limyra)/9
EDIANA-LYCIAN-90,lycian,source_attributed_transcription,· 10,lycian,True,ti ñnetị plm̃madi,https://www.ediana.gwi.uni-muenchen.de/corpus.php?corpus=lycian&docid=90,/N 337 (Limyra)/10
EDIANA-LYCIAN-90,lycian,source_attributed_transcription,· 11,lycian,True,]ḍa ñte=ije sm̃mãti,https://www.ediana.gwi.uni-muenchen.de/corpus.php?corpus=lycian&docid=90,/N 337 (Limyra)/11
EDIANA-LYCIAN-90,lycian,source_attributed_transcription,· 12,lycian,True,]re qehñni m̃mẽ,https://www.ediana.gwi.uni-muenchen.de/corpus.php?corpus=lycian&docid=90,/N 337 (Limyra)/12
EDIANA-LYCIAN-90,lycian,source_attributed_transcription,· 13,lycian,True,]ma=j=adi tike,https://www.ediana.gwi.uni-muenchen.de/corpus.php?corpus=lycian&docid=90,/N 337 (Limyra)/13
EDIANA-LYCIAN-90,lycian,source_attributed_transcription,· 14,lycian,True,]... ẓeḍị,https://www.ediana.gwi.uni-muenchen.de/corpus.php?corpus=lycian&docid=90,/N 337 (Limyra)/14
EDIANA-LYCIAN-91,lycian,source_attributed_transcription,· 1,lycian,True,ebẽñnẽ xupã m=ẽ=ti=prñnawatẽ esedeplẽmi,https://www.ediana.gwi.uni-muenchen.de/corpus.php?corpus=lycian&docid=91,/TL 85 (Myra)/1
EDIANA-LYCIAN-91,lycian,source_attributed_transcription,· 2,lycian,True,hrppi ladi ehbi : se tideime ehbije humelije,https://www.ediana.gwi.uni-muenchen.de/corpus.php?corpus=lycian&docid=91,/TL 85 (Myra)/2
EDIANA-LYCIAN-92,lycian,source_attributed_transcription,· 1,lycian,True,ebẽñnẽ prñnawã m=ẽ=ti=prñnawatẽ erimñnuha,https://www.ediana.gwi.uni-muenchen.de/corpus.php?corpus=lycian&docid=92,/TL 86 (Myra)/1
EDIANA-LYCIAN-92,lycian,source_attributed_transcription,· 2,lycian,True,semuteh tideimi hrppi atli ehbi sej=ẽni ehbi,https://www.ediana.gwi.uni-muenchen.de/corpus.php?corpus=lycian&docid=92,/TL 86 (Myra)/2
EDIANA-LYCIAN-93,lycian,source_attributed_transcription,· 1,lycian,True,ebẽñnẽ xupã me=ti=pr[ñ]nawatẽ,https://www.ediana.gwi.uni-muenchen.de/corpus.php?corpus=lycian&docid=93,/TL 87 (Myra)/1
EDIANA-LYCIAN-93,lycian,source_attributed_transcription,· 2,lycian,True,apñnãtama,https://www.ediana.gwi.uni-muenchen.de/corpus.php?corpus=lycian&docid=93,/TL 87 (Myra)/2
EDIANA-LYCIAN-93,lycian,source_attributed_transcription,· 3,lycian,True,hrppi ladi e[h]bi se tideime,https://www.ediana.gwi.uni-muenchen.de/corpus.php?corpus=lycian&docid=93,/TL 87 (Myra)/3
EDIANA-LYCIAN-93,lycian,source_attributed_transcription,· 4,lycian,True,me=i=pñ pudẽ ti ñte,https://www.ediana.gwi.uni-muenchen.de/corpus.php?corpus=lycian&docid=93,/TL 87 (Myra)/4
EDIANA-LYCIAN-93,lycian,source_attributed_transcription,· 5,lycian,True,xahba [eh]bi wazzije kbatra,https://www.ediana.gwi.uni-muenchen.de/corpus.php?corpus=lycian&docid=93,/TL 87 (Myra)/5
EDIANA-LYCIAN-94,lycian,source_attributed_transcription,· 1,lycian,True,ebẽñnẽ prñnawã m=ene prñnawatẽ ddaqasa sttuleh,https://www.ediana.gwi.uni-muenchen.de/corpus.php?corpus=lycian&docid=94,/TL 88 (Myra)/1
EDIANA-LYCIAN-94,lycian,source_attributed_transcription,· 2,lycian,True,tideimi hrp&lt;p&gt;i ladi ehbi se tideime se ẽke lati ddaqasa,https://www.ediana.gwi.uni-muenchen.de/corpus.php?corpus=lycian&docid=94,/TL 88 (Myra)/2
EDIANA-LYCIAN-94,lycian,source_attributed_transcription,· 3,lycian,True,m=ene ñtepi tãti ñtipatezi se ladã ehbi kbi tike me=i ni=pe ñtepi tãtu,https://www.ediana.gwi.uni-muenchen.de/corpus.php?corpus=lycian&docid=94,/TL 88 (Myra)/3
EDIANA-LYCIAN-94,lycian,source_attributed_transcription,· 4,lycian,True,tibe=i ni=pe hlm̃mi tuwetu hlm̃mi me=i tuweti tike tibe=i,https://www.ediana.gwi.uni-muenchen.de/corpus.php?corpus=lycian&docid=94,/TL 88 (Myra)/4
EDIANA-LYCIAN-94,lycian,source_attributed_transcription,· 5,lycian,True,ñtepi tadi tike m=ene itlehi tubeiti trm̃mili huwedri,https://www.ediana.gwi.uni-muenchen.de/corpus.php?corpus=lycian&docid=94,/TL 88 (Myra)/5
EDIANA-LYCIAN-94,lycian,source_attributed_transcription,· 6,lycian,True,se trqqas se mãhãi huwedri,https://www.ediana.gwi.uni-muenchen.de/corpus.php?corpus=lycian&docid=94,/TL 88 (Myra)/6
EDIANA-LYCIAN-95,lycian,source_attributed_transcription,· 1,lycian,True,xupã ebẽñnẽ m=ẽn=adẽ hri[xm̃]ma nẽne ehbije me=i ñtepi,https://www.ediana.gwi.uni-muenchen.de/corpus.php?corpus=lycian&docid=95,/TL 89 (Myra)/1
EDIANA-LYCIAN-95,lycian,source_attributed_transcription,· 2,lycian,True,tasñti ẽnehi hrixm̃ma[hñ] esedẽñnewẽ adi me=j=ẽ,https://www.ediana.gwi.uni-muenchen.de/corpus.php?corpus=lycian&docid=95,/TL 89 (Myra)/2
EDIANA-LYCIAN-95,lycian,source_attributed_transcription,· 3,lycian,True,tik!e xttbã tisñke m=ẽne i[t]lehi qãti trm̃mili,https://www.ediana.gwi.uni-muenchen.de/corpus.php?corpus=lycian&docid=95,/TL 89 (Myra)/3
EDIANA-LYCIAN-95,lycian,source_attributed_transcription,· 4,lycian,True,se=i=pm̃ pablãti tijãi,https://www.ediana.gwi.uni-muenchen.de/corpus.php?corpus=lycian&docid=95,/TL 89 (Myra)/4
EDIANA-LYCIAN-96,lycian,source_attributed_transcription,· 1,lycian,True,ebẽñnẽ xupã m=ẽne prñnawatẽ hrixm̃m[a lusñtrah tideimi m]e ñtepi,https://www.ediana.gwi.uni-muenchen.de/corpus.php?corpus=lycian&docid=96,/TL 90 (Myra)/1
EDIANA-LYCIAN-96,lycian,source_attributed_transcription,· 2,lycian,True,tãti hrixm̃mã sej=ẽn&lt;i&gt; lusãtrahñ sej=e[sedeñnewẽ ẽnehi lusãt]rahñ,https://www.ediana.gwi.uni-muenchen.de/corpus.php?corpus=lycian&docid=96,/TL 90 (Myra)/2
EDIANA-LYCIAN-96,lycian,source_attributed_transcription,· 3,lycian,True,se munaiti hrppi kduñ tijãi ñtep[i] tãn[e/a .................] tãti,https://www.ediana.gwi.uni-muenchen.de/corpus.php?corpus=lycian&docid=96,/TL 90 (Myra)/3
EDIANA-LYCIAN-96,lycian,source_attributed_transcription,· 4,lycian,True,ladã aladi...eze=ti adi mẽ=j=ẽ tik[e x]tt[bã tisñke],https://www.ediana.gwi.uni-muenchen.de/corpus.php?corpus=lycian&docid=96,/TL 90 (Myra)/4
EDIANA-LYCIAN-96,lycian,source_attributed_transcription,· 5,lycian,True,m=e[n]e itlehi qãñti trm̃mili se=i=p[m̃ pablãti tijãi],https://www.ediana.gwi.uni-muenchen.de/corpus.php?corpus=lycian&docid=96,/TL 90 (Myra)/5
EDIANA-LYCIAN-97,lycian,source_attributed_transcription,· 1,lycian,True,ebẽñnẽ pr[ñ]nawã m=ene prñnawatẽ xlppasi xssẽñzijah ti[deimi me=ije ñte tãti],https://www.ediana.gwi.uni-muenchen.de/corpus.php?corpus=lycian&docid=97,/TL 91 (Myra)/1
EDIANA-LYCIAN-97,lycian,source_attributed_transcription,· 2,lycian,True,xlppasi se ladu e[h]bi se=ije ni hrppi tãtu tike atlahi ti[be kbijehi me=ij],https://www.ediana.gwi.uni-muenchen.de/corpus.php?corpus=lycian&docid=97,/TL 91 (Myra)/2
EDIANA-LYCIAN-97,lycian,source_attributed_transcription,· 3,lycian,True,adi tike ti[h]e zu[m̃]mã me=we=j=esu httẽmi,https://www.ediana.gwi.uni-muenchen.de/corpus.php?corpus=lycian&docid=97,/TL 91 (Myra)/3
EDIANA-LYCIAN-98,lycian,source_attributed_transcription,· 1,lycian,True,[e]bẽñnẽ prñnawã me=ti prñ[naw]atẽ,https://www.ediana.gwi.uni-muenchen.de/corpus.php?corpus=lycian&docid=98,/TL 92 (Myra)/1
EDIANA-LYCIAN-98,lycian,source_attributed_transcription,· 2,lycian,True,[.]urttija mahanahi=di axã[t]i u[we]hi,https://www.ediana.gwi.uni-muenchen.de/corpus.php?corpus=lycian&docid=98,/TL 92 (Myra)/2
EDIANA-LYCIAN-98,lycian,source_attributed_transcription,· 3,lycian,True,[hr]ppi ladi e&lt;h&gt;bi hrpp[i]=uwe [..]n[,https://www.ediana.gwi.uni-muenchen.de/corpus.php?corpus=lycian&docid=98,/TL 92 (Myra)/3
EDIANA-LYCIAN-99,lycian,source_attributed_transcription,· 1,lycian,True,e[b]ẽñn[ẽ x]upã m=ẽ=t[i p]rñn[a]watẽ upazi musxxah tideimi hrppi ladi ehbi se tideime,https://www.ediana.gwi.uni-muenchen.de/corpus.php?corpus=lycian&docid=99,/TL 93 (Myra)/1
EDIANA-LYCIAN-99,lycian,source_attributed_transcription,· 2,lycian,True,sttati=ti [me]=i [ñ]t[ep]i t[ad]i upazi se ladu ehbi kbi tike me=i ni=pe ñtepi tãtu tibe=i ni=pe hlm̃mi tuwe[tu],https://www.ediana.gwi.uni-muenchen.de/corpus.php?corpus=lycian&docid=99,/TL 93 (Myra)/2
EDIANA-LYCIAN-99,lycian,source_attributed_transcription,· 3,lycian,True,[..]ahi[.]i hlm̃mi me=i tuweti tike tibe=i ñt[epi] tadi tike m=ẽne trq&lt;q&gt;as tubidi se muhãi huwedri,https://www.ediana.gwi.uni-muenchen.de/corpus.php?corpus=lycian&docid=99,/TL 93 (Myra)/3
EDIANA-LYCIAN-100,lycian,source_attributed_transcription,· 1,lycian,True,ebẽñnẽ prñna[w]ã me=ti prñnawatẽ hurttuw[e]ti hrppi ladi ehbi m=e[n]e ñtepi tãti hrzzi prñnawi se ladã,https://www.ediana.gwi.uni-muenchen.de/corpus.php?corpus=lycian&docid=100,/TL 94 (Myra)/1
EDIANA-LYCIAN-100,lycian,source_attributed_transcription,· 2,lycian,True,ehbi se haxãnã se=[ij]e ne hrppi tãti tik[e] h[rpp]i=[ij]e me=i tadi [t]ike m=ene itlehi qãñti trm̃mili,https://www.ediana.gwi.uni-muenchen.de/corpus.php?corpus=lycian&docid=100,/TL 94 (Myra)/2
EDIANA-LYCIAN-100,lycian,source_attributed_transcription,· 3,lycian,True,se=i=te tij=ap[.]di tike [..]edehe me ttiti ah[..... ....]zata [....]n ẽni qlah[i] ebijehi pñtreñnehi,https://www.ediana.gwi.uni-muenchen.de/corpus.php?corpus=lycian&docid=100,/TL 94 (Myra)/3
EDIANA-LYCIAN-101,lycian,source_attributed_transcription,· 1,lycian,True,.eburehi!j=ẽ=ti prñ[n]awate [..]i..l[...] tide]im!i .[.].[..]addeh tuhes,https://www.ediana.gwi.uni-muenchen.de/corpus.php?corpus=lycian&docid=101,/TL 95 (Myra)/1
EDIANA-LYCIAN-101,lycian,source_attributed_transcription,· 2,lycian,True,hrpp=ẽni ehbi se tuhe ehbije [me=i(je) a]di ti[k]e ti!he [z]um̃mẽ,https://www.ediana.gwi.uni-muenchen.de/corpus.php?corpus=lycian&docid=101,/TL 95 (Myra)/2
EDIANA-LYCIAN-101,lycian,source_attributed_transcription,· 3,lycian,True,m=ẽne itlehi qãñt[i] trm̃mili h[u]we[dri],https://www.ediana.gwi.uni-muenchen.de/corpus.php?corpus=lycian&docid=101,/TL 95 (Myra)/3
EDIANA-LYCIAN-102,lycian,source_attributed_transcription,· 1,lycian,True,[................]re[b.]edise[..r]u[r] [..]uga [...]uzireh,https://www.ediana.gwi.uni-muenchen.de/corpus.php?corpus=lycian&docid=102,/TL 96 (Myra)/1
EDIANA-LYCIAN-102,lycian,source_attributed_transcription,· 2,lycian,True,se m[..............]ija mu[r]i metluẉe tu[...]ei se terss-,https://www.ediana.gwi.uni-muenchen.de/corpus.php?corpus=lycian&docid=102,/TL 96 (Myra)/2
EDIANA-LYCIAN-102,lycian,source_attributed_transcription,· 3,lycian,True,[...................]i,https://www.ediana.gwi.uni-muenchen.de/corpus.php?corpus=lycian&docid=102,/TL 96 (Myra)/3
EDIANA-LYCIAN-103,lycian,source_attributed_transcription,· 1,lycian,True,pr[ñ]nawat[........,https://www.ediana.gwi.uni-muenchen.de/corpus.php?corpus=lycian&docid=103,/TL 97 (Myra)/1
EDIANA-LYCIAN-103,lycian,source_attributed_transcription,· 2,lycian,True,t.i.. hr[,https://www.ediana.gwi.uni-muenchen.de/corpus.php?corpus=lycian&docid=103,/TL 97 (Myra)/2
EDIANA-LYCIAN-103,lycian,source_attributed_transcription,· 3,lycian,True,.ut.eje .pt[,https://www.ediana.gwi.uni-muenchen.de/corpus.php?corpus=lycian&docid=103,/TL 97 (Myra)/3
EDIANA-LYCIAN-104,lycian,source_attributed_transcription,· 1,lycian,True,ebẽñnẽ xupu m=ana prñna[w]atẽ,https://www.ediana.gwi.uni-muenchen.de/corpus.php?corpus=lycian&docid=104,/N 308 (Myra)/1
EDIANA-LYCIAN-104,lycian,source_attributed_transcription,· 2,lycian,True,huzeimi hrppi ladi e[h][b]i,https://www.ediana.gwi.uni-muenchen.de/corpus.php?corpus=lycian&docid=104,/N 308 (Myra)/2
EDIANA-LYCIAN-104,lycian,source_attributed_transcription,· 3,lycian,True,se tideime,https://www.ediana.gwi.uni-muenchen.de/corpus.php?corpus=lycian&docid=104,/N 308 (Myra)/3
EDIANA-LYCIAN-105,lycian,source_attributed_transcription,·,lycian,True,ddepñneweh,https://www.ediana.gwi.uni-muenchen.de/corpus.php?corpus=lycian&docid=105,/N 309 (Myra)/1
EDIANA-LYCIAN-105,lycian,source_attributed_transcription,· 1,lycian,True,ebẽñnẽ xupã m=ẽ=ti=prñnawatẽ ddepñnewe hrppi ladi,https://www.ediana.gwi.uni-muenchen.de/corpus.php?corpus=lycian&docid=105,/N 309 (Myra)/3
EDIANA-LYCIAN-105,lycian,source_attributed_transcription,· 2,lycian,True,ehbi xatm̃maje m=ene=ñtepi=tãti xatm̃mã se sidi,https://www.ediana.gwi.uni-muenchen.de/corpus.php?corpus=lycian&docid=105,/N 309 (Myra)/4
EDIANA-LYCIAN-105,lycian,source_attributed_transcription,· 3,lycian,True,ehbi kbijẽ tezi huzetẽi kbi tike me=ije=ne=hrij=alahadi,https://www.ediana.gwi.uni-muenchen.de/corpus.php?corpus=lycian&docid=105,/N 309 (Myra)/5
EDIANA-LYCIAN-105,lycian,source_attributed_transcription,· 4,lycian,True,atlahi tibe kbijehi hri=ije me=i alahadi tike terihe,https://www.ediana.gwi.uni-muenchen.de/corpus.php?corpus=lycian&docid=105,/N 309 (Myra)/6
EDIANA-LYCIAN-105,lycian,source_attributed_transcription,· 5,lycian,True,tibe hr[uttla],https://www.ediana.gwi.uni-muenchen.de/corpus.php?corpus=lycian&docid=105,/N 309 (Myra)/8
EDIANA-LYCIAN-105,lycian,source_attributed_transcription,· 6,lycian,True,ebeija,https://www.ediana.gwi.uni-muenchen.de/corpus.php?corpus=lycian&docid=105,/N 309 (Myra)/9
EDIANA-LYCIAN-105,lycian,source_attributed_transcription,· 7,lycian,True,x]ttadi,https://www.ediana.gwi.uni-muenchen.de/corpus.php?corpus=lycian&docid=105,/N 309 (Myra)/10
EDIANA-LYCIAN-105,lycian,source_attributed_transcription,· 8,lycian,True,[  ],https://www.ediana.gwi.uni-muenchen.de/corpus.php?corpus=lycian&docid=105,/N 309 (Myra)/11
EDIANA-LYCIAN-105,lycian,source_attributed_transcription,· 9,lycian,True,] tike,https://www.ediana.gwi.uni-muenchen.de/corpus.php?corpus=lycian&docid=105,/N 309 (Myra)/12
EDIANA-LYCIAN-105,lycian,source_attributed_transcription,· 10,lycian,True,ẽti kbatra sijẽn[i,https://www.ediana.gwi.uni-muenchen.de/corpus.php?corpus=lycian&docid=105,/N 309 (Myra)/14
EDIANA-LYCIAN-105,lycian,source_attributed_transcription,· 11,lycian,True,teli ddepñne[w]eh,https://www.ediana.gwi.uni-muenchen.de/corpus.php?corpus=lycian&docid=105,/N 309 (Myra)/15
EDIANA-LYCIAN-105,lycian,source_attributed_transcription,· 12,lycian,True,me=i mãhãi httẽm̃,https://www.ediana.gwi.uni-muenchen.de/corpus.php?corpus=lycian&docid=105,/N 309 (Myra)/16
EDIANA-LYCIAN-105,lycian,source_attributed_transcription,· 13,lycian,True,latãi se heledi,https://www.ediana.gwi.uni-muenchen.de/corpus.php?corpus=lycian&docid=105,/N 309 (Myra)/17
EDIANA-LYCIAN-105,lycian,source_attributed_transcription,· 14,lycian,True,se trbbãmara,https://www.ediana.gwi.uni-muenchen.de/corpus.php?corpus=lycian&docid=105,/N 309 (Myra)/18
EDIANA-LYCIAN-105,lycian,source_attributed_transcription,· 15,lycian,True,se pddẽxba,https://www.ediana.gwi.uni-muenchen.de/corpus.php?corpus=lycian&docid=105,/N 309 (Myra)/19
EDIANA-LYCIAN-105,lycian,source_attributed_transcription,· 16,lycian,True,se tesm̃mi m=ene,https://www.ediana.gwi.uni-muenchen.de/corpus.php?corpus=lycian&docid=105,/N 309 (Myra)/20
EDIANA-LYCIAN-105,lycian,source_attributed_transcription,· 17,lycian,True,ni ñtepi hadu,https://www.ediana.gwi.uni-muenchen.de/corpus.php?corpus=lycian&docid=105,/N 309 (Myra)/21
EDIANA-LYCIAN-105,lycian,source_attributed_transcription,· 18,lycian,True,lataze s=ene,https://www.ediana.gwi.uni-muenchen.de/corpus.php?corpus=lycian&docid=105,/N 309 (Myra)/22
EDIANA-LYCIAN-105,lycian,source_attributed_transcription,· 19,lycian,True,itlehi qãñ[ti],https://www.ediana.gwi.uni-muenchen.de/corpus.php?corpus=lycian&docid=105,/N 309 (Myra)/23
EDIANA-LYCIAN-105,lycian,source_attributed_transcription,· 20,lycian,True,trm̃mili huw[edri],https://www.ediana.gwi.uni-muenchen.de/corpus.php?corpus=lycian&docid=105,/N 309 (Myra)/24
EDIANA-LYCIAN-106,lycian,source_attributed_transcription,· 1,lycian,True,tukedri [e]behẽ m[e x]udalijẽ .bu[,https://www.ediana.gwi.uni-muenchen.de/corpus.php?corpus=lycian&docid=106,/TL 54 (Phellos)/1
EDIANA-LYCIAN-106,lycian,source_attributed_transcription,· 2,lycian,True,wẽteh◊ zzimaza murãzah◊ tide[imi,https://www.ediana.gwi.uni-muenchen.de/corpus.php?corpus=lycian&docid=106,/TL 54 (Phellos)/2
EDIANA-LYCIAN-106,lycian,source_attributed_transcription,· 3,lycian,True,ñ[t]a[t]i eb[eh]ẽ me=uwa xudali[j]ẹ̃h◊ e.d[,https://www.ediana.gwi.uni-muenchen.de/corpus.php?corpus=lycian&docid=106,/TL 54 (Phellos)/3
EDIANA-LYCIAN-106,lycian,source_attributed_transcription,· 4,lycian,True,wu me=ñne [..] tideimi,https://www.ediana.gwi.uni-muenchen.de/corpus.php?corpus=lycian&docid=106,/TL 54 (Phellos)/4
EDIANA-LYCIAN-107,lycian,source_attributed_transcription,· 1,lycian,True,ebẽ prñnawã me=ti prñnawatẽ sbikezijẽi mrexisa tideimi ladi ehbi se tideime,https://www.ediana.gwi.uni-muenchen.de/corpus.php?corpus=lycian&docid=107,/TL 61 (Phellos)/1
EDIANA-LYCIAN-107,lycian,source_attributed_transcription,· 2,lycian,True,ẽnẽ xñtawata wataprddatehe,https://www.ediana.gwi.uni-muenchen.de/corpus.php?corpus=lycian&docid=107,/TL 61 (Phellos)/2
EDIANA-LYCIAN-108,lycian,source_attributed_transcription,· 1,lycian,True,ebeija arawazija me=ti prñnaw[atẽ],https://www.ediana.gwi.uni-muenchen.de/corpus.php?corpus=lycian&docid=108,/N 303 (Phellos)/1
EDIANA-LYCIAN-108,lycian,source_attributed_transcription,· 2,lycian,True,arñnas xtt.ahe,https://www.ediana.gwi.uni-muenchen.de/corpus.php?corpus=lycian&docid=108,/N 303 (Phellos)/2
EDIANA-LYCIAN-108,lycian,source_attributed_transcription,· 3,lycian,True,a  h  n  .,https://www.ediana.gwi.uni-muenchen.de/corpus.php?corpus=lycian&docid=108,/N 303 (Phellos)/3
EDIANA-LYCIAN-109,lycian,source_attributed_transcription,· 1,lycian,True,ebẽñnẽ xup[ã m]=ẽne prñnawatẽ,https://www.ediana.gwi.uni-muenchen.de/corpus.php?corpus=lycian&docid=109,/N 310 (Phellos)/1
EDIANA-LYCIAN-109,lycian,source_attributed_transcription,· 2,lycian,True,xlasitini magabatah tideimi,https://www.ediana.gwi.uni-muenchen.de/corpus.php?corpus=lycian&docid=109,/N 310 (Phellos)/2
EDIANA-LYCIAN-109,lycian,source_attributed_transcription,· 3,lycian,True,xali qehñnite=ti ebẽñnẽ,https://www.ediana.gwi.uni-muenchen.de/corpus.php?corpus=lycian&docid=109,/N 310 (Phellos)/3
EDIANA-LYCIAN-109,lycian,source_attributed_transcription,· 4,lycian,True,ẽ[nẽ] arppaxuhe xñt[aw]ata,https://www.ediana.gwi.uni-muenchen.de/corpus.php?corpus=lycian&docid=109,/N 310 (Phellos)/4
EDIANA-LYCIAN-110,lycian,source_attributed_transcription,·,lycian,True,pttlezẽi sb[i]kazah tideimi,https://www.ediana.gwi.uni-muenchen.de/corpus.php?corpus=lycian&docid=110,/TL 10 (Pinara)/1
EDIANA-LYCIAN-111,lycian,source_attributed_transcription,· 1,lycian,True,ebẽñnẽ prñnawã m=ẽ=ti prñnawatẽ ddapssm̃ma padrm̃mah tid[eimi],https://www.ediana.gwi.uni-muenchen.de/corpus.php?corpus=lycian&docid=111,/TL 11 (Pinara)/1
EDIANA-LYCIAN-111,lycian,source_attributed_transcription,· 2,lycian,True,hrppi prñnezi ehbi urebillaha trm̃misñ xñtewete ter[.],https://www.ediana.gwi.uni-muenchen.de/corpus.php?corpus=lycian&docid=111,/TL 11 (Pinara)/2
EDIANA-LYCIAN-111,lycian,source_attributed_transcription,· 3,lycian,True,arttum̃para s=ẽ=t=alahhãti miñti adai O–,https://www.ediana.gwi.uni-muenchen.de/corpus.php?corpus=lycian&docid=111,/TL 11 (Pinara)/3
EDIANA-LYCIAN-112,lycian,source_attributed_transcription,· 1,lycian,True,ebẽ[ñ]nẽ xupã m=ene=prñnewãtẽ,https://www.ediana.gwi.uni-muenchen.de/corpus.php?corpus=lycian&docid=112,/TL 12 (Pinara)/1
EDIANA-LYCIAN-112,lycian,source_attributed_transcription,· 2,lycian,True,slm̃mewe pñnuteh tideimi se huwetẽne,https://www.ediana.gwi.uni-muenchen.de/corpus.php?corpus=lycian&docid=112,/TL 12 (Pinara)/2
EDIANA-LYCIAN-113,lycian,source_attributed_transcription,· 1,lycian,True,ebẽñnẽ xupã m=ene,https://www.ediana.gwi.uni-muenchen.de/corpus.php?corpus=lycian&docid=113,/TL 13 (Pinara)/1
EDIANA-LYCIAN-113,lycian,source_attributed_transcription,· 2,lycian,True,prñnawetẽ pddãxñta,https://www.ediana.gwi.uni-muenchen.de/corpus.php?corpus=lycian&docid=113,/TL 13 (Pinara)/2
EDIANA-LYCIAN-113,lycian,source_attributed_transcription,· 3,lycian,True,xzzubezeh tideimi,https://www.ediana.gwi.uni-muenchen.de/corpus.php?corpus=lycian&docid=113,/TL 13 (Pinara)/3
EDIANA-LYCIAN-113,lycian,source_attributed_transcription,· 4,lycian,True,hrppi ladi ehbi se tide-iṃe&lt;n&gt;,https://www.ediana.gwi.uni-muenchen.de/corpus.php?corpus=lycian&docid=113,/TL 13 (Pinara)/4
EDIANA-LYCIAN-113,lycian,source_attributed_transcription,· 5,lycian,True,ehbije,https://www.ediana.gwi.uni-muenchen.de/corpus.php?corpus=lycian&docid=113,/TL 13 (Pinara)/5
EDIANA-LYCIAN-114,lycian,source_attributed_transcription,· 1,lycian,True,ebẽñni prñnawã m=ene,https://www.ediana.gwi.uni-muenchen.de/corpus.php?corpus=lycian&docid=114,/TL 14 (Pinara)/1
EDIANA-LYCIAN-114,lycian,source_attributed_transcription,· 2,lycian,True,prñnawatẽ ahamãsi huniplah,https://www.ediana.gwi.uni-muenchen.de/corpus.php?corpus=lycian&docid=114,/TL 14 (Pinara)/2
EDIANA-LYCIAN-114,lycian,source_attributed_transcription,· 3,lycian,True,tideimi hrppi [l]adi ehbi se tideime,https://www.ediana.gwi.uni-muenchen.de/corpus.php?corpus=lycian&docid=114,/TL 14 (Pinara)/3
EDIANA-LYCIAN-115,lycian,source_attributed_transcription,· 1,lycian,True,ebẽñnẽ prñnaw[ã m(e)=...] prñnawatẽ,https://www.ediana.gwi.uni-muenchen.de/corpus.php?corpus=lycian&docid=115,/TL 15 (Pinara)/1
EDIANA-LYCIAN-115,lycian,source_attributed_transcription,· 2,lycian,True,pddaxñta xebe[....]h tideimi,https://www.ediana.gwi.uni-muenchen.de/corpus.php?corpus=lycian&docid=115,/TL 15 (Pinara)/2
EDIANA-LYCIAN-115,lycian,source_attributed_transcription,· 3,lycian,True,hrppi ladi ehbi [se ti]deime,https://www.ediana.gwi.uni-muenchen.de/corpus.php?corpus=lycian&docid=115,/TL 15 (Pinara)/3
EDIANA-LYCIAN-116,lycian,source_attributed_transcription,· 1,lycian,True,ebẽñnẽ xupã : m=ẽ=ti prñnạwatẽ wazala eppleme tiḍ[eimi],https://www.ediana.gwi.uni-muenchen.de/corpus.php?corpus=lycian&docid=116,/TL 16 (Pinara)/1
EDIANA-LYCIAN-116,lycian,source_attributed_transcription,· 2,lycian,True,[hr]ṗp?i [la]ḍi : ehbi se t]ideime aladahali [:] awasi ada II–?,https://www.ediana.gwi.uni-muenchen.de/corpus.php?corpus=lycian&docid=116,/TL 16 (Pinara)/2
EDIANA-LYCIAN-117,lycian,source_attributed_transcription,· 1,lycian,True,ebẽñn[ẽ] xuṗạ̃ m=ẽ=ti pr[ñna]wa[t]ẹ̃ [.....]emi,https://www.ediana.gwi.uni-muenchen.de/corpus.php?corpus=lycian&docid=117,/TL 17 (Pinara)/1
EDIANA-LYCIAN-117,lycian,source_attributed_transcription,· 2,lycian,True,hrppi ladi ehbi [se t]id[e]ime alad[ah]ali,https://www.ediana.gwi.uni-muenchen.de/corpus.php?corpus=lycian&docid=117,/TL 17 (Pinara)/2
EDIANA-LYCIAN-117,lycian,source_attributed_transcription,· 3,lycian,True,awaha&lt;&lt;ṛ/a&gt;&gt;i [......... a]da I,https://www.ediana.gwi.uni-muenchen.de/corpus.php?corpus=lycian&docid=117,/TL 17 (Pinara)/3
EDIANA-LYCIAN-118,lycian,source_attributed_transcription,· 1,lycian,True,ebẽñ[nẽ] xup[ã m=en]e [pr]ñn[a]watẽ prị[,https://www.ediana.gwi.uni-muenchen.de/corpus.php?corpus=lycian&docid=118,/TL 18 (Pinara)/1
EDIANA-LYCIAN-118,lycian,source_attributed_transcription,· 2,lycian,True,se=i epñ lẽ[t]ẽ ịhix[.]i xahb.. ehbi,https://www.ediana.gwi.uni-muenchen.de/corpus.php?corpus=lycian&docid=118,/TL 18 (Pinara)/2
EDIANA-LYCIAN-119,lycian,source_attributed_transcription,· 1,lycian,True,ebẽ!ñnẽ prñnawã m=ẽ=ti prñnawatẽ,https://www.ediana.gwi.uni-muenchen.de/corpus.php?corpus=lycian&docid=119,/TL 19 (Pinara)/1
EDIANA-LYCIAN-119,lycian,source_attributed_transcription,· 2,lycian,True,xisterija xzzbãseh tideimi,https://www.ediana.gwi.uni-muenchen.de/corpus.php?corpus=lycian&docid=119,/TL 19 (Pinara)/2
EDIANA-LYCIAN-119,lycian,source_attributed_transcription,· 3,lycian,True,hrppi ladi ehbi se tideime,https://www.ediana.gwi.uni-muenchen.de/corpus.php?corpus=lycian&docid=119,/TL 19 (Pinara)/3
EDIANA-LYCIAN-120,lycian,source_attributed_transcription,· 1,lycian,True,[.........] se[.]ṛịṭẽ,https://www.ediana.gwi.uni-muenchen.de/corpus.php?corpus=lycian&docid=120,/TL 20 (Pinara)/1
EDIANA-LYCIAN-120,lycian,source_attributed_transcription,· 2,lycian,True,[.........]ẉẹṭi awahai,https://www.ediana.gwi.uni-muenchen.de/corpus.php?corpus=lycian&docid=120,/TL 20 (Pinara)/2
EDIANA-LYCIAN-120,lycian,source_attributed_transcription,· 3,lycian,True,aladahali : xupa,https://www.ediana.gwi.uni-muenchen.de/corpus.php?corpus=lycian&docid=120,/TL 20 (Pinara)/3
EDIANA-LYCIAN-120,lycian,source_attributed_transcription,· 4,lycian,True,ebehi : ada II,https://www.ediana.gwi.uni-muenchen.de/corpus.php?corpus=lycian&docid=120,/TL 20 (Pinara)/4
EDIANA-LYCIAN-121,lycian,source_attributed_transcription,· 1,lycian,True,ebẽñnẽ xupã m=ene prñnawa[t]ẽ [.]azz[.],https://www.ediana.gwi.uni-muenchen.de/corpus.php?corpus=lycian&docid=121,/N 322 (Pinara)/1
EDIANA-LYCIAN-121,lycian,source_attributed_transcription,· 2,lycian,True,pẽmudijah tideimi qelehi kumaza,https://www.ediana.gwi.uni-muenchen.de/corpus.php?corpus=lycian&docid=121,/N 322 (Pinara)/2
EDIANA-LYCIAN-121,lycian,source_attributed_transcription,· 3,lycian,True,[h]rppi ladi se tideime aladahali,https://www.ediana.gwi.uni-muenchen.de/corpus.php?corpus=lycian&docid=121,/N 322 (Pinara)/3
EDIANA-LYCIAN-121,lycian,source_attributed_transcription,· 4,lycian,True,ada II,https://www.ediana.gwi.uni-muenchen.de/corpus.php?corpus=lycian&docid=121,/N 322 (Pinara)/4
EDIANA-LYCIAN-122,lycian,source_attributed_transcription,· 1,lycian,True,ebẽñni x[upu m=e]ne prñnaw!ã{:}[tẽ],https://www.ediana.gwi.uni-muenchen.de/corpus.php?corpus=lycian&docid=122,/N 336 (Pinara)/1
EDIANA-LYCIAN-122,lycian,source_attributed_transcription,· 2,lycian,True,eseuwe sa sṗ[...........] hrppi,https://www.ediana.gwi.uni-muenchen.de/corpus.php?corpus=lycian&docid=122,/N 336 (Pinara)/2
EDIANA-LYCIAN-122,lycian,source_attributed_transcription,· 3,lycian,True,[.....................] hri tãtu tike,https://www.ediana.gwi.uni-muenchen.de/corpus.php?corpus=lycian&docid=122,/N 336 (Pinara)/3
EDIANA-LYCIAN-122,lycian,source_attributed_transcription,· 4,lycian,True,kbi [............]easa tike mahãna,https://www.ediana.gwi.uni-muenchen.de/corpus.php?corpus=lycian&docid=122,/N 336 (Pinara)/4
EDIANA-LYCIAN-122,lycian,source_attributed_transcription,· 6,lycian,True,aṛ[,https://www.ediana.gwi.uni-muenchen.de/corpus.php?corpus=lycian&docid=122,/N 336 (Pinara)/6
EDIANA-LYCIAN-123,lycian,source_attributed_transcription,· 1,lycian,True,ebẽñnẽ prñnawã m=ene prñnawatẽ,https://www.ediana.gwi.uni-muenchen.de/corpus.php?corpus=lycian&docid=123,/TL 149 (Rhodiapolis)/1
EDIANA-LYCIAN-123,lycian,source_attributed_transcription,· 2,lycian,True,ijamara terssixleh◊ tideimi malijahi,https://www.ediana.gwi.uni-muenchen.de/corpus.php?corpus=lycian&docid=123,/TL 149 (Rhodiapolis)/2
EDIANA-LYCIAN-123,lycian,source_attributed_transcription,· 3,lycian,True,wedrẽñnehi axãtaza me pibijeti,https://www.ediana.gwi.uni-muenchen.de/corpus.php?corpus=lycian&docid=123,/TL 149 (Rhodiapolis)/3
EDIANA-LYCIAN-123,lycian,source_attributed_transcription,· 4,lycian,True,prñnezi se tteri adaijẽ me=i ne ñtawãtã,https://www.ediana.gwi.uni-muenchen.de/corpus.php?corpus=lycian&docid=123,/TL 149 (Rhodiapolis)/4
EDIANA-LYCIAN-123,lycian,source_attributed_transcription,· 5,lycian,True,pibijeti tere ebehẽ me=ije ne hrppi tãti,https://www.ediana.gwi.uni-muenchen.de/corpus.php?corpus=lycian&docid=123,/TL 149 (Rhodiapolis)/5
EDIANA-LYCIAN-123,lycian,source_attributed_transcription,· 6,lycian,True,tike ijamaraje tibe ladi ehbi : hrpp[i=(i)je me=i],https://www.ediana.gwi.uni-muenchen.de/corpus.php?corpus=lycian&docid=123,/TL 149 (Rhodiapolis)/6
EDIANA-LYCIAN-123,lycian,source_attributed_transcription,· 7,lycian,True,tadi tike kbi tike ti[b]e xttbadi ẽti prñn[ezi tibe],https://www.ediana.gwi.uni-muenchen.de/corpus.php?corpus=lycian&docid=123,/TL 149 (Rhodiapolis)/7
EDIANA-LYCIAN-123,lycian,source_attributed_transcription,· 8,lycian,True,kbijehi tike me httẽmi ãnabahẽ se ...[....],https://www.ediana.gwi.uni-muenchen.de/corpus.php?corpus=lycian&docid=123,/TL 149 (Rhodiapolis)/8
EDIANA-LYCIAN-123,lycian,source_attributed_transcription,· 9,lycian,True,wedrẽñni am̃mãma km̃ma sñta wawã ṣẹ .[,https://www.ediana.gwi.uni-muenchen.de/corpus.php?corpus=lycian&docid=123,/TL 149 (Rhodiapolis)/9
EDIANA-LYCIAN-123,lycian,source_attributed_transcription,· 10,lycian,True,xawã s=ẽne tesẽti qãñti trm̃milijẽti [......],https://www.ediana.gwi.uni-muenchen.de/corpus.php?corpus=lycian&docid=123,/TL 149 (Rhodiapolis)/10
EDIANA-LYCIAN-123,lycian,source_attributed_transcription,· 11,lycian,True,se itlehi punemedezi se kumezeiti [: prñnezi],https://www.ediana.gwi.uni-muenchen.de/corpus.php?corpus=lycian&docid=123,/TL 149 (Rhodiapolis)/11
EDIANA-LYCIAN-123,lycian,source_attributed_transcription,· 12,lycian,True,se teteri uhazata mali wedrẽñni hrp[pi ....],https://www.ediana.gwi.uni-muenchen.de/corpus.php?corpus=lycian&docid=123,/TL 149 (Rhodiapolis)/12
EDIANA-LYCIAN-123,lycian,source_attributed_transcription,· 13,lycian,True,se=i agã ijase hrm̃mã ebẽ me pijaxã m.[......],https://www.ediana.gwi.uni-muenchen.de/corpus.php?corpus=lycian&docid=123,/TL 149 (Rhodiapolis)/13
EDIANA-LYCIAN-123,lycian,source_attributed_transcription,· 14,lycian,True,mupm̃me miñte me=ti mazaiti terẽ ekẽ : [.]..[...],https://www.ediana.gwi.uni-muenchen.de/corpus.php?corpus=lycian&docid=123,/TL 149 (Rhodiapolis)/14
EDIANA-LYCIAN-123,lycian,source_attributed_transcription,· 15,lycian,True,tike hrppi ttãne kbi pddẽ=te [.]e ebei [...],https://www.ediana.gwi.uni-muenchen.de/corpus.php?corpus=lycian&docid=123,/TL 149 (Rhodiapolis)/15
EDIANA-LYCIAN-123,lycian,source_attributed_transcription,· 16,lycian,True,uhazata tere ebehi kumehi hrpṗ=ẹ̃ [...],https://www.ediana.gwi.uni-muenchen.de/corpus.php?corpus=lycian&docid=123,/TL 149 (Rhodiapolis)/16
EDIANA-LYCIAN-123,lycian,source_attributed_transcription,· 17,lycian,True,se pijaxa meipẽme kumezeiṇẹ me.uṃe.,https://www.ediana.gwi.uni-muenchen.de/corpus.php?corpus=lycian&docid=123,/TL 149 (Rhodiapolis)/17
EDIANA-LYCIAN-123,lycian,source_attributed_transcription,· 18,lycian,True,ebette,https://www.ediana.gwi.uni-muenchen.de/corpus.php?corpus=lycian&docid=123,/TL 149 (Rhodiapolis)/18
EDIANA-LYCIAN-124,lycian,source_attributed_transcription,· 1,lycian,True,ebeli me sijẽni xssẽñzija,https://www.ediana.gwi.uni-muenchen.de/corpus.php?corpus=lycian&docid=124,/TL 150 (Rhodiapolis)/1
EDIANA-LYCIAN-124,lycian,source_attributed_transcription,· 2,lycian,True,xñtlapah tideimi mutleh,https://www.ediana.gwi.uni-muenchen.de/corpus.php?corpus=lycian&docid=124,/TL 150 (Rhodiapolis)/2
EDIANA-LYCIAN-124,lycian,source_attributed_transcription,· 3,lycian,True,prñnezijehi prñnawate=ti,https://www.ediana.gwi.uni-muenchen.de/corpus.php?corpus=lycian&docid=124,/TL 150 (Rhodiapolis)/3
EDIANA-LYCIAN-124,lycian,source_attributed_transcription,· 4,lycian,True,ñtatã atli ehbi se=ije ne hrppi,https://www.ediana.gwi.uni-muenchen.de/corpus.php?corpus=lycian&docid=124,/TL 150 (Rhodiapolis)/4
EDIANA-LYCIAN-124,lycian,source_attributed_transcription,· 5,lycian,True,tãti tike kbi hrppi=je me=i,https://www.ediana.gwi.uni-muenchen.de/corpus.php?corpus=lycian&docid=124,/TL 150 (Rhodiapolis)/5
EDIANA-LYCIAN-124,lycian,source_attributed_transcription,· 6,lycian,True,tã[t]i m=ene qastti malija,https://www.ediana.gwi.uni-muenchen.de/corpus.php?corpus=lycian&docid=124,/TL 150 (Rhodiapolis)/6
EDIANA-LYCIAN-124,lycian,source_attributed_transcription,· 7,lycian,True,wedrẽñni se itlehi trm̃mili,https://www.ediana.gwi.uni-muenchen.de/corpus.php?corpus=lycian&docid=124,/TL 150 (Rhodiapolis)/7
EDIANA-LYCIAN-124,lycian,source_attributed_transcription,· 8,lycian,True,huwedri xssẽñzijaje hberuse,https://www.ediana.gwi.uni-muenchen.de/corpus.php?corpus=lycian&docid=124,/TL 150 (Rhodiapolis)/8
EDIANA-LYCIAN-124,lycian,source_attributed_transcription,· 9,lycian,True,zasãni xadrñna uhazata kumezeine,https://www.ediana.gwi.uni-muenchen.de/corpus.php?corpus=lycian&docid=124,/TL 150 (Rhodiapolis)/9
EDIANA-LYCIAN-125,lycian,source_attributed_transcription,· 1,lycian,True,ebẽñnẽ prñnawu m=ẽne,https://www.ediana.gwi.uni-muenchen.de/corpus.php?corpus=lycian&docid=125,/TL 53 (Seyret)/1
EDIANA-LYCIAN-125,lycian,source_attributed_transcription,· 2,lycian,True,prñnawatẽ hanadaza hrppi,https://www.ediana.gwi.uni-muenchen.de/corpus.php?corpus=lycian&docid=125,/TL 53 (Seyret)/2
EDIANA-LYCIAN-125,lycian,source_attributed_transcription,· 3,lycian,True,ladi ehbi se tideime,https://www.ediana.gwi.uni-muenchen.de/corpus.php?corpus=lycian&docid=125,/TL 53 (Seyret)/3
EDIANA-LYCIAN-126,lycian,source_attributed_transcription,· 1,lycian,True,xupu am̃pu.eu prñnawate a[...]uimeu,https://www.ediana.gwi.uni-muenchen.de/corpus.php?corpus=lycian&docid=126,/N 315 (Seyret)/1
EDIANA-LYCIAN-126,lycian,source_attributed_transcription,· 2,lycian,True,tideimi ẽnẽ xñtaw{w}a[ta mizrppatah,https://www.ediana.gwi.uni-muenchen.de/corpus.php?corpus=lycian&docid=126,/N 315 (Seyret)/2
EDIANA-LYCIAN-127,lycian,source_attributed_transcription,· 1,lycian,True,ebẽñ[n]ẽ xupã m=ẽn=adẽ krehẽnube s=ẽ pijetẽ wazijeje,https://www.ediana.gwi.uni-muenchen.de/corpus.php?corpus=lycian&docid=127,/TL 52 (Sidek-Yayla)/1
EDIANA-LYCIAN-127,lycian,source_attributed_transcription,· 2,lycian,True,sej=ẽni se pi[j]etẽ miñti ñtawãtã,https://www.ediana.gwi.uni-muenchen.de/corpus.php?corpus=lycian&docid=127,/TL 52 (Sidek-Yayla)/2
EDIANA-LYCIAN-128,lycian,source_attributed_transcription,· 1,lycian,True,ebẽñnẽ xupã m=ẽ=ti prñnawatẽ arm̃palitxa ..xuh,https://www.ediana.gwi.uni-muenchen.de/corpus.php?corpus=lycian&docid=128,/TL 68 (Simena)/1
EDIANA-LYCIAN-128,lycian,source_attributed_transcription,· 2,lycian,True,tide&lt;i&gt;mi hrppi ladi ehbi se tideime,https://www.ediana.gwi.uni-muenchen.de/corpus.php?corpus=lycian&docid=128,/TL 68 (Simena)/2
EDIANA-LYCIAN-129,lycian,source_attributed_transcription,· 1,lycian,True,ebẽñnẽ prñnawã me=ti prñnawatẽ mizretije murãzah tuhes mluhidaza surezi,https://www.ediana.gwi.uni-muenchen.de/corpus.php?corpus=lycian&docid=129,/TL 84 (Sura)/1
EDIANA-LYCIAN-129,lycian,source_attributed_transcription,· 2,lycian,True,hrppi atli ehbi se ladi se tideime ehbije s=ed=adẽ atli hrzzẽ [i]spazijẽ me=te ñta tãti,https://www.ediana.gwi.uni-muenchen.de/corpus.php?corpus=lycian&docid=129,/TL 84 (Sura)/2
EDIANA-LYCIAN-129,lycian,source_attributed_transcription,· 3,lycian,True,ebñnẽ hãtã se ladã hrppi=je me=i tadi tike tike m=ene qla [q]a[s]tt(i) ebi surezi s=ed=adẽ,https://www.ediana.gwi.uni-muenchen.de/corpus.php?corpus=lycian&docid=129,/TL 84 (Sura)/3
EDIANA-LYCIAN-129,lycian,source_attributed_transcription,· 4,lycian,True,hrm̃mã ijase atlahi m=ep=ẽti hãxxati mluhidaza ddeipñte xitẽ=pi term̃ mluhidazãi,https://www.ediana.gwi.uni-muenchen.de/corpus.php?corpus=lycian&docid=129,/TL 84 (Sura)/4
EDIANA-LYCIAN-129,lycian,source_attributed_transcription,· 5,lycian,True,m=ed=i ñte xultti hrm̃mã pñtbahi ñtenẽ xruwi m=ede=te=w[ẽ] kumezeiti uhazata tuweri se,https://www.ediana.gwi.uni-muenchen.de/corpus.php?corpus=lycian&docid=129,/TL 84 (Sura)/5
EDIANA-LYCIAN-129,lycian,source_attributed_transcription,· 6,lycian,True,mizratijehe kumehi adaijẽ ¦¦– urazijẽ [...] adi ẽ sej=epi hadi=ti [s]e me=i ne kumazati,https://www.ediana.gwi.uni-muenchen.de/corpus.php?corpus=lycian&docid=129,/TL 84 (Sura)/6
EDIANA-LYCIAN-129,lycian,source_attributed_transcription,· 7,lycian,True,m=ene pddẽ qla sm̃mati ebi surezi,https://www.ediana.gwi.uni-muenchen.de/corpus.php?corpus=lycian&docid=129,/TL 84 (Sura)/7
EDIANA-LYCIAN-130,lycian,source_attributed_transcription,· 1,lycian,True,k]umezei.[,https://www.ediana.gwi.uni-muenchen.de/corpus.php?corpus=lycian&docid=130,/N 304 (Sura)/1
EDIANA-LYCIAN-130,lycian,source_attributed_transcription,· 2,lycian,True,]wa,https://www.ediana.gwi.uni-muenchen.de/corpus.php?corpus=lycian&docid=130,/N 304 (Sura)/2
EDIANA-LYCIAN-130,lycian,source_attributed_transcription,· 3,lycian,True,]ze.i(=) ti,https://www.ediana.gwi.uni-muenchen.de/corpus.php?corpus=lycian&docid=130,/N 304 (Sura)/3
EDIANA-LYCIAN-130,lycian,source_attributed_transcription,· 4,lycian,True,]lezi,https://www.ediana.gwi.uni-muenchen.de/corpus.php?corpus=lycian&docid=130,/N 304 (Sura)/4
EDIANA-LYCIAN-130,lycian,source_attributed_transcription,· 5,lycian,True,]arm̃ma,https://www.ediana.gwi.uni-muenchen.de/corpus.php?corpus=lycian&docid=130,/N 304 (Sura)/5
EDIANA-LYCIAN-130,lycian,source_attributed_transcription,· 6,lycian,True,] zi.[,https://www.ediana.gwi.uni-muenchen.de/corpus.php?corpus=lycian&docid=130,/N 304 (Sura)/6
EDIANA-LYCIAN-130,lycian,source_attributed_transcription,· 7,lycian,True,]him,https://www.ediana.gwi.uni-muenchen.de/corpus.php?corpus=lycian&docid=130,/N 304 (Sura)/7
EDIANA-LYCIAN-130,lycian,source_attributed_transcription,· 8,lycian,True,]i,https://www.ediana.gwi.uni-muenchen.de/corpus.php?corpus=lycian&docid=130,/N 304 (Sura)/8
EDIANA-LYCIAN-130,lycian,source_attributed_transcription,· 9,lycian,True,t]ibe mul[,https://www.ediana.gwi.uni-muenchen.de/corpus.php?corpus=lycian&docid=130,/N 304 (Sura)/9
EDIANA-LYCIAN-130,lycian,source_attributed_transcription,· 10,lycian,True,]edi tib[e,https://www.ediana.gwi.uni-muenchen.de/corpus.php?corpus=lycian&docid=130,/N 304 (Sura)/10
EDIANA-LYCIAN-130,lycian,source_attributed_transcription,· 11,lycian,True,mãh]ãi httem̃[,https://www.ediana.gwi.uni-muenchen.de/corpus.php?corpus=lycian&docid=130,/N 304 (Sura)/11
EDIANA-LYCIAN-130,lycian,source_attributed_transcription,· 12,lycian,True,].l.b.[,https://www.ediana.gwi.uni-muenchen.de/corpus.php?corpus=lycian&docid=130,/N 304 (Sura)/12
EDIANA-LYCIAN-130,lycian,source_attributed_transcription,· 13,lycian,True,]ma .j.[,https://www.ediana.gwi.uni-muenchen.de/corpus.php?corpus=lycian&docid=130,/N 304 (Sura)/13
EDIANA-LYCIAN-130,lycian,source_attributed_transcription,· 14,lycian,True,]e sej=a[,https://www.ediana.gwi.uni-muenchen.de/corpus.php?corpus=lycian&docid=130,/N 304 (Sura)/14
EDIANA-LYCIAN-130,lycian,source_attributed_transcription,· 15,lycian,True,]m=ede .ar[,https://www.ediana.gwi.uni-muenchen.de/corpus.php?corpus=lycian&docid=130,/N 304 (Sura)/15
EDIANA-LYCIAN-131,lycian,source_attributed_transcription,· 1,lycian,True,ebẽñnẽ xupã m=ene prñna&lt;wa&gt;tẽ,https://www.ediana.gwi.uni-muenchen.de/corpus.php?corpus=lycian&docid=131,/TL 1 (Telmessos)/1
EDIANA-LYCIAN-131,lycian,source_attributed_transcription,· 2,lycian,True,xudali zuhrijah,https://www.ediana.gwi.uni-muenchen.de/corpus.php?corpus=lycian&docid=131,/TL 1 (Telmessos)/2
EDIANA-LYCIAN-131,lycian,source_attributed_transcription,· 3,lycian,True,tideimi,https://www.ediana.gwi.uni-muenchen.de/corpus.php?corpus=lycian&docid=131,/TL 1 (Telmessos)/3
EDIANA-LYCIAN-131,lycian,source_attributed_transcription,· 4,lycian,True,xezrimeh,https://www.ediana.gwi.uni-muenchen.de/corpus.php?corpus=lycian&docid=131,/TL 1 (Telmessos)/4
EDIANA-LYCIAN-131,lycian,source_attributed_transcription,· 5,lycian,True,prñnezijehi,https://www.ediana.gwi.uni-muenchen.de/corpus.php?corpus=lycian&docid=131,/TL 1 (Telmessos)/5
EDIANA-LYCIAN-132,lycian,source_attributed_transcription,· 1,lycian,True,ṛτ?ebuḥụ,https://www.ediana.gwi.uni-muenchen.de/corpus.php?corpus=lycian&docid=132,/TL 2 (Telmessos)/1
EDIANA-LYCIAN-132,lycian,source_attributed_transcription,· 2,lycian,True,uhakẽe murazahe tideimi,https://www.ediana.gwi.uni-muenchen.de/corpus.php?corpus=lycian&docid=132,/TL 2 (Telmessos)/2
EDIANA-LYCIAN-132,lycian,source_attributed_transcription,· 3,lycian,True,ṃiñti ada II–,https://www.ediana.gwi.uni-muenchen.de/corpus.php?corpus=lycian&docid=132,/TL 2 (Telmessos)/3
EDIANA-LYCIAN-133,lycian,source_attributed_transcription,· 1,lycian,True,ebẽñnẽ xupã m=ẽ=ti=prñnawatẽ tewinezẽi,https://www.ediana.gwi.uni-muenchen.de/corpus.php?corpus=lycian&docid=133,/TL 3 (Telmessos)/1
EDIANA-LYCIAN-133,lycian,source_attributed_transcription,· 2,lycian,True,: ṣppñtazah aṣaẉãzala[h],https://www.ediana.gwi.uni-muenchen.de/corpus.php?corpus=lycian&docid=133,/TL 3 (Telmessos)/2
EDIANA-LYCIAN-133,lycian,source_attributed_transcription,· 3,lycian,True,tideimi hrppi ladi se tide[ime],https://www.ediana.gwi.uni-muenchen.de/corpus.php?corpus=lycian&docid=133,/TL 3 (Telmessos)/3
EDIANA-LYCIAN-133,lycian,source_attributed_transcription,· 4,lycian,True,miñti adaijẽ III–,https://www.ediana.gwi.uni-muenchen.de/corpus.php?corpus=lycian&docid=133,/TL 3 (Telmessos)/4
EDIANA-LYCIAN-134,lycian,source_attributed_transcription,· 1,lycian,True,ebẽñn prñnawã me=ti,https://www.ediana.gwi.uni-muenchen.de/corpus.php?corpus=lycian&docid=134,/TL 4 (Telmessos)/1
EDIANA-LYCIAN-134,lycian,source_attributed_transcription,· 2,lycian,True,prñnawatẽ telexụzi hrpi,https://www.ediana.gwi.uni-muenchen.de/corpus.php?corpus=lycian&docid=134,/TL 4 (Telmessos)/2
EDIANA-LYCIAN-134,lycian,source_attributed_transcription,· 3,lycian,True,ladi ehb [:] se tideimi s=ed=i,https://www.ediana.gwi.uni-muenchen.de/corpus.php?corpus=lycian&docid=134,/TL 4 (Telmessos)/3
EDIANA-LYCIAN-134,lycian,source_attributed_transcription,· 4,lycian,True,ñta tadẽ tesi miñti alad(-)ehali,https://www.ediana.gwi.uni-muenchen.de/corpus.php?corpus=lycian&docid=134,/TL 4 (Telmessos)/4
EDIANA-LYCIAN-134,lycian,source_attributed_transcription,· 5,lycian,True,adẽ III –,https://www.ediana.gwi.uni-muenchen.de/corpus.php?corpus=lycian&docid=134,/TL 4 (Telmessos)/5
EDIANA-LYCIAN-135,lycian,source_attributed_transcription,· 1,lycian,True,ebẽnnẽ m=ene,https://www.ediana.gwi.uni-muenchen.de/corpus.php?corpus=lycian&docid=135,/TL 5 (Telmessos)/1
EDIANA-LYCIAN-135,lycian,source_attributed_transcription,· 2,lycian,True,prñnawatẽ qñtbẽddi,https://www.ediana.gwi.uni-muenchen.de/corpus.php?corpus=lycian&docid=135,/TL 5 (Telmessos)/2
EDIANA-LYCIAN-135,lycian,source_attributed_transcription,· 3,lycian,True,ssm̃ma,https://www.ediana.gwi.uni-muenchen.de/corpus.php?corpus=lycian&docid=135,/TL 5 (Telmessos)/3
EDIANA-LYCIAN-135,lycian,source_attributed_transcription,· 4,lycian,True,tideimi kete,https://www.ediana.gwi.uni-muenchen.de/corpus.php?corpus=lycian&docid=135,/TL 5 (Telmessos)/4
EDIANA-LYCIAN-135,lycian,source_attributed_transcription,· 5,lycian,True,erehi se=ije galadrẽ[.]ma,https://www.ediana.gwi.uni-muenchen.de/corpus.php?corpus=lycian&docid=135,/TL 5 (Telmessos)/5
EDIANA-LYCIAN-135,lycian,source_attributed_transcription,· 6,lycian,True,ñt[a],https://www.ediana.gwi.uni-muenchen.de/corpus.php?corpus=lycian&docid=135,/TL 5 (Telmessos)/6
EDIANA-LYCIAN-135,lycian,source_attributed_transcription,· 7,lycian,True,tadi [...] se=i ni=p!e,https://www.ediana.gwi.uni-muenchen.de/corpus.php?corpus=lycian&docid=135,/TL 5 (Telmessos)/7
EDIANA-LYCIAN-135,lycian,source_attributed_transcription,· 8,lycian,True,!tise hriqeri,https://www.ediana.gwi.uni-muenchen.de/corpus.php?corpus=lycian&docid=135,/TL 5 (Telmessos)/8
EDIANA-LYCIAN-135,lycian,source_attributed_transcription,· 9,lycian,True,siezi [ẽ]tri,https://www.ediana.gwi.uni-muenchen.de/corpus.php?corpus=lycian&docid=135,/TL 5 (Telmessos)/9
EDIANA-LYCIAN-135,lycian,source_attributed_transcription,· 10,lycian,True,hrppi tãtu,https://www.ediana.gwi.uni-muenchen.de/corpus.php?corpus=lycian&docid=135,/TL 5 (Telmessos)/10
EDIANA-LYCIAN-136,lycian,source_attributed_transcription,· 1,lycian,True,ebẽñnẽ p[rñ]nawã me=ti prñna[w]atẽ pertinamuwa hrppi ladi,https://www.ediana.gwi.uni-muenchen.de/corpus.php?corpus=lycian&docid=136,/TL 66 (Timiusa)/1
EDIANA-LYCIAN-136,lycian,source_attributed_transcription,· 2,lycian,True,ehbi se tideime ehbije,https://www.ediana.gwi.uni-muenchen.de/corpus.php?corpus=lycian&docid=136,/TL 66 (Timiusa)/2
EDIANA-LYCIAN-137,lycian,source_attributed_transcription,· 1,lycian,True,ebẽñnẽ prñnawã m=ẽ=ti=prñnawatẽ xluwãnimi hrppi ladi ehbi se tideime,https://www.ediana.gwi.uni-muenchen.de/corpus.php?corpus=lycian&docid=137,/TL 67 (Timiusa)/1
EDIANA-LYCIAN-137,lycian,source_attributed_transcription,· 2,lycian,True,ehbije ẽnẽ periklehe xñtawata,https://www.ediana.gwi.uni-muenchen.de/corpus.php?corpus=lycian&docid=137,/TL 67 (Timiusa)/2
EDIANA-LYCIAN-138,lycian,source_attributed_transcription,· 1,lycian,True,[.............]imeh,https://www.ediana.gwi.uni-muenchen.de/corpus.php?corpus=lycian&docid=138,/TL 21 (Tlos)/1
EDIANA-LYCIAN-138,lycian,source_attributed_transcription,· 2,lycian,True,tedi ese,https://www.ediana.gwi.uni-muenchen.de/corpus.php?corpus=lycian&docid=138,/TL 21 (Tlos)/2
EDIANA-LYCIAN-138,lycian,source_attributed_transcription,· 3,lycian,True,ijeri tlawa ddewite,https://www.ediana.gwi.uni-muenchen.de/corpus.php?corpus=lycian&docid=138,/TL 21 (Tlos)/3
EDIANA-LYCIAN-138,lycian,source_attributed_transcription,· 4,lycian,True,m=ede=d prñnawã,https://www.ediana.gwi.uni-muenchen.de/corpus.php?corpus=lycian&docid=138,/TL 21 (Tlos)/4
EDIANA-LYCIAN-138,lycian,source_attributed_transcription,· 5,lycian,True,prñnawã,https://www.ediana.gwi.uni-muenchen.de/corpus.php?corpus=lycian&docid=138,/TL 21 (Tlos)/5
EDIANA-LYCIAN-139,lycian,source_attributed_transcription,· 1,lycian,True,hrixttbili mahanahi,https://www.ediana.gwi.uni-muenchen.de/corpus.php?corpus=lycian&docid=139,/TL 22 (Tlos)/1
EDIANA-LYCIAN-139,lycian,source_attributed_transcription,· 2,lycian,True,uwehi se lada ehbi,https://www.ediana.gwi.uni-muenchen.de/corpus.php?corpus=lycian&docid=139,/TL 22 (Tlos)/2
EDIANA-LYCIAN-140,lycian,source_attributed_transcription,· Tlos TL 23,lycian,True,(Greek-Lycian Bilingual),https://www.ediana.gwi.uni-muenchen.de/corpus.php?corpus=lycian&docid=140,/TL 23 (Tlos)/0
EDIANA-LYCIAN-140,lycian,source_attributed_transcription,· 1,lycian,True,ebẽñnẽ ñtatu [m]=ẽ=ti,https://www.ediana.gwi.uni-muenchen.de/corpus.php?corpus=lycian&docid=140,/TL 23 (Tlos)/1
EDIANA-LYCIAN-140,lycian,source_attributed_transcription,· 2,lycian,True,prñn[aw]atẽ el[puw]eti,https://www.ediana.gwi.uni-muenchen.de/corpus.php?corpus=lycian&docid=140,/TL 23 (Tlos)/2
EDIANA-LYCIAN-140,lycian,source_attributed_transcription,· 3,lycian,True,a[tl]i eh[b]i s[e .....],https://www.ediana.gwi.uni-muenchen.de/corpus.php?corpus=lycian&docid=140,/TL 23 (Tlos)/3
EDIANA-LYCIAN-140,lycian,source_attributed_transcription,· 4,lycian,True,.lu ax[ã]ti .m̃m.t..,https://www.ediana.gwi.uni-muenchen.de/corpus.php?corpus=lycian&docid=140,/TL 23 (Tlos)/4
EDIANA-LYCIAN-141,lycian,source_attributed_transcription,·,lycian,True,izraza,https://www.ediana.gwi.uni-muenchen.de/corpus.php?corpus=lycian&docid=141,/TL 24 (Tlos)/1
EDIANA-LYCIAN-142,lycian,source_attributed_transcription,· Tlos TL 25,lycian,True,(Greek-Lycian Bilingual),https://www.ediana.gwi.uni-muenchen.de/corpus.php?corpus=lycian&docid=142,/TL 25 (Tlos)/0
EDIANA-LYCIAN-142,lycian,source_attributed_transcription,· 1,lycian,True,ebeis tukedris m=[... epi],https://www.ediana.gwi.uni-muenchen.de/corpus.php?corpus=lycian&docid=142,/TL 25 (Tlos)/1
EDIANA-LYCIAN-142,lycian,source_attributed_transcription,· 2,lycian,True,tuwetẽ xssbezẽ krup[sseh],https://www.ediana.gwi.uni-muenchen.de/corpus.php?corpus=lycian&docid=142,/TL 25 (Tlos)/2
EDIANA-LYCIAN-142,lycian,source_attributed_transcription,· 3,lycian,True,tideimi se purihime[teh],https://www.ediana.gwi.uni-muenchen.de/corpus.php?corpus=lycian&docid=142,/TL 25 (Tlos)/3
EDIANA-LYCIAN-142,lycian,source_attributed_transcription,· 4,lycian,True,tuhes tlãñna atru ehb[i],https://www.ediana.gwi.uni-muenchen.de/corpus.php?corpus=lycian&docid=142,/TL 25 (Tlos)/4
EDIANA-LYCIAN-142,lycian,source_attributed_transcription,· 5,lycian,True,se ladu ehbi tikeukẽprẽ,https://www.ediana.gwi.uni-muenchen.de/corpus.php?corpus=lycian&docid=142,/TL 25 (Tlos)/5
EDIANA-LYCIAN-142,lycian,source_attributed_transcription,· 6,lycian,True,pilleñni urtaqijahñ kbatru,https://www.ediana.gwi.uni-muenchen.de/corpus.php?corpus=lycian&docid=142,/TL 25 (Tlos)/6
EDIANA-LYCIAN-142,lycian,source_attributed_transcription,· 7,lycian,True,se prijenubehñ tuhesñ,https://www.ediana.gwi.uni-muenchen.de/corpus.php?corpus=lycian&docid=142,/TL 25 (Tlos)/7
EDIANA-LYCIAN-143,lycian,source_attributed_transcription,· 1,lycian,True,ebeija erublija m=e ñt[e tuwetẽ ......h tide-]imi,https://www.ediana.gwi.uni-muenchen.de/corpus.php?corpus=lycian&docid=143,/TL 26 (Tlos)/1
EDIANA-LYCIAN-143,lycian,source_attributed_transcription,· 2,lycian,True,trm̃misñ xñtawat[e teri [,https://www.ediana.gwi.uni-muenchen.de/corpus.php?corpus=lycian&docid=143,/TL 26 (Tlos)/2
EDIANA-LYCIAN-143,lycian,source_attributed_transcription,· 3,lycian,True,se qla=bi putu se iprehi [,https://www.ediana.gwi.uni-muenchen.de/corpus.php?corpus=lycian&docid=143,/TL 26 (Tlos)/3
EDIANA-LYCIAN-143,lycian,source_attributed_transcription,· 4,lycian,True,ehñ tideimi se tideim[i,https://www.ediana.gwi.uni-muenchen.de/corpus.php?corpus=lycian&docid=143,/TL 26 (Tlos)/4
EDIANA-LYCIAN-143,lycian,source_attributed_transcription,· 5,lycian,True,epñ maxitẽni se=i ne ti.[,https://www.ediana.gwi.uni-muenchen.de/corpus.php?corpus=lycian&docid=143,/TL 26 (Tlos)/5
EDIANA-LYCIAN-143,lycian,source_attributed_transcription,· 6,lycian,True,izraza tibe=i terñ terñ [,https://www.ediana.gwi.uni-muenchen.de/corpus.php?corpus=lycian&docid=143,/TL 26 (Tlos)/6
EDIANA-LYCIAN-143,lycian,source_attributed_transcription,· 7,lycian,True,punãmadi m=ẽne trqqas [,https://www.ediana.gwi.uni-muenchen.de/corpus.php?corpus=lycian&docid=143,/TL 26 (Tlos)/7
EDIANA-LYCIAN-143,lycian,source_attributed_transcription,· 8,lycian,True,nahi se qlaj=ebi putu se [,https://www.ediana.gwi.uni-muenchen.de/corpus.php?corpus=lycian&docid=143,/TL 26 (Tlos)/8
EDIANA-LYCIAN-143,lycian,source_attributed_transcription,· 9,lycian,True,se muhãi ñtej=e=wẽ km̃mẽ[,https://www.ediana.gwi.uni-muenchen.de/corpus.php?corpus=lycian&docid=143,/TL 26 (Tlos)/9
EDIANA-LYCIAN-143,lycian,source_attributed_transcription,· 10,lycian,True,plade tijas przis sej=epris se=ije[,https://www.ediana.gwi.uni-muenchen.de/corpus.php?corpus=lycian&docid=143,/TL 26 (Tlos)/10
EDIANA-LYCIAN-143,lycian,source_attributed_transcription,· 11,lycian,True,eimẽ kumazadi mahãna e[,https://www.ediana.gwi.uni-muenchen.de/corpus.php?corpus=lycian&docid=143,/TL 26 (Tlos)/11
EDIANA-LYCIAN-143,lycian,source_attributed_transcription,· 12,lycian,True,na upahi : adaijẽ malijehe [,https://www.ediana.gwi.uni-muenchen.de/corpus.php?corpus=lycian&docid=143,/TL 26 (Tlos)/12
EDIANA-LYCIAN-143,lycian,source_attributed_transcription,· 13,lycian,True,arailise HIII– haqaduwehe YII– t[,https://www.ediana.gwi.uni-muenchen.de/corpus.php?corpus=lycian&docid=143,/TL 26 (Tlos)/13
EDIANA-LYCIAN-143,lycian,source_attributed_transcription,· 14,lycian,True,ppebẽñti OOII– pagda O＜III– purθ[,https://www.ediana.gwi.uni-muenchen.de/corpus.php?corpus=lycian&docid=143,/TL 26 (Tlos)/14
EDIANA-LYCIAN-143,lycian,source_attributed_transcription,· 15,lycian,True,mñnãtahi OIII– winbẽte OIII– x[,https://www.ediana.gwi.uni-muenchen.de/corpus.php?corpus=lycian&docid=143,/TL 26 (Tlos)/15
EDIANA-LYCIAN-143,lycian,source_attributed_transcription,· 16,lycian,True,me kumezeiti nuredi nuredi a[,https://www.ediana.gwi.uni-muenchen.de/corpus.php?corpus=lycian&docid=143,/TL 26 (Tlos)/16
EDIANA-LYCIAN-143,lycian,source_attributed_transcription,· 17,lycian,True,ni qla=bi putu kbisñn iprehi kbi[sñn,https://www.ediana.gwi.uni-muenchen.de/corpus.php?corpus=lycian&docid=143,/TL 26 (Tlos)/17
EDIANA-LYCIAN-143,lycian,source_attributed_transcription,· 18,lycian,True,uhi=de trqqñti wawã trisñni qla[(-),https://www.ediana.gwi.uni-muenchen.de/corpus.php?corpus=lycian&docid=143,/TL 26 (Tlos)/18
EDIANA-LYCIAN-143,lycian,source_attributed_transcription,· 19,lycian,True,eli epeite me=i zedi tike kumalihe [,https://www.ediana.gwi.uni-muenchen.de/corpus.php?corpus=lycian&docid=143,/TL 26 (Tlos)/19
EDIANA-LYCIAN-143,lycian,source_attributed_transcription,· 20,lycian,True,be kumazã ebẽñnẽ izraza tibe ra[,https://www.ediana.gwi.uni-muenchen.de/corpus.php?corpus=lycian&docid=143,/TL 26 (Tlos)/20
EDIANA-LYCIAN-143,lycian,source_attributed_transcription,· 21,lycian,True,pinale telebehi xadawãti udreki me=i te[,https://www.ediana.gwi.uni-muenchen.de/corpus.php?corpus=lycian&docid=143,/TL 26 (Tlos)/21
EDIANA-LYCIAN-143,lycian,source_attributed_transcription,· 22,lycian,True,ihe ebẽ mahãna ebette tibe izraza kuz[,https://www.ediana.gwi.uni-muenchen.de/corpus.php?corpus=lycian&docid=143,/TL 26 (Tlos)/22
EDIANA-LYCIAN-143,lycian,source_attributed_transcription,· 23,lycian,True,[........................ xada]wãti km̃mẽ[,https://www.ediana.gwi.uni-muenchen.de/corpus.php?corpus=lycian&docid=143,/TL 26 (Tlos)/23
EDIANA-LYCIAN-143,lycian,source_attributed_transcription,· 24,lycian,True,[.........................] qlahi ebi[jehi,https://www.ediana.gwi.uni-muenchen.de/corpus.php?corpus=lycian&docid=143,/TL 26 (Tlos)/24
EDIANA-LYCIAN-144,lycian,source_attributed_transcription,· 1,lycian,True,ñt=ene putinezi tuw[etẽ,https://www.ediana.gwi.uni-muenchen.de/corpus.php?corpus=lycian&docid=144,/TL 28 (Tlos)/1
EDIANA-LYCIAN-144,lycian,source_attributed_transcription,· 2,lycian,True,prijabuhãmah kbatru n[,https://www.ediana.gwi.uni-muenchen.de/corpus.php?corpus=lycian&docid=144,/TL 28 (Tlos)/2
EDIANA-LYCIAN-144,lycian,source_attributed_transcription,· 3,lycian,True,mlttaimi mrbbanad.,https://www.ediana.gwi.uni-muenchen.de/corpus.php?corpus=lycian&docid=144,/TL 28 (Tlos)/3
EDIANA-LYCIAN-144,lycian,source_attributed_transcription,· 4,lycian,True,ladu uwitahñ xahb[u/ã,https://www.ediana.gwi.uni-muenchen.de/corpus.php?corpus=lycian&docid=144,/TL 28 (Tlos)/4
EDIANA-LYCIAN-144,lycian,source_attributed_transcription,· 5,lycian,True,apuwazahi p[r]ñnezijeh[i] .n.[,https://www.ediana.gwi.uni-muenchen.de/corpus.php?corpus=lycian&docid=144,/TL 28 (Tlos)/5
EDIANA-LYCIAN-145,lycian,source_attributed_transcription,· 1,lycian,True,ikuwe=ti prñnwate ipresidah tideimi [..]lupe[h],https://www.ediana.gwi.uni-muenchen.de/corpus.php?corpus=lycian&docid=145,/TL 29 (Tlos)/1
EDIANA-LYCIAN-145,lycian,source_attributed_transcription,· 2,lycian,True,tuhes ñtatu atli se ladi ehbi tuhesi sm̃me se=ñne θurtta ãx[r]ahi=dij=ẽ,https://www.ediana.gwi.uni-muenchen.de/corpus.php?corpus=lycian&docid=145,/TL 29 (Tlos)/2
EDIANA-LYCIAN-145,lycian,source_attributed_transcription,· 3,lycian,True,axuti uwehi se ñtemlẽ qastte teli erbbe me=ti ñtẽmlẽ przze astte teli,https://www.ediana.gwi.uni-muenchen.de/corpus.php?corpus=lycian&docid=145,/TL 29 (Tlos)/3
EDIANA-LYCIAN-145,lycian,source_attributed_transcription,· 4,lycian,True,sej=ahata astte se tijala ãxr&lt;a&gt;hi itẽne uwehi ẽnẽ hatu sm̃mate teri erijeina a[.]tlup[..],https://www.ediana.gwi.uni-muenchen.de/corpus.php?corpus=lycian&docid=145,/TL 29 (Tlos)/4
EDIANA-LYCIAN-145,lycian,source_attributed_transcription,· 5,lycian,True,ñtepi wazzisñ xalxxa edrijeushñ me=ije hlm̃mi zzatijẽ ti[.]i[..]a[..],https://www.ediana.gwi.uni-muenchen.de/corpus.php?corpus=lycian&docid=145,/TL 29 (Tlos)/5
EDIANA-LYCIAN-145,lycian,source_attributed_transcription,· 6,lycian,True,[s]e inahe se=ñne mlẽ θurttu telixa se=i ñtepi wazzisñ telixa pddãti me=ije pdd[.]t[i .........],https://www.ediana.gwi.uni-muenchen.de/corpus.php?corpus=lycian&docid=145,/TL 29 (Tlos)/6
EDIANA-LYCIAN-145,lycian,source_attributed_transcription,· 7,lycian,True,[h]atu sm̃mate teri erijeina xexebẽñti arttum̃para medese pddati=ti erije me=ñne zzatija [.........],https://www.ediana.gwi.uni-muenchen.de/corpus.php?corpus=lycian&docid=145,/TL 29 (Tlos)/7
EDIANA-LYCIAN-145,lycian,source_attributed_transcription,· 8,lycian,True,[..].ajahe pijẽte ẽmu m̃maja hrmazaxa zztiijaha s=ede plm̃mi kñtuni mlm̃meite ...ube.u [...]..[....],https://www.ediana.gwi.uni-muenchen.de/corpus.php?corpus=lycian&docid=145,/TL 29 (Tlos)/8
EDIANA-LYCIAN-145,lycian,source_attributed_transcription,· 9,lycian,True,[...]sajaxa hlm̃mi=de alaxssã[ñ]tra erite teri trm̃misñ ñtepi xñtawata apptte teri [.]m[.......],https://www.ediana.gwi.uni-muenchen.de/corpus.php?corpus=lycian&docid=145,/TL 29 (Tlos)/9
EDIANA-LYCIAN-145,lycian,source_attributed_transcription,· 10,lycian,True,[..].se t[e]lẽzijẽ tube mexe[........]ti me=ñn=ese tebẽtẽ aba .u..e .exisxx[,https://www.ediana.gwi.uni-muenchen.de/corpus.php?corpus=lycian&docid=145,/TL 29 (Tlos)/10
EDIANA-LYCIAN-145,lycian,source_attributed_transcription,· 11,lycian,True,[....] se=i=nẽ telẽzijẽ tddã.a meuz.ew [..]qrai[.]e km̃mẽti m=ede hlm̃mi t... eri[.]a[..]s[...],https://www.ediana.gwi.uni-muenchen.de/corpus.php?corpus=lycian&docid=145,/TL 29 (Tlos)/11
EDIANA-LYCIAN-145,lycian,source_attributed_transcription,· 12,lycian,True,[.....]e trm̃misñ xalte mesijas zxxe[..].na[..]ñxa.....ẽñnepẽnẽputu me=ije [,https://www.ediana.gwi.uni-muenchen.de/corpus.php?corpus=lycian&docid=145,/TL 29 (Tlos)/12
EDIANA-LYCIAN-145,lycian,source_attributed_transcription,· 13,lycian,True,[.......].tẽ.ina se sm̃mu u..eje.ẽ uw[...............]ñnu pddana : [,https://www.ediana.gwi.uni-muenchen.de/corpus.php?corpus=lycian&docid=145,/TL 29 (Tlos)/13
EDIANA-LYCIAN-145,lycian,source_attributed_transcription,· 14,lycian,True,[.......]xawari pddãti me.ese ...[............]u xla.e exe[..]eti me..[,https://www.ediana.gwi.uni-muenchen.de/corpus.php?corpus=lycian&docid=145,/TL 29 (Tlos)/14
EDIANA-LYCIAN-145,lycian,source_attributed_transcription,· 15,lycian,True,[..... t]amas tuwax se=ije=pi turllijẽ ...[............]ed..i sej=e[,https://www.ediana.gwi.uni-muenchen.de/corpus.php?corpus=lycian&docid=145,/TL 29 (Tlos)/15
EDIANA-LYCIAN-145,lycian,source_attributed_transcription,· 16,lycian,True,[......]me=uwe seriqe[..]uzabaza ñ[......]i se d[,https://www.ediana.gwi.uni-muenchen.de/corpus.php?corpus=lycian&docid=145,/TL 29 (Tlos)/16
EDIANA-LYCIAN-145,lycian,source_attributed_transcription,· 17,lycian,True,[...] tixzzi ijãn[azi] se! trm̃mili hr[ppi] [trq]qñt[i .......... sm̃]mate ter[i,https://www.ediana.gwi.uni-muenchen.de/corpus.php?corpus=lycian&docid=145,/TL 29 (Tlos)/17
EDIANA-LYCIAN-145,lycian,source_attributed_transcription,· 18,lycian,True,[....]zẽ turawas me=i [...]hi arñna [,https://www.ediana.gwi.uni-muenchen.de/corpus.php?corpus=lycian&docid=145,/TL 29 (Tlos)/18
EDIANA-LYCIAN-145,lycian,source_attributed_transcription,· 19,lycian,True,[.]hl[..] ei[.........]xu me=i hi[..............................] tihe ta..i,https://www.ediana.gwi.uni-muenchen.de/corpus.php?corpus=lycian&docid=145,/TL 29 (Tlos)/19
EDIANA-LYCIAN-146,lycian,source_attributed_transcription,· 1,lycian,True,tiwiθθeimija ade[,https://www.ediana.gwi.uni-muenchen.de/corpus.php?corpus=lycian&docid=146,/TL 30 (Tlos)/1
EDIANA-LYCIAN-146,lycian,source_attributed_transcription,· 2,lycian,True,ti tubehi=di axãti uz[,https://www.ediana.gwi.uni-muenchen.de/corpus.php?corpus=lycian&docid=146,/TL 30 (Tlos)/2
EDIANA-LYCIAN-147,lycian,source_attributed_transcription,· 1,lycian,True,[..].ạqna?h,https://www.ediana.gwi.uni-muenchen.de/corpus.php?corpus=lycian&docid=147,/N 333 (Tlos)/1
EDIANA-LYCIAN-147,lycian,source_attributed_transcription,· 2,lycian,True,[tu]ḥe adai –III,https://www.ediana.gwi.uni-muenchen.de/corpus.php?corpus=lycian&docid=147,/N 333 (Tlos)/2
EDIANA-LYCIAN-147,lycian,source_attributed_transcription,· 3,lycian,True,[s]ẹ tiwiθθeiṃ[i,https://www.ediana.gwi.uni-muenchen.de/corpus.php?corpus=lycian&docid=147,/N 333 (Tlos)/3
EDIANA-LYCIAN-147,lycian,source_attributed_transcription,· 4,lycian,True,u]wadi uhaza[t][a],https://www.ediana.gwi.uni-muenchen.de/corpus.php?corpus=lycian&docid=147,/N 333 (Tlos)/4
EDIANA-LYCIAN-147,lycian,source_attributed_transcription,· 5,lycian,True,ṃ=ẽ haxupisẹ u[..]tẽ,https://www.ediana.gwi.uni-muenchen.de/corpus.php?corpus=lycian&docid=147,/N 333 (Tlos)/5
EDIANA-LYCIAN-147,lycian,source_attributed_transcription,· 6,lycian,True,tewiθθeimi,https://www.ediana.gwi.uni-muenchen.de/corpus.php?corpus=lycian&docid=147,/N 333 (Tlos)/6
EDIANA-LYCIAN-147,lycian,source_attributed_transcription,· 7,lycian,True,[se l]ạdu θθbãni,https://www.ediana.gwi.uni-muenchen.de/corpus.php?corpus=lycian&docid=147,/N 333 (Tlos)/7
EDIANA-LYCIAN-147,lycian,source_attributed_transcription,· 8,lycian,True,[...]ạ xulñti,https://www.ediana.gwi.uni-muenchen.de/corpus.php?corpus=lycian&docid=147,/N 333 (Tlos)/8
EDIANA-LYCIAN-147,lycian,source_attributed_transcription,· 9,lycian,True,[...].q.[...]naza,https://www.ediana.gwi.uni-muenchen.de/corpus.php?corpus=lycian&docid=147,/N 333 (Tlos)/9
EDIANA-LYCIAN-147,lycian,source_attributed_transcription,· 10,lycian,True,]i,https://www.ediana.gwi.uni-muenchen.de/corpus.php?corpus=lycian&docid=147,/N 333 (Tlos)/10
EDIANA-LYCIAN-147,lycian,source_attributed_transcription,· 11,lycian,True,]na se ñte tuw[,https://www.ediana.gwi.uni-muenchen.de/corpus.php?corpus=lycian&docid=147,/N 333 (Tlos)/11
EDIANA-LYCIAN-148,lycian,source_attributed_transcription,· 1,lycian,True,ipre[s]ida=jẽ,https://www.ediana.gwi.uni-muenchen.de/corpus.php?corpus=lycian&docid=148,/N 334 (Tlos)/1
EDIANA-LYCIAN-148,lycian,source_attributed_transcription,· 2,lycian,True,ta[..]d.,https://www.ediana.gwi.uni-muenchen.de/corpus.php?corpus=lycian&docid=148,/N 334 (Tlos)/2
EDIANA-LYCIAN-148,lycian,source_attributed_transcription,· 3,lycian,True,haṛmanazah,https://www.ediana.gwi.uni-muenchen.de/corpus.php?corpus=lycian&docid=148,/N 334 (Tlos)/3
EDIANA-LYCIAN-148,lycian,source_attributed_transcription,· 4,lycian,True,tideimi,https://www.ediana.gwi.uni-muenchen.de/corpus.php?corpus=lycian&docid=148,/N 334 (Tlos)/4
EDIANA-LYCIAN-148,lycian,source_attributed_transcription,· 5,lycian,True,ikuweh,https://www.ediana.gwi.uni-muenchen.de/corpus.php?corpus=lycian&docid=148,/N 334 (Tlos)/5
EDIANA-LYCIAN-148,lycian,source_attributed_transcription,· 6,lycian,True,tedi se pṛ[ñ][n]ẹzijeh,https://www.ediana.gwi.uni-muenchen.de/corpus.php?corpus=lycian&docid=148,/N 334 (Tlos)/6
EDIANA-LYCIAN-148,lycian,source_attributed_transcription,· 7,lycian,True,hr[p][pi],https://www.ediana.gwi.uni-muenchen.de/corpus.php?corpus=lycian&docid=148,/N 334 (Tlos)/7
EDIANA-LYCIAN-148,lycian,source_attributed_transcription,· 8,lycian,True,ladi ehbi s[e],https://www.ediana.gwi.uni-muenchen.de/corpus.php?corpus=lycian&docid=148,/N 334 (Tlos)/8
EDIANA-LYCIAN-148,lycian,source_attributed_transcription,· 9,lycian,True,tideime,https://www.ediana.gwi.uni-muenchen.de/corpus.php?corpus=lycian&docid=148,/N 334 (Tlos)/9
EDIANA-LYCIAN-148,lycian,source_attributed_transcription,· 10,lycian,True,[s]ej=aitẽ aw[a]hãi,https://www.ediana.gwi.uni-muenchen.de/corpus.php?corpus=lycian&docid=148,/N 334 (Tlos)/10
EDIANA-LYCIAN-148,lycian,source_attributed_transcription,· 11,lycian,True,aladahali,https://www.ediana.gwi.uni-muenchen.de/corpus.php?corpus=lycian&docid=148,/N 334 (Tlos)/11
EDIANA-LYCIAN-148,lycian,source_attributed_transcription,· 12,lycian,True,ada,https://www.ediana.gwi.uni-muenchen.de/corpus.php?corpus=lycian&docid=148,/N 334 (Tlos)/12
EDIANA-LYCIAN-148,lycian,source_attributed_transcription,· 13,lycian,True,II,https://www.ediana.gwi.uni-muenchen.de/corpus.php?corpus=lycian&docid=148,/N 334 (Tlos)/13
EDIANA-LYCIAN-149,lycian,source_attributed_transcription,· 1,lycian,True,ebẽñnẽ xupã m=ẽne prñnawatẽ tettm̃ṗe,https://www.ediana.gwi.uni-muenchen.de/corpus.php?corpus=lycian&docid=149,/TL 75 (Tyberisos)/1
EDIANA-LYCIAN-149,lycian,source_attributed_transcription,· 2,lycian,True,hñtihãmah : tid[ei]mi s=ene ñte tãti=tdi,https://www.ediana.gwi.uni-muenchen.de/corpus.php?corpus=lycian&docid=149,/TL 75 (Tyberisos)/2
EDIANA-LYCIAN-149,lycian,source_attributed_transcription,· 3,lycian,True,i[s]bazi me=ije ni hr[ppi] tãtu tike m̃mẽ ladã ti=je,https://www.ediana.gwi.uni-muenchen.de/corpus.php?corpus=lycian&docid=149,/TL 75 (Tyberisos)/3
EDIANA-LYCIAN-149,lycian,source_attributed_transcription,· 4,lycian,True,[h]r[p]pi ḷaṭ[i] hrppi=i[je me]=i tadi tike kbi m=ẽne,https://www.ediana.gwi.uni-muenchen.de/corpus.php?corpus=lycian&docid=149,/TL 75 (Tyberisos)/4
EDIANA-LYCIAN-149,lycian,source_attributed_transcription,· 5,lycian,True,tu[b]idi q[l]a[j]=ebi [s]e malija se t[asa] : miñtaha,https://www.ediana.gwi.uni-muenchen.de/corpus.php?corpus=lycian&docid=149,/TL 75 (Tyberisos)/5
EDIANA-LYCIAN-150,lycian,source_attributed_transcription,· 1,lycian,True,e[b. ............]ẽ .[............] ladã! se tideimis se xah-b[as,https://www.ediana.gwi.uni-muenchen.de/corpus.php?corpus=lycian&docid=150,/TL 76 (Tyberisos)/1
EDIANA-LYCIAN-150,lycian,source_attributed_transcription,· 2,lycian,True,[.........]ati tide[i]m[.. ..]ada xuraz[.. ..]xlatẽ se,https://www.ediana.gwi.uni-muenchen.de/corpus.php?corpus=lycian&docid=150,/TL 76 (Tyberisos)/2
EDIANA-LYCIAN-150,lycian,source_attributed_transcription,· 3,lycian,True,el[..........]p[..................] umredeh [.......]ni se xabadranas,https://www.ediana.gwi.uni-muenchen.de/corpus.php?corpus=lycian&docid=150,/TL 76 (Tyberisos)/3
EDIANA-LYCIAN-150,lycian,source_attributed_transcription,· 4,lycian,True,se suti [....................]di,https://www.ediana.gwi.uni-muenchen.de/corpus.php?corpus=lycian&docid=150,/TL 76 (Tyberisos)/4
EDIANA-LYCIAN-150,lycian,source_attributed_transcription,· 5,lycian,True,tike m=ene [m]alija q[a..........]as se,https://www.ediana.gwi.uni-muenchen.de/corpus.php?corpus=lycian&docid=150,/TL 76 (Tyberisos)/5
EDIANA-LYCIAN-150,lycian,source_attributed_transcription,· 6,lycian,True,hu[,https://www.ediana.gwi.uni-muenchen.de/corpus.php?corpus=lycian&docid=150,/TL 76 (Tyberisos)/6
EDIANA-LYCIAN-151,lycian,source_attributed_transcription,· 1,lycian,True,ebẽñnẽ tezi m=ene prñnawatẽ xuprija,https://www.ediana.gwi.uni-muenchen.de/corpus.php?corpus=lycian&docid=151,/TL 78 (Tyssa)/1
EDIANA-LYCIAN-151,lycian,source_attributed_transcription,· 2,lycian,True,se=i=n=epñne ijetẽ esedeñnewe maxa[h],https://www.ediana.gwi.uni-muenchen.de/corpus.php?corpus=lycian&docid=151,/TL 78 (Tyssa)/2
EDIANA-LYCIAN-151,lycian,source_attributed_transcription,· 3,lycian,True,se=i=ti sijeni purihimeiqa uwatiseh,https://www.ediana.gwi.uni-muenchen.de/corpus.php?corpus=lycian&docid=151,/TL 78 (Tyssa)/3
EDIANA-LYCIAN-151,lycian,source_attributed_transcription,· 4,lycian,True,nẽni se=i=n=epñn [i]jetẽ esedeñnewe maxah,https://www.ediana.gwi.uni-muenchen.de/corpus.php?corpus=lycian&docid=151,/TL 78 (Tyssa)/4
EDIANA-LYCIAN-151,lycian,source_attributed_transcription,· 5,lycian,True,se=i=pñ pudẽ idãxre maxah xahbu xili,https://www.ediana.gwi.uni-muenchen.de/corpus.php?corpus=lycian&docid=151,/TL 78 (Tyssa)/5
EDIANA-LYCIAN-152,lycian,source_attributed_transcription,·,lycian,True,]i,https://www.ediana.gwi.uni-muenchen.de/corpus.php?corpus=lycian&docid=152,/TL 79 (Tyssa)/1
EDIANA-LYCIAN-153,lycian,source_attributed_transcription,· 1,lycian,True,III uhi xñtawati pttule,https://www.ediana.gwi.uni-muenchen.de/corpus.php?corpus=lycian&docid=153,/TL 35 (Üsümlü)/1
EDIANA-LYCIAN-153,lycian,source_attributed_transcription,· 2,lycian,True,parttulaj.mi mñteteh,https://www.ediana.gwi.uni-muenchen.de/corpus.php?corpus=lycian&docid=153,/TL 35 (Üsümlü)/2
EDIANA-LYCIAN-153,lycian,source_attributed_transcription,· 3,lycian,True,pijetẽ peri tla..uteriz,https://www.ediana.gwi.uni-muenchen.de/corpus.php?corpus=lycian&docid=153,/TL 35 (Üsümlü)/3
EDIANA-LYCIAN-153,lycian,source_attributed_transcription,· 4,lycian,True,se mla ehbi el...l..tenah,https://www.ediana.gwi.uni-muenchen.de/corpus.php?corpus=lycian&docid=153,/TL 35 (Üsümlü)/4
EDIANA-LYCIAN-153,lycian,source_attributed_transcription,· 5,lycian,True,tupazalije r.i[.........],https://www.ediana.gwi.uni-muenchen.de/corpus.php?corpus=lycian&docid=153,/TL 35 (Üsümlü)/5
EDIANA-LYCIAN-153,lycian,source_attributed_transcription,· 6,lycian,True,sej elihala..z.[.......],https://www.ediana.gwi.uni-muenchen.de/corpus.php?corpus=lycian&docid=153,/TL 35 (Üsümlü)/6
EDIANA-LYCIAN-153,lycian,source_attributed_transcription,· 7,lycian,True,[..]ib.hrã.u..z[......]s..,https://www.ediana.gwi.uni-muenchen.de/corpus.php?corpus=lycian&docid=153,/TL 35 (Üsümlü)/7
EDIANA-LYCIAN-153,lycian,source_attributed_transcription,· 8,lycian,True,.jezze km̃mẽ[ ..........],https://www.ediana.gwi.uni-muenchen.de/corpus.php?corpus=lycian&docid=153,/TL 35 (Üsümlü)/8
EDIANA-LYCIAN-153,lycian,source_attributed_transcription,· 9,lycian,True,ese hrppi l[.......]t.,https://www.ediana.gwi.uni-muenchen.de/corpus.php?corpus=lycian&docid=153,/TL 35 (Üsümlü)/9
EDIANA-LYCIAN-153,lycian,source_attributed_transcription,· 10,lycian,True,ahi hrm̃muwe [.....]l.b.du,https://www.ediana.gwi.uni-muenchen.de/corpus.php?corpus=lycian&docid=153,/TL 35 (Üsümlü)/10
EDIANA-LYCIAN-153,lycian,source_attributed_transcription,· 11,lycian,True,ẽti h[.........]za,https://www.ediana.gwi.uni-muenchen.de/corpus.php?corpus=lycian&docid=153,/TL 35 (Üsümlü)/11
EDIANA-LYCIAN-153,lycian,source_attributed_transcription,· 12,lycian,True,punamuwe [......]asepl[...],https://www.ediana.gwi.uni-muenchen.de/corpus.php?corpus=lycian&docid=153,/TL 35 (Üsümlü)/12
EDIANA-LYCIAN-153,lycian,source_attributed_transcription,· 13,lycian,True,. ikuwaza t[.....]ahe q.p.,https://www.ediana.gwi.uni-muenchen.de/corpus.php?corpus=lycian&docid=153,/TL 35 (Üsümlü)/13
EDIANA-LYCIAN-153,lycian,source_attributed_transcription,· 14,lycian,True,uwe se kbi parttalã xzuna sidi,https://www.ediana.gwi.uni-muenchen.de/corpus.php?corpus=lycian&docid=153,/TL 35 (Üsümlü)/14
EDIANA-LYCIAN-153,lycian,source_attributed_transcription,· 15,lycian,True,ddali[d]i se tamas xñtatas,https://www.ediana.gwi.uni-muenchen.de/corpus.php?corpus=lycian&docid=153,/TL 35 (Üsümlü)/15
EDIANA-LYCIAN-153,lycian,source_attributed_transcription,· 16,lycian,True,se kbi parttalã azise ikuwaz[a],https://www.ediana.gwi.uni-muenchen.de/corpus.php?corpus=lycian&docid=153,/TL 35 (Üsümlü)/16
EDIANA-LYCIAN-153,lycian,source_attributed_transcription,· 17,lycian,True,dderlidi se tamas xñta asidi,https://www.ediana.gwi.uni-muenchen.de/corpus.php?corpus=lycian&docid=153,/TL 35 (Üsümlü)/17
EDIANA-LYCIAN-153,lycian,source_attributed_transcription,· 18,lycian,True,zalaha esitm̃mãta xzzuna se=t[e],https://www.ediana.gwi.uni-muenchen.de/corpus.php?corpus=lycian&docid=153,/TL 35 (Üsümlü)/18
EDIANA-LYCIAN-153,lycian,source_attributed_transcription,· 19,lycian,True,xadawãtihe [..]erezi arsez[..],https://www.ediana.gwi.uni-muenchen.de/corpus.php?corpus=lycian&docid=153,/TL 35 (Üsümlü)/19
EDIANA-LYCIAN-153,lycian,source_attributed_transcription,· 20,lycian,True,pñneit[................],https://www.ediana.gwi.uni-muenchen.de/corpus.php?corpus=lycian&docid=153,/TL 35 (Üsümlü)/20
EDIANA-LYCIAN-153,lycian,source_attributed_transcription,· 21,lycian,True,[.]...[,https://www.ediana.gwi.uni-muenchen.de/corpus.php?corpus=lycian&docid=153,/TL 35 (Üsümlü)/21
EDIANA-LYCIAN-154,lycian,source_attributed_transcription,· 1,lycian,True,ebẽñnẽ prñnawã m=ene prñnawatẽ,https://www.ediana.gwi.uni-muenchen.de/corpus.php?corpus=lycian&docid=154,/TL 36 (Xanthos)/1
EDIANA-LYCIAN-154,lycian,source_attributed_transcription,· 2,lycian,True,ahqqadi pizibideh tideimi se,https://www.ediana.gwi.uni-muenchen.de/corpus.php?corpus=lycian&docid=154,/TL 36 (Xanthos)/2
EDIANA-LYCIAN-154,lycian,source_attributed_transcription,· 3,lycian,True,hm̃prãmeh tuhes se=ije ñta tadẽ miñti,https://www.ediana.gwi.uni-muenchen.de/corpus.php?corpus=lycian&docid=154,/TL 36 (Xanthos)/3
EDIANA-LYCIAN-154,lycian,source_attributed_transcription,· 4,lycian,True,aladehali ada O – se=j=ẽtri ñtata,https://www.ediana.gwi.uni-muenchen.de/corpus.php?corpus=lycian&docid=154,/TL 36 (Xanthos)/4
EDIANA-LYCIAN-154,lycian,source_attributed_transcription,· 5,lycian,True,ada ¦¦¦ – se pijetẽ hrzzi ñtatã ladi ehbi se mñneteidehe,https://www.ediana.gwi.uni-muenchen.de/corpus.php?corpus=lycian&docid=154,/TL 36 (Xanthos)/5
EDIANA-LYCIAN-154,lycian,source_attributed_transcription,· 6,lycian,True,esedẽñnewi se pijetẽ ẽtri ñtatã prñnezi,https://www.ediana.gwi.uni-muenchen.de/corpus.php?corpus=lycian&docid=154,/TL 36 (Xanthos)/6
EDIANA-LYCIAN-154,lycian,source_attributed_transcription,· 7,lycian,True,atlahi,https://www.ediana.gwi.uni-muenchen.de/corpus.php?corpus=lycian&docid=154,/TL 36 (Xanthos)/7
EDIANA-LYCIAN-155,lycian,source_attributed_transcription,· 1,lycian,True,ebẽñnẽ xupã,https://www.ediana.gwi.uni-muenchen.de/corpus.php?corpus=lycian&docid=155,/TL 37 (Xanthos)/1
EDIANA-LYCIAN-155,lycian,source_attributed_transcription,· 2,lycian,True,m=ẽne prñnawatẽ,https://www.ediana.gwi.uni-muenchen.de/corpus.php?corpus=lycian&docid=155,/TL 37 (Xanthos)/2
EDIANA-LYCIAN-155,lycian,source_attributed_transcription,· 3,lycian,True,mede,https://www.ediana.gwi.uni-muenchen.de/corpus.php?corpus=lycian&docid=155,/TL 37 (Xanthos)/3
EDIANA-LYCIAN-155,lycian,source_attributed_transcription,· 4,lycian,True,epñnẽni,https://www.ediana.gwi.uni-muenchen.de/corpus.php?corpus=lycian&docid=155,/TL 37 (Xanthos)/4
EDIANA-LYCIAN-155,lycian,source_attributed_transcription,· 5,lycian,True,ehbi hm̃prãm.,https://www.ediana.gwi.uni-muenchen.de/corpus.php?corpus=lycian&docid=155,/TL 37 (Xanthos)/5
EDIANA-LYCIAN-155,lycian,source_attributed_transcription,· 6,lycian,True,sej=atli,https://www.ediana.gwi.uni-muenchen.de/corpus.php?corpus=lycian&docid=155,/TL 37 (Xanthos)/6
EDIANA-LYCIAN-156,lycian,source_attributed_transcription,· 1,lycian,True,ebẽñnẽ prñnawu,https://www.ediana.gwi.uni-muenchen.de/corpus.php?corpus=lycian&docid=156,/TL 38 (Xanthos)/1
EDIANA-LYCIAN-156,lycian,source_attributed_transcription,· 2,lycian,True,m=ene prñnawatẽ,https://www.ediana.gwi.uni-muenchen.de/corpus.php?corpus=lycian&docid=156,/TL 38 (Xanthos)/2
EDIANA-LYCIAN-156,lycian,source_attributed_transcription,· 3,lycian,True,ijetruxle hurttuweteh,https://www.ediana.gwi.uni-muenchen.de/corpus.php?corpus=lycian&docid=156,/TL 38 (Xanthos)/3
EDIANA-LYCIAN-156,lycian,source_attributed_transcription,· 4,lycian,True,wasaza,https://www.ediana.gwi.uni-muenchen.de/corpus.php?corpus=lycian&docid=156,/TL 38 (Xanthos)/4
EDIANA-LYCIAN-156,lycian,source_attributed_transcription,· 5,lycian,True,hrppi ladi,https://www.ediana.gwi.uni-muenchen.de/corpus.php?corpus=lycian&docid=156,/TL 38 (Xanthos)/5
EDIANA-LYCIAN-156,lycian,source_attributed_transcription,· 6,lycian,True,se tideime,https://www.ediana.gwi.uni-muenchen.de/corpus.php?corpus=lycian&docid=156,/TL 38 (Xanthos)/6
EDIANA-LYCIAN-156,lycian,source_attributed_transcription,· 7,lycian,True,se=ije ñta tetẽ,https://www.ediana.gwi.uni-muenchen.de/corpus.php?corpus=lycian&docid=156,/TL 38 (Xanthos)/7
EDIANA-LYCIAN-156,lycian,source_attributed_transcription,· 8,lycian,True,tesi m&lt;i&gt;ñti ada,https://www.ediana.gwi.uni-muenchen.de/corpus.php?corpus=lycian&docid=156,/TL 38 (Xanthos)/8
EDIANA-LYCIAN-156,lycian,source_attributed_transcription,· 9,lycian,True,III,https://www.ediana.gwi.uni-muenchen.de/corpus.php?corpus=lycian&docid=156,/TL 38 (Xanthos)/9
EDIANA-LYCIAN-157,lycian,source_attributed_transcription,· 1,lycian,True,ebẽñnẽ prñnawu me=ti=prñnawatẽ,https://www.ediana.gwi.uni-muenchen.de/corpus.php?corpus=lycian&docid=157,/TL 39 (Xanthos)/1
EDIANA-LYCIAN-157,lycian,source_attributed_transcription,· 2,lycian,True,mẽmruwi xñtenubeh tideimi,https://www.ediana.gwi.uni-muenchen.de/corpus.php?corpus=lycian&docid=157,/TL 39 (Xanthos)/2
EDIANA-LYCIAN-157,lycian,source_attributed_transcription,· 3,lycian,True,hrppi esedeñnewi xñnahi,https://www.ediana.gwi.uni-muenchen.de/corpus.php?corpus=lycian&docid=157,/TL 39 (Xanthos)/3
EDIANA-LYCIAN-157,lycian,source_attributed_transcription,· 4,lycian,True,ehbi&lt;j&gt;ehi se θurttãi lada se=ñne sm̃mati,https://www.ediana.gwi.uni-muenchen.de/corpus.php?corpus=lycian&docid=157,/TL 39 (Xanthos)/4
EDIANA-LYCIAN-157,lycian,source_attributed_transcription,· 5,lycian,True,tijãi kbijehis me=ñne nij=esu,https://www.ediana.gwi.uni-muenchen.de/corpus.php?corpus=lycian&docid=157,/TL 39 (Xanthos)/5
EDIANA-LYCIAN-157,lycian,source_attributed_transcription,· 6,lycian,True,esedeñnewi epttehi ñtepi ta[ne],https://www.ediana.gwi.uni-muenchen.de/corpus.php?corpus=lycian&docid=157,/TL 39 (Xanthos)/6
EDIANA-LYCIAN-157,lycian,source_attributed_transcription,· 7,lycian,True,se=ije ñta tãtẽ tesi miñti,https://www.ediana.gwi.uni-muenchen.de/corpus.php?corpus=lycian&docid=157,/TL 39 (Xanthos)/7
EDIANA-LYCIAN-157,lycian,source_attributed_transcription,· 8,lycian,True,aladahali ada III,https://www.ediana.gwi.uni-muenchen.de/corpus.php?corpus=lycian&docid=157,/TL 39 (Xanthos)/8
EDIANA-LYCIAN-158,lycian,source_attributed_transcription,· a1,lycian,True,[p]ajawa manax[in]e prñn[a]wate prñn[aw]ã ebẽñnẽ,https://www.ediana.gwi.uni-muenchen.de/corpus.php?corpus=lycian&docid=158,/TL 40 (Xanthos)/1
EDIANA-LYCIAN-158,lycian,source_attributed_transcription,· b1,lycian,True,pajawa m[a]n[ax]ine prñnawate,https://www.ediana.gwi.uni-muenchen.de/corpus.php?corpus=lycian&docid=158,/TL 40 (Xanthos)/2
EDIANA-LYCIAN-158,lycian,source_attributed_transcription,· b2,lycian,True,prñnawã,https://www.ediana.gwi.uni-muenchen.de/corpus.php?corpus=lycian&docid=158,/TL 40 (Xanthos)/3
EDIANA-LYCIAN-158,lycian,source_attributed_transcription,· b3,lycian,True,ebẽñnẽ,https://www.ediana.gwi.uni-muenchen.de/corpus.php?corpus=lycian&docid=158,/TL 40 (Xanthos)/4
EDIANA-LYCIAN-158,lycian,source_attributed_transcription,· c1,lycian,True,pajawa ed[.....],https://www.ediana.gwi.uni-muenchen.de/corpus.php?corpus=lycian&docid=158,/TL 40 (Xanthos)/5
EDIANA-LYCIAN-158,lycian,source_attributed_transcription,· c2,lycian,True,tideimi a[rtum̃parah,https://www.ediana.gwi.uni-muenchen.de/corpus.php?corpus=lycian&docid=158,/TL 40 (Xanthos)/6
EDIANA-LYCIAN-158,lycian,source_attributed_transcription,· c3,lycian,True,telẽzi[jehi,https://www.ediana.gwi.uni-muenchen.de/corpus.php?corpus=lycian&docid=158,/TL 40 (Xanthos)/7
EDIANA-LYCIAN-158,lycian,source_attributed_transcription,· c4,lycian,True,qla trm̃mis [...],https://www.ediana.gwi.uni-muenchen.de/corpus.php?corpus=lycian&docid=158,/TL 40 (Xanthos)/8
EDIANA-LYCIAN-158,lycian,source_attributed_transcription,· c5,lycian,True,uwete teri s=ẽ[n],https://www.ediana.gwi.uni-muenchen.de/corpus.php?corpus=lycian&docid=158,/TL 40 (Xanthos)/9
EDIANA-LYCIAN-158,lycian,source_attributed_transcription,· c6,lycian,True,ijetẽ,https://www.ediana.gwi.uni-muenchen.de/corpus.php?corpus=lycian&docid=158,/TL 40 (Xanthos)/10
EDIANA-LYCIAN-158,lycian,source_attributed_transcription,· c7,lycian,True,erawazija ebe[ij]a,https://www.ediana.gwi.uni-muenchen.de/corpus.php?corpus=lycian&docid=158,/TL 40 (Xanthos)/11
EDIANA-LYCIAN-158,lycian,source_attributed_transcription,· c8,lycian,True,m=e prñnawaxã,https://www.ediana.gwi.uni-muenchen.de/corpus.php?corpus=lycian&docid=158,/TL 40 (Xanthos)/12
EDIANA-LYCIAN-158,lycian,source_attributed_transcription,· c9,lycian,True,o uhahi [.]iti ahãmadi,https://www.ediana.gwi.uni-muenchen.de/corpus.php?corpus=lycian&docid=158,/TL 40 (Xanthos)/13
EDIANA-LYCIAN-158,lycian,source_attributed_transcription,· c10,lycian,True,arñnadi,https://www.ediana.gwi.uni-muenchen.de/corpus.php?corpus=lycian&docid=158,/TL 40 (Xanthos)/14
EDIANA-LYCIAN-158,lycian,source_attributed_transcription,· d1,lycian,True,ebeija [xr]uwata m=e=ije pijetẽ wat[aprd]ata xssadrapa pa[rz]a,https://www.ediana.gwi.uni-muenchen.de/corpus.php?corpus=lycian&docid=158,/TL 40 (Xanthos)/15
EDIANA-LYCIAN-158,lycian,source_attributed_transcription,· d2,lycian,True,pddẽ telẽzi epatte trm̃milise ma[,https://www.ediana.gwi.uni-muenchen.de/corpus.php?corpus=lycian&docid=158,/TL 40 (Xanthos)/16
EDIANA-LYCIAN-159,lycian,source_attributed_transcription,· 1,lycian,True,ebẽ&lt;ñ&gt;nẽ prñnaẉ[ã,https://www.ediana.gwi.uni-muenchen.de/corpus.php?corpus=lycian&docid=159,/TL 41 (Xanthos)/1
EDIANA-LYCIAN-159,lycian,source_attributed_transcription,· 2,lycian,True,turllẹh tidei[mi hrppi,https://www.ediana.gwi.uni-muenchen.de/corpus.php?corpus=lycian&docid=159,/TL 41 (Xanthos)/2
EDIANA-LYCIAN-159,lycian,source_attributed_transcription,· 3,lycian,True,s=esedeñnewi x[ñnahi ehbijehi,https://www.ediana.gwi.uni-muenchen.de/corpus.php?corpus=lycian&docid=159,/TL 41 (Xanthos)/3
EDIANA-LYCIAN-159,lycian,source_attributed_transcription,· 4,lycian,True,ñta=ija=tadẽ tas[a,https://www.ediana.gwi.uni-muenchen.de/corpus.php?corpus=lycian&docid=159,/TL 41 (Xanthos)/4
EDIANA-LYCIAN-159,lycian,source_attributed_transcription,· 5,lycian,True,sej=ẽtre ada III,https://www.ediana.gwi.uni-muenchen.de/corpus.php?corpus=lycian&docid=159,/TL 41 (Xanthos)/5
EDIANA-LYCIAN-160,lycian,source_attributed_transcription,· 1,lycian,True,ebẽñn[ẽ,https://www.ediana.gwi.uni-muenchen.de/corpus.php?corpus=lycian&docid=160,/TL 42 (Xanthos)/1
EDIANA-LYCIAN-160,lycian,source_attributed_transcription,· 2,lycian,True,se=ije ñte=tãt. [,https://www.ediana.gwi.uni-muenchen.de/corpus.php?corpus=lycian&docid=160,/TL 42 (Xanthos)/2
EDIANA-LYCIAN-160,lycian,source_attributed_transcription,· 3,lycian,True,ebẽñnẽ xupã me=ti prñnawatẽ tuwala hrppi ladi,https://www.ediana.gwi.uni-muenchen.de/corpus.php?corpus=lycian&docid=160,/TL 42 (Xanthos)/3
EDIANA-LYCIAN-160,lycian,source_attributed_transcription,· 4,lycian,True,se tideime se=ije ñt=tadẽ tesi miñti aladaheli ada II,https://www.ediana.gwi.uni-muenchen.de/corpus.php?corpus=lycian&docid=160,/TL 42 (Xanthos)/4
EDIANA-LYCIAN-161,lycian,source_attributed_transcription,· 1,lycian,True,ebẽñnẽ prñnawã m=ẽ=ti prñnawatẽ merehi kudalah xñtlah tideimi,https://www.ediana.gwi.uni-muenchen.de/corpus.php?corpus=lycian&docid=161,/TL 43 (Xanthos)/1
EDIANA-LYCIAN-161,lycian,source_attributed_transcription,· 2,lycian,True,trijatrbbahi pñnutahi uhahi hrppi prñnezi ẽnẽ xñtawata xer[i]xehe,https://www.ediana.gwi.uni-muenchen.de/corpus.php?corpus=lycian&docid=161,/TL 43 (Xanthos)/2
EDIANA-LYCIAN-162,lycian,source_attributed_transcription,· 1,lycian,True,ebẽñni [ stta]l[ã m=e]n(e) ad[ẽ x]er[iga ar]ppaxuh,https://www.ediana.gwi.uni-muenchen.de/corpus.php?corpus=lycian&docid=162,/TL 44 (Xanthos)/1
EDIANA-LYCIAN-162,lycian,source_attributed_transcription,· 2,lycian,True,tid[eimi xe[zi]gah [tuhes k]u[pr]lle[h],https://www.ediana.gwi.uni-muenchen.de/corpus.php?corpus=lycian&docid=162,/TL 44 (Xanthos)/2
EDIANA-LYCIAN-162,lycian,source_attributed_transcription,· 3,lycian,True,xahba a[tli se ladi se tideim]e s=[ek]eb[u]re,https://www.ediana.gwi.uni-muenchen.de/corpus.php?corpus=lycian&docid=162,/TL 44 (Xanthos)/3
EDIANA-LYCIAN-162,lycian,source_attributed_transcription,· 4,lycian,True,ehb[ije .....................]u[...],https://www.ediana.gwi.uni-muenchen.de/corpus.php?corpus=lycian&docid=162,/TL 44 (Xanthos)/4
EDIANA-LYCIAN-162,lycian,source_attributed_transcription,· 5,lycian,True,ñtikdu[............................. .]-ri,https://www.ediana.gwi.uni-muenchen.de/corpus.php?corpus=lycian&docid=162,/TL 44 (Xanthos)/5
EDIANA-LYCIAN-162,lycian,source_attributed_transcription,· 6,lycian,True,xal[le ............................],https://www.ediana.gwi.uni-muenchen.de/corpus.php?corpus=lycian&docid=162,/TL 44 (Xanthos)/6
EDIANA-LYCIAN-162,lycian,source_attributed_transcription,· 7,lycian,True,n[.........]ze s=ene tr[............],https://www.ediana.gwi.uni-muenchen.de/corpus.php?corpus=lycian&docid=162,/TL 44 (Xanthos)/7
EDIANA-LYCIAN-162,lycian,source_attributed_transcription,· 8,lycian,True,e[........].ehe mere e[bette ........],https://www.ediana.gwi.uni-muenchen.de/corpus.php?corpus=lycian&docid=162,/TL 44 (Xanthos)/8
EDIANA-LYCIAN-162,lycian,source_attributed_transcription,· 9,lycian,True,t[..... er]ewezijehed[i ............... e]-pñ,https://www.ediana.gwi.uni-muenchen.de/corpus.php?corpus=lycian&docid=162,/TL 44 (Xanthos)/9
EDIANA-LYCIAN-162,lycian,source_attributed_transcription,· 10,lycian,True,[......]im̃ xerigahe [...........],https://www.ediana.gwi.uni-muenchen.de/corpus.php?corpus=lycian&docid=162,/TL 44 (Xanthos)/10
EDIANA-LYCIAN-162,lycian,source_attributed_transcription,· 11,lycian,True,mere [eri] xalle me=i=ti had[..........],https://www.ediana.gwi.uni-muenchen.de/corpus.php?corpus=lycian&docid=162,/TL 44 (Xanthos)/11
EDIANA-LYCIAN-162,lycian,source_attributed_transcription,· 12,lycian,True,ñte mahãnaha tusñti=ti [............],https://www.ediana.gwi.uni-muenchen.de/corpus.php?corpus=lycian&docid=162,/TL 44 (Xanthos)/12
EDIANA-LYCIAN-162,lycian,source_attributed_transcription,· 13,lycian,True,[...ar]ñna se=i ñt=ẽnẽ puw[............],https://www.ediana.gwi.uni-muenchen.de/corpus.php?corpus=lycian&docid=162,/TL 44 (Xanthos)/13
EDIANA-LYCIAN-162,lycian,source_attributed_transcription,· 14,lycian,True,[....]he prñnawã m̃meit[.] [...........],https://www.ediana.gwi.uni-muenchen.de/corpus.php?corpus=lycian&docid=162,/TL 44 (Xanthos)/14
EDIANA-LYCIAN-162,lycian,source_attributed_transcription,· 15,lycian,True,[...t]erñ se=i teli teli [..........],https://www.ediana.gwi.uni-muenchen.de/corpus.php?corpus=lycian&docid=162,/TL 44 (Xanthos)/15
EDIANA-LYCIAN-162,lycian,source_attributed_transcription,· 16,lycian,True,[...] ekebura se=we maxã e[.........],https://www.ediana.gwi.uni-muenchen.de/corpus.php?corpus=lycian&docid=162,/TL 44 (Xanthos)/16
EDIANA-LYCIAN-162,lycian,source_attributed_transcription,· 17,lycian,True,[.]e merehi sunemamadi [............],https://www.ediana.gwi.uni-muenchen.de/corpus.php?corpus=lycian&docid=162,/TL 44 (Xanthos)/17
EDIANA-LYCIAN-162,lycian,source_attributed_transcription,· 18,lycian,True,esej=ẽ θ[u]rtta ebẽhẽ xer[iga ......],https://www.ediana.gwi.uni-muenchen.de/corpus.php?corpus=lycian&docid=162,/TL 44 (Xanthos)/18
EDIANA-LYCIAN-162,lycian,source_attributed_transcription,· 19,lycian,True,tuwete{:}=ti ebẽñnẽ [n]ele=d[e arñnahe se],https://www.ediana.gwi.uni-muenchen.de/corpus.php?corpus=lycian&docid=162,/TL 44 (Xanthos)/19
EDIANA-LYCIAN-162,lycian,source_attributed_transcription,· 20,lycian,True,tukedri tuwet=epi θãkur[........... ti]-deiṃi,https://www.ediana.gwi.uni-muenchen.de/corpus.php?corpus=lycian&docid=162,/TL 44 (Xanthos)/20
EDIANA-LYCIAN-162,lycian,source_attributed_transcription,· 21,lycian,True,arawazije=de kuprl[leh ....... ara]wazija,https://www.ediana.gwi.uni-muenchen.de/corpus.php?corpus=lycian&docid=162,/TL 44 (Xanthos)/21
EDIANA-LYCIAN-162,lycian,source_attributed_transcription,· 22,lycian,True,prñnawate tum[.........],https://www.ediana.gwi.uni-muenchen.de/corpus.php?corpus=lycian&docid=162,/TL 44 (Xanthos)/22
EDIANA-LYCIAN-162,lycian,source_attributed_transcription,· 23,lycian,True,trbbẽ s=atlahe ehbije h[........],https://www.ediana.gwi.uni-muenchen.de/corpus.php?corpus=lycian&docid=162,/TL 44 (Xanthos)/23
EDIANA-LYCIAN-162,lycian,source_attributed_transcription,· 24,lycian,True,ti ñtepi puwej[e]he θurt[tahe tezi],https://www.ediana.gwi.uni-muenchen.de/corpus.php?corpus=lycian&docid=162,/TL 44 (Xanthos)/24
EDIANA-LYCIAN-162,lycian,source_attributed_transcription,· 25,lycian,True,ñtewẽ erbbinahe tezi xu[gahi : ehbije]hi,https://www.ediana.gwi.uni-muenchen.de/corpus.php?corpus=lycian&docid=162,/TL 44 (Xanthos)/25
EDIANA-LYCIAN-162,lycian,source_attributed_transcription,· 26,lycian,True,se ñtewẽ teθθi ehbij[ehi .......],https://www.ediana.gwi.uni-muenchen.de/corpus.php?corpus=lycian&docid=162,/TL 44 (Xanthos)/26
EDIANA-LYCIAN-162,lycian,source_attributed_transcription,· 27,lycian,True,se ñtewẽ mahãna neleze [...........],https://www.ediana.gwi.uni-muenchen.de/corpus.php?corpus=lycian&docid=162,/TL 44 (Xanthos)/27
EDIANA-LYCIAN-162,lycian,source_attributed_transcription,· 28,lycian,True,ezeze me przzẽ kumã me=ti [.......,https://www.ediana.gwi.uni-muenchen.de/corpus.php?corpus=lycian&docid=162,/TL 44 (Xanthos)/28
EDIANA-LYCIAN-162,lycian,source_attributed_transcription,· 29,lycian,True,te xistte ẽnehi se xñnah[i ..... mere]-hi,https://www.ediana.gwi.uni-muenchen.de/corpus.php?corpus=lycian&docid=162,/TL 44 (Xanthos)/29
EDIANA-LYCIAN-162,lycian,source_attributed_transcription,· 30,lycian,True,arppaxuh tideimi xerig[ah nẽni ku]prlleh,https://www.ediana.gwi.uni-muenchen.de/corpus.php?corpus=lycian&docid=162,/TL 44 (Xanthos)/30
EDIANA-LYCIAN-162,lycian,source_attributed_transcription,· 31,lycian,True,xãhb xezigah tuhes me[.... araw]-azijedi,https://www.ediana.gwi.uni-muenchen.de/corpus.php?corpus=lycian&docid=162,/TL 44 (Xanthos)/31
EDIANA-LYCIAN-162,lycian,source_attributed_transcription,· 32,lycian,True,ẽ=ñne xistte wawadra [....],https://www.ediana.gwi.uni-muenchen.de/corpus.php?corpus=lycian&docid=162,/TL 44 (Xanthos)/32
EDIANA-LYCIAN-162,lycian,source_attributed_transcription,· 33,lycian,True,mẽ zbetẽ me uwadraxi ese przze [....] : ehetehi,https://www.ediana.gwi.uni-muenchen.de/corpus.php?corpus=lycian&docid=162,/TL 44 (Xanthos)/33
EDIANA-LYCIAN-162,lycian,source_attributed_transcription,· 34,lycian,True,axã ara nelede arñna me=ti p[rz]ze,https://www.ediana.gwi.uni-muenchen.de/corpus.php?corpus=lycian&docid=162,/TL 44 (Xanthos)/34
EDIANA-LYCIAN-162,lycian,source_attributed_transcription,· 35,lycian,True,axã trm̃mile izredi pededi ñterez[.]xubase,https://www.ediana.gwi.uni-muenchen.de/corpus.php?corpus=lycian&docid=162,/TL 44 (Xanthos)/35
EDIANA-LYCIAN-162,lycian,source_attributed_transcription,· 36,lycian,True,tupa esbedi hẽmenedi trm̃mil[i]jedi,https://www.ediana.gwi.uni-muenchen.de/corpus.php?corpus=lycian&docid=162,/TL 44 (Xanthos)/36
EDIANA-LYCIAN-162,lycian,source_attributed_transcription,· 37,lycian,True,se medezedi padrãtahedi hqqdaime[d]i,https://www.ediana.gwi.uni-muenchen.de/corpus.php?corpus=lycian&docid=162,/TL 44 (Xanthos)/37
EDIANA-LYCIAN-162,lycian,source_attributed_transcription,· 38,lycian,True,se mrbbẽnedi tupelijã trm̃milis[. .],https://www.ediana.gwi.uni-muenchen.de/corpus.php?corpus=lycian&docid=162,/TL 44 (Xanthos)/38
EDIANA-LYCIAN-162,lycian,source_attributed_transcription,· 39,lycian,True,[.. qa]cadunimi puwejehñ tupelijã se,https://www.ediana.gwi.uni-muenchen.de/corpus.php?corpus=lycian&docid=162,/TL 44 (Xanthos)/39
EDIANA-LYCIAN-162,lycian,source_attributed_transcription,· 40,lycian,True,[...] qacadunimi puwejehñ se irijẽm̃ m[e],https://www.ediana.gwi.uni-muenchen.de/corpus.php?corpus=lycian&docid=162,/TL 44 (Xanthos)/40
EDIANA-LYCIAN-162,lycian,source_attributed_transcription,· 41,lycian,True,[pr]ulija epi=de izredi zẽm̃=tija ehbijedi,https://www.ediana.gwi.uni-muenchen.de/corpus.php?corpus=lycian&docid=162,/TL 44 (Xanthos)/41
EDIANA-LYCIAN-162,lycian,source_attributed_transcription,· 42,lycian,True,zagaba nelede hãtahe ẽtri tuminehi,https://www.ediana.gwi.uni-muenchen.de/corpus.php?corpus=lycian&docid=162,/TL 44 (Xanthos)/42
EDIANA-LYCIAN-162,lycian,source_attributed_transcription,· 43,lycian,True,nelede h[ã]tahe pttara malijehi hãtahe,https://www.ediana.gwi.uni-muenchen.de/corpus.php?corpus=lycian&docid=162,/TL 44 (Xanthos)/43
EDIANA-LYCIAN-162,lycian,source_attributed_transcription,· 44,lycian,True,xbane ese trbbẽnimi tebete terñ se,https://www.ediana.gwi.uni-muenchen.de/corpus.php?corpus=lycian&docid=162,/TL 44 (Xanthos)/44
EDIANA-LYCIAN-162,lycian,source_attributed_transcription,· 45,lycian,True,milasãñtrã pddẽn=eke xbãnije izredi,https://www.ediana.gwi.uni-muenchen.de/corpus.php?corpus=lycian&docid=162,/TL 44 (Xanthos)/45
EDIANA-LYCIAN-162,lycian,source_attributed_transcription,· 46,lycian,True,ehbijedi hãtahe tlãñ nele nele tarbide,https://www.ediana.gwi.uni-muenchen.de/corpus.php?corpus=lycian&docid=162,/TL 44 (Xanthos)/46
EDIANA-LYCIAN-162,lycian,source_attributed_transcription,· 47,lycian,True,xerẽi qastte τerñ tlahñ erbbedi h[ã]tahe,https://www.ediana.gwi.uni-muenchen.de/corpus.php?corpus=lycian&docid=162,/TL 44 (Xanthos)/47
EDIANA-LYCIAN-162,lycian,source_attributed_transcription,· 48,lycian,True,medbijahe ese xerẽi tebete [t]er[ñ],https://www.ediana.gwi.uni-muenchen.de/corpus.php?corpus=lycian&docid=162,/TL 44 (Xanthos)/48
EDIANA-LYCIAN-162,lycian,source_attributed_transcription,· 49,lycian,True,se waxssepddimi ẽti zehi hbãti c¦¦ u.[.],https://www.ediana.gwi.uni-muenchen.de/corpus.php?corpus=lycian&docid=162,/TL 44 (Xanthos)/49
EDIANA-LYCIAN-162,lycian,source_attributed_transcription,· 50,lycian,True,ñtepi xlaina terñ hãtahe ãka herikle,https://www.ediana.gwi.uni-muenchen.de/corpus.php?corpus=lycian&docid=162,/TL 44 (Xanthos)/50
EDIANA-LYCIAN-162,lycian,source_attributed_transcription,· 51,lycian,True,se haxlaza pabrati xbide hrixñtawatahi,https://www.ediana.gwi.uni-muenchen.de/corpus.php?corpus=lycian&docid=162,/TL 44 (Xanthos)/51
EDIANA-LYCIAN-162,lycian,source_attributed_transcription,· 52,lycian,True,ese tabãna terñ ijãnã ijaeusas,https://www.ediana.gwi.uni-muenchen.de/corpus.php?corpus=lycian&docid=162,/TL 44 (Xanthos)/52
EDIANA-LYCIAN-162,lycian,source_attributed_transcription,· 53,lycian,True,krzz[ã]nase hãtahe mukale tewẽte sãma=ti,https://www.ediana.gwi.uni-muenchen.de/corpus.php?corpus=lycian&docid=162,/TL 44 (Xanthos)/53
EDIANA-LYCIAN-162,lycian,source_attributed_transcription,· 54,lycian,True,trbbetẽ turaxssi zxxãna terñ ese,https://www.ediana.gwi.uni-muenchen.de/corpus.php?corpus=lycian&docid=162,/TL 44 (Xanthos)/54
EDIANA-LYCIAN-162,lycian,source_attributed_transcription,· 55,lycian,True,humrxxã tebãna terñ hãtahe,https://www.ediana.gwi.uni-muenchen.de/corpus.php?corpus=lycian&docid=162,/TL 44 (Xanthos)/55
EDIANA-LYCIAN-162,lycian,source_attributed_transcription,· 1,lycian,True,ebei kbija prulija ẽti pddãt[i ...],https://www.ediana.gwi.uni-muenchen.de/corpus.php?corpus=lycian&docid=162,/TL 44 (Xanthos)/57
EDIANA-LYCIAN-162,lycian,source_attributed_transcription,· 2,lycian,True,ijãna=tija se=j=estte=beli puna[..],https://www.ediana.gwi.uni-muenchen.de/corpus.php?corpus=lycian&docid=162,/TL 44 (Xanthos)/58
EDIANA-LYCIAN-162,lycian,source_attributed_transcription,· 3,lycian,True,tere tere tãmade zxxazije me=i=ti,https://www.ediana.gwi.uni-muenchen.de/corpus.php?corpus=lycian&docid=162,/TL 44 (Xanthos)/59
EDIANA-LYCIAN-162,lycian,source_attributed_transcription,· 4,lycian,True,[.]budi iwẽ se τeτeris erij!ãna tij[...]iked[i],https://www.ediana.gwi.uni-muenchen.de/corpus.php?corpus=lycian&docid=162,/TL 44 (Xanthos)/60
EDIANA-LYCIAN-162,lycian,source_attributed_transcription,· 5,lycian,True,se mrbbẽnedi xbihñ hñ-,https://www.ediana.gwi.uni-muenchen.de/corpus.php?corpus=lycian&docid=162,/TL 44 (Xanthos)/61
EDIANA-LYCIAN-162,lycian,source_attributed_transcription,· 6,lycian,True,[....... a]dm̃medi arusñ kbihu tu[minehi,https://www.ediana.gwi.uni-muenchen.de/corpus.php?corpus=lycian&docid=162,/TL 44 (Xanthos)/62
EDIANA-LYCIAN-162,lycian,source_attributed_transcription,· 7,lycian,True,hr]zzi kbihu xãkbi kbihu,https://www.ediana.gwi.uni-muenchen.de/corpus.php?corpus=lycian&docid=162,/TL 44 (Xanthos)/63
EDIANA-LYCIAN-162,lycian,source_attributed_transcription,· 8,lycian,True,[......] ñterewetehi kumez!ija,https://www.ediana.gwi.uni-muenchen.de/corpus.php?corpus=lycian&docid=162,/TL 44 (Xanthos)/64
EDIANA-LYCIAN-162,lycian,source_attributed_transcription,· 9,lycian,True,[......]edi pzzidezes adm̃mahi tu[......]s,https://www.ediana.gwi.uni-muenchen.de/corpus.php?corpus=lycian&docid=162,/TL 44 (Xanthos)/65
EDIANA-LYCIAN-162,lycian,source_attributed_transcription,· 10,lycian,True,xttbadi [k]erθθi se=ti =(i)wi[.......]ewes,https://www.ediana.gwi.uni-muenchen.de/corpus.php?corpus=lycian&docid=162,/TL 44 (Xanthos)/66
EDIANA-LYCIAN-162,lycian,source_attributed_transcription,· 11,lycian,True,[s]e qr[.]rahas trbbẽnimi,https://www.ediana.gwi.uni-muenchen.de/corpus.php?corpus=lycian&docid=162,/TL 44 (Xanthos)/67
EDIANA-LYCIAN-162,lycian,source_attributed_transcription,· 12,lycian,True,ẽnẽ s[m̃mat]e terñ hatã me=i tã[n]ãi ub[...],https://www.ediana.gwi.uni-muenchen.de/corpus.php?corpus=lycian&docid=162,/TL 44 (Xanthos)/68
EDIANA-LYCIAN-162,lycian,source_attributed_transcription,· 13,lycian,True,wazisñ [te]lẽzijehi qlaj=ese tre[l...],https://www.ediana.gwi.uni-muenchen.de/corpus.php?corpus=lycian&docid=162,/TL 44 (Xanthos)/69
EDIANA-LYCIAN-162,lycian,source_attributed_transcription,· 14,lycian,True,se=ñ[n]e trepe xbahñ se nagurahi pu[nam][u]wahe,https://www.ediana.gwi.uni-muenchen.de/corpus.php?corpus=lycian&docid=162,/TL 44 (Xanthos)/70
EDIANA-LYCIAN-162,lycian,source_attributed_transcription,· 15,lycian,True,trbbi trusñ se tuburehi stt[ra-][t]ãni[da]he,https://www.ediana.gwi.uni-muenchen.de/corpus.php?corpus=lycian&docid=162,/TL 44 (Xanthos)/71
EDIANA-LYCIAN-162,lycian,source_attributed_transcription,· 16,lycian,True,trbbi ẽñnei miθrapata e[..],https://www.ediana.gwi.uni-muenchen.de/corpus.php?corpus=lycian&docid=162,/TL 44 (Xanthos)/72
EDIANA-LYCIAN-162,lycian,source_attributed_transcription,· 17,lycian,True,[... te]rñ xawales dderije me=je s[...],https://www.ediana.gwi.uni-muenchen.de/corpus.php?corpus=lycian&docid=162,/TL 44 (Xanthos)/73
EDIANA-LYCIAN-162,lycian,source_attributed_transcription,· 18,lycian,True,[.....]mate aruwãtijesi sttrat[ãni],https://www.ediana.gwi.uni-muenchen.de/corpus.php?corpus=lycian&docid=162,/TL 44 (Xanthos)/74
EDIANA-LYCIAN-162,lycian,source_attributed_transcription,· 19,lycian,True,[dahe er]ijete m=en=erbbedi tubei[te,https://www.ediana.gwi.uni-muenchen.de/corpus.php?corpus=lycian&docid=162,/TL 44 (Xanthos)/75
EDIANA-LYCIAN-162,lycian,source_attributed_transcription,· 20,lycian,True,[.... e]rijãna se=ije muneita pu[ñte a-][r]uw[ã]tijeseh,https://www.ediana.gwi.uni-muenchen.de/corpus.php?corpus=lycian&docid=162,/TL 44 (Xanthos)/76
EDIANA-LYCIAN-162,lycian,source_attributed_transcription,· 21,lycian,True,se tiluma qẽtriher[..],https://www.ediana.gwi.uni-muenchen.de/corpus.php?corpus=lycian&docid=162,/TL 44 (Xanthos)/77
EDIANA-LYCIAN-162,lycian,source_attributed_transcription,· 22,lycian,True,[.]i erijãna trijerẽ kijezẽ nagu[rah.],https://www.ediana.gwi.uni-muenchen.de/corpus.php?corpus=lycian&docid=162,/TL 44 (Xanthos)/78
EDIANA-LYCIAN-162,lycian,source_attributed_transcription,· 23,lycian,True,erijete trijerẽ xerẽhe hñti t[....],https://www.ediana.gwi.uni-muenchen.de/corpus.php?corpus=lycian&docid=162,/TL 44 (Xanthos)/79
EDIANA-LYCIAN-162,lycian,source_attributed_transcription,· 24,lycian,True,[..... m]erehi hijãnaxã heledije [...],https://www.ediana.gwi.uni-muenchen.de/corpus.php?corpus=lycian&docid=162,/TL 44 (Xanthos)/80
EDIANA-LYCIAN-162,lycian,source_attributed_transcription,· 25,lycian,True,[.....]a mere itehe se=t=ewẽ ni seje[...],https://www.ediana.gwi.uni-muenchen.de/corpus.php?corpus=lycian&docid=162,/TL 44 (Xanthos)/81
EDIANA-LYCIAN-162,lycian,source_attributed_transcription,· 26,lycian,True,[....]ati se xssadrapahi trm̃mili[...],https://www.ediana.gwi.uni-muenchen.de/corpus.php?corpus=lycian&docid=162,/TL 44 (Xanthos)/82
EDIANA-LYCIAN-162,lycian,source_attributed_transcription,· 27,lycian,True,[.....]isñ ijãnisñ sppartazi atãna[zi],https://www.ediana.gwi.uni-muenchen.de/corpus.php?corpus=lycian&docid=162,/TL 44 (Xanthos)/83
EDIANA-LYCIAN-162,lycian,source_attributed_transcription,· 28,lycian,True,[......]ã θurttã señnahijẽ se tuhedi,https://www.ediana.gwi.uni-muenchen.de/corpus.php?corpus=lycian&docid=162,/TL 44 (Xanthos)/84
EDIANA-LYCIAN-162,lycian,source_attributed_transcription,· 29,lycian,True,[θurtt]adi señnahijedi dde trm̃misñ pu-[....,https://www.ediana.gwi.uni-muenchen.de/corpus.php?corpus=lycian&docid=162,/TL 44 (Xanthos)/85
EDIANA-LYCIAN-162,lycian,source_attributed_transcription,· 30,lycian,True,a]rñna pinale tlawa wedre pisba[s],https://www.ediana.gwi.uni-muenchen.de/corpus.php?corpus=lycian&docid=162,/TL 44 (Xanthos)/86
EDIANA-LYCIAN-162,lycian,source_attributed_transcription,· 31,lycian,True,[.....]taddi plm̃maddi se qehñnedi pd[dãtij]edi,https://www.ediana.gwi.uni-muenchen.de/corpus.php?corpus=lycian&docid=162,/TL 44 (Xanthos)/87
EDIANA-LYCIAN-162,lycian,source_attributed_transcription,· 32,lycian,True,sersseizijedi se ukehezi[j]edi :,https://www.ediana.gwi.uni-muenchen.de/corpus.php?corpus=lycian&docid=162,/TL 44 (Xanthos)/88
EDIANA-LYCIAN-162,lycian,source_attributed_transcription,· 33,lycian,True,[.]epartaisedi truwepeijadi ter[.],https://www.ediana.gwi.uni-muenchen.de/corpus.php?corpus=lycian&docid=162,/TL 44 (Xanthos)/89
EDIANA-LYCIAN-162,lycian,source_attributed_transcription,· 34,lycian,True,elã[.] se urubli[j]edi pri trqqas hexis,https://www.ediana.gwi.uni-muenchen.de/corpus.php?corpus=lycian&docid=162,/TL 44 (Xanthos)/90
EDIANA-LYCIAN-162,lycian,source_attributed_transcription,· 35,lycian,True,ñta[.]m̃mezezi erbbi sttãti teli qehñ[n]i,https://www.ediana.gwi.uni-muenchen.de/corpus.php?corpus=lycian&docid=162,/TL 44 (Xanthos)/91
EDIANA-LYCIAN-162,lycian,source_attributed_transcription,· 36,lycian,True,m̃mej ese terñ punerebe se=be pibere,https://www.ediana.gwi.uni-muenchen.de/corpus.php?corpus=lycian&docid=162,/TL 44 (Xanthos)/92
EDIANA-LYCIAN-162,lycian,source_attributed_transcription,· 37,lycian,True,trqqas=ppe asati xñtawatã tuwi se=be,https://www.ediana.gwi.uni-muenchen.de/corpus.php?corpus=lycian&docid=162,/TL 44 (Xanthos)/93
EDIANA-LYCIAN-162,lycian,source_attributed_transcription,· 38,lycian,True,dãinẽ arawazija ñtewẽ {n}emu se xθθã-,https://www.ediana.gwi.uni-muenchen.de/corpus.php?corpus=lycian&docid=162,/TL 44 (Xanthos)/94
EDIANA-LYCIAN-162,lycian,source_attributed_transcription,· 39,lycian,True,ñte=be dewẽ emu kumezeiti=ti me=rawazija,https://www.ediana.gwi.uni-muenchen.de/corpus.php?corpus=lycian&docid=162,/TL 44 (Xanthos)/95
EDIANA-LYCIAN-162,lycian,source_attributed_transcription,· 40,lycian,True,ade tuminehi mlatraza tixzzi=di,https://www.ediana.gwi.uni-muenchen.de/corpus.php?corpus=lycian&docid=162,/TL 44 (Xanthos)/96
EDIANA-LYCIAN-162,lycian,source_attributed_transcription,· 41,lycian,True,mãna hm̃mãta qarazutazi tezi aruwãtija,https://www.ediana.gwi.uni-muenchen.de/corpus.php?corpus=lycian&docid=162,/TL 44 (Xanthos)/97
EDIANA-LYCIAN-162,lycian,source_attributed_transcription,· 42,lycian,True,tukedri sej=eti puwẽi sej=urublijẽ,https://www.ediana.gwi.uni-muenchen.de/corpus.php?corpus=lycian&docid=162,/TL 44 (Xanthos)/98
EDIANA-LYCIAN-162,lycian,source_attributed_transcription,· 43,lycian,True,ade xurzi=de se tukedri atrã tehlu-[s.,https://www.ediana.gwi.uni-muenchen.de/corpus.php?corpus=lycian&docid=162,/TL 44 (Xanthos)/99
EDIANA-LYCIAN-162,lycian,source_attributed_transcription,· 44,lycian,True,m]e=i θrm̃mã pibijeti xurzazẽ kumez[e]]ne,https://www.ediana.gwi.uni-muenchen.de/corpus.php?corpus=lycian&docid=162,/TL 44 (Xanthos)/100
EDIANA-LYCIAN-162,lycian,source_attributed_transcription,· 45,lycian,True,uhazata wawã trisñni se=ñte pd[dẽ]zrppudeine,https://www.ediana.gwi.uni-muenchen.de/corpus.php?corpus=lycian&docid=162,/TL 44 (Xanthos)/101
EDIANA-LYCIAN-162,lycian,source_attributed_transcription,· 46,lycian,True,arawazije ehbije kbi[je],https://www.ediana.gwi.uni-muenchen.de/corpus.php?corpus=lycian&docid=162,/TL 44 (Xanthos)/102
EDIANA-LYCIAN-162,lycian,source_attributed_transcription,· 47,lycian,True,me=i mẽ adrude mahãi s=ed=de ahata ha[de],https://www.ediana.gwi.uni-muenchen.de/corpus.php?corpus=lycian&docid=162,/TL 44 (Xanthos)/103
EDIANA-LYCIAN-162,lycian,source_attributed_transcription,· 48,lycian,True,ẽnẽ qla=bi ehetehi se mahãna ehete[he],https://www.ediana.gwi.uni-muenchen.de/corpus.php?corpus=lycian&docid=162,/TL 44 (Xanthos)/104
EDIANA-LYCIAN-162,lycian,source_attributed_transcription,· 49,lycian,True,arñna tuminehi kerθθi xãkbi epi=d[e,https://www.ediana.gwi.uni-muenchen.de/corpus.php?corpus=lycian&docid=162,/TL 44 (Xanthos)/105
EDIANA-LYCIAN-162,lycian,source_attributed_transcription,· 50,lycian,True,ñ]temlẽ=si tãma se=we ne=pe astte trm̃mis,https://www.ediana.gwi.uni-muenchen.de/corpus.php?corpus=lycian&docid=162,/TL 44 (Xanthos)/106
EDIANA-LYCIAN-162,lycian,source_attributed_transcription,· 51,lycian,True,s=ed=de=tuwetẽ kumezija tere tere,https://www.ediana.gwi.uni-muenchen.de/corpus.php?corpus=lycian&docid=162,/TL 44 (Xanthos)/107
EDIANA-LYCIAN-162,lycian,source_attributed_transcription,· 52,lycian,True,trqqñti pddãtahi qñnãkba xrssẽni ehbi,https://www.ediana.gwi.uni-muenchen.de/corpus.php?corpus=lycian&docid=162,/TL 44 (Xanthos)/108
EDIANA-LYCIAN-162,lycian,source_attributed_transcription,· 53,lycian,True,tabahaza kumezija padritahi arñna,https://www.ediana.gwi.uni-muenchen.de/corpus.php?corpus=lycian&docid=162,/TL 44 (Xanthos)/109
EDIANA-LYCIAN-162,lycian,source_attributed_transcription,· 54,lycian,True,tuminehija kumezija xãkbija kumezi[j]a,https://www.ediana.gwi.uni-muenchen.de/corpus.php?corpus=lycian&docid=162,/TL 44 (Xanthos)/110
EDIANA-LYCIAN-162,lycian,source_attributed_transcription,· 55,lycian,True,se tukedri kerθθi ade urublijẽ,https://www.ediana.gwi.uni-muenchen.de/corpus.php?corpus=lycian&docid=162,/TL 44 (Xanthos)/111
EDIANA-LYCIAN-162,lycian,source_attributed_transcription,· 56,lycian,True,hãtahe tubehi prñnezi se lihbeze eh[b]ije,https://www.ediana.gwi.uni-muenchen.de/corpus.php?corpus=lycian&docid=162,/TL 44 (Xanthos)/112
EDIANA-LYCIAN-162,lycian,source_attributed_transcription,· 57,lycian,True,se=dewẽ zxxaza se ñtuweriha ade se,https://www.ediana.gwi.uni-muenchen.de/corpus.php?corpus=lycian&docid=162,/TL 44 (Xanthos)/113
EDIANA-LYCIAN-162,lycian,source_attributed_transcription,· 58,lycian,True,xθθãna xugaha se xñnaha se xñtawati,https://www.ediana.gwi.uni-muenchen.de/corpus.php?corpus=lycian&docid=162,/TL 44 (Xanthos)/114
EDIANA-LYCIAN-162,lycian,source_attributed_transcription,· 59,lycian,True,azzalãi ñtarijeusehe sej=ertaxssirazahe,https://www.ediana.gwi.uni-muenchen.de/corpus.php?corpus=lycian&docid=162,/TL 44 (Xanthos)/115
EDIANA-LYCIAN-162,lycian,source_attributed_transcription,· 60,lycian,True,θride hriha trm͂milise se=ti teθθiweibi,https://www.ediana.gwi.uni-muenchen.de/corpus.php?corpus=lycian&docid=162,/TL 44 (Xanthos)/116
EDIANA-LYCIAN-162,lycian,source_attributed_transcription,· 61,lycian,True,ade mẽ leθθi qlã me sitẽni eb[e]ija,https://www.ediana.gwi.uni-muenchen.de/corpus.php?corpus=lycian&docid=162,/TL 44 (Xanthos)/117
EDIANA-LYCIAN-162,lycian,source_attributed_transcription,· 62,lycian,True,garãi zeusi ñtewẽ xñtawati sberi=de,https://www.ediana.gwi.uni-muenchen.de/corpus.php?corpus=lycian&docid=162,/TL 44 (Xanthos)/118
EDIANA-LYCIAN-162,lycian,source_attributed_transcription,· 63,lycian,True,xñtawati tupelezije se ñtewẽ suxinaje,https://www.ediana.gwi.uni-muenchen.de/corpus.php?corpus=lycian&docid=162,/TL 44 (Xanthos)/119
EDIANA-LYCIAN-162,lycian,source_attributed_transcription,· 64,lycian,True,tupelezije xñtawatije sppart-,https://www.ediana.gwi.uni-muenchen.de/corpus.php?corpus=lycian&docid=162,/TL 44 (Xanthos)/120
EDIANA-LYCIAN-162,lycian,source_attributed_transcription,· 1,lycian,True,....e]ine n[....]tãtẽ zisaprñna[..],https://www.ediana.gwi.uni-muenchen.de/corpus.php?corpus=lycian&docid=162,/TL 44 (Xanthos)/122
EDIANA-LYCIAN-162,lycian,source_attributed_transcription,· 2,lycian,True,[widrñna]he tideimi se parzza xbide se sp[... .]ali.ahe,https://www.ediana.gwi.uni-muenchen.de/corpus.php?corpus=lycian&docid=162,/TL 44 (Xanthos)/123
EDIANA-LYCIAN-162,lycian,source_attributed_transcription,· 3,lycian,True,trbbi atãnas zxxãte terñ me=ñ[n]e=mu,https://www.ediana.gwi.uni-muenchen.de/corpus.php?corpus=lycian&docid=162,/TL 44 (Xanthos)/124
EDIANA-LYCIAN-162,lycian,source_attributed_transcription,· 4,lycian,True,axagã maraza me ubu hãtẽ kbijẽti se,https://www.ediana.gwi.uni-muenchen.de/corpus.php?corpus=lycian&docid=162,/TL 44 (Xanthos)/125
EDIANA-LYCIAN-162,lycian,source_attributed_transcription,· 5,lycian,True,utãna sttati sttala ẽti malijahi pddãti,https://www.ediana.gwi.uni-muenchen.de/corpus.php?corpus=lycian&docid=162,/TL 44 (Xanthos)/126
EDIANA-LYCIAN-162,lycian,source_attributed_transcription,· 6,lycian,True,ddewẽ zxxazãi neune mẽseweh m̃mi se xbide,https://www.ediana.gwi.uni-muenchen.de/corpus.php?corpus=lycian&docid=162,/TL 44 (Xanthos)/127
EDIANA-LYCIAN-162,lycian,source_attributed_transcription,· 7,lycian,True,sttati mẽ sttala ẽti qlahi=bijehi se mal[i]jahi,https://www.ediana.gwi.uni-muenchen.de/corpus.php?corpus=lycian&docid=162,/TL 44 (Xanthos)/128
EDIANA-LYCIAN-162,lycian,source_attributed_transcription,· 8,lycian,True,se[j]=ertemehi se xñtawatehi xbidẽñhi,https://www.ediana.gwi.uni-muenchen.de/corpus.php?corpus=lycian&docid=162,/TL 44 (Xanthos)/129
EDIANA-LYCIAN-162,lycian,source_attributed_transcription,· 9,lycian,True,se ddew sttati mẽ urublijẽ me=i=ti : puweti,https://www.ediana.gwi.uni-muenchen.de/corpus.php?corpus=lycian&docid=162,/TL 44 (Xanthos)/130
EDIANA-LYCIAN-162,lycian,source_attributed_transcription,· 10,lycian,True,azzalã ddeu trbbeite mẽ esbẽte xñtawatedi,https://www.ediana.gwi.uni-muenchen.de/corpus.php?corpus=lycian&docid=162,/TL 44 (Xanthos)/131
EDIANA-LYCIAN-162,lycian,source_attributed_transcription,· 11,lycian,True,unabãm̃me se mẽ kizzaprñna widrñnah,https://www.ediana.gwi.uni-muenchen.de/corpus.php?corpus=lycian&docid=162,/TL 44 (Xanthos)/132
EDIANA-LYCIAN-162,lycian,source_attributed_transcription,· 12,lycian,True,se=w=erijamãna telẽzijehi qlã,https://www.ediana.gwi.uni-muenchen.de/corpus.php?corpus=lycian&docid=162,/TL 44 (Xanthos)/133
EDIANA-LYCIAN-162,lycian,source_attributed_transcription,· 13,lycian,True,arñnas kehixñta erbbedi ñtube ter[ñ],https://www.ediana.gwi.uni-muenchen.de/corpus.php?corpus=lycian&docid=162,/TL 44 (Xanthos)/134
EDIANA-LYCIAN-162,lycian,source_attributed_transcription,· 14,lycian,True,kizzaprñna epriti se parza me=ñ[ne] t[a]mã,https://www.ediana.gwi.uni-muenchen.de/corpus.php?corpus=lycian&docid=162,/TL 44 (Xanthos)/135
EDIANA-LYCIAN-162,lycian,source_attributed_transcription,· 15,lycian,True,axa se ñtepi kizzaprñnã ttli[.....],https://www.ediana.gwi.uni-muenchen.de/corpus.php?corpus=lycian&docid=162,/TL 44 (Xanthos)/136
EDIANA-LYCIAN-162,lycian,source_attributed_transcription,· 16,lycian,True,[.]e[..] tideimi ehbi arusñ nene xla[.....],https://www.ediana.gwi.uni-muenchen.de/corpus.php?corpus=lycian&docid=162,/TL 44 (Xanthos)/137
EDIANA-LYCIAN-162,lycian,source_attributed_transcription,· 17,lycian,True,welẽ t[.]ãke ñtele aiti tihe zum̃[mẽ .....],https://www.ediana.gwi.uni-muenchen.de/corpus.php?corpus=lycian&docid=162,/TL 44 (Xanthos)/138
EDIANA-LYCIAN-162,lycian,source_attributed_transcription,· 18,lycian,True,taxa se=i tez[i .....] axã ñtepi t[........],https://www.ediana.gwi.uni-muenchen.de/corpus.php?corpus=lycian&docid=162,/TL 44 (Xanthos)/139
EDIANA-LYCIAN-162,lycian,source_attributed_transcription,· 19,lycian,True,ñte m̃me arñnase se [.]uzez[i......],https://www.ediana.gwi.uni-muenchen.de/corpus.php?corpus=lycian&docid=162,/TL 44 (Xanthos)/140
EDIANA-LYCIAN-163,lycian,source_attributed_transcription,· 1,lycian,True,[pijet]e=ñn=ẽ pixe[s]ere kat[amla]h,https://www.ediana.gwi.uni-muenchen.de/corpus.php?corpus=lycian&docid=163,/TL 45 (Xanthos)/1
EDIANA-LYCIAN-163,lycian,source_attributed_transcription,· 2,lycian,True,arñna se tlawa se p[inale],https://www.ediana.gwi.uni-muenchen.de/corpus.php?corpus=lycian&docid=163,/TL 45 (Xanthos)/2
EDIANA-LYCIAN-163,lycian,source_attributed_transcription,· 3,lycian,True,se xadawãti me=ñn a-,https://www.ediana.gwi.uni-muenchen.de/corpus.php?corpus=lycian&docid=163,/TL 45 (Xanthos)/3
EDIANA-LYCIAN-163,lycian,source_attributed_transcription,· 4,lycian,True,[......]truweheñne se=ti,https://www.ediana.gwi.uni-muenchen.de/corpus.php?corpus=lycian&docid=163,/TL 45 (Xanthos)/4
EDIANA-LYCIAN-163,lycian,source_attributed_transcription,· 5,lycian,True,[.......]uti kbijehedi,https://www.ediana.gwi.uni-muenchen.de/corpus.php?corpus=lycian&docid=163,/TL 45 (Xanthos)/5
EDIANA-LYCIAN-163,lycian,source_attributed_transcription,· 6,lycian,True,[.........]ṭi se=we ñte k[.............]weli,https://www.ediana.gwi.uni-muenchen.de/corpus.php?corpus=lycian&docid=163,/TL 45 (Xanthos)/6
EDIANA-LYCIAN-163,lycian,source_attributed_transcription,· 7,lycian,True,eb-,https://www.ediana.gwi.uni-muenchen.de/corpus.php?corpus=lycian&docid=163,/TL 45 (Xanthos)/7
EDIANA-LYCIAN-163,lycian,source_attributed_transcription,· 8,lycian,True,[.................]ne,https://www.ediana.gwi.uni-muenchen.de/corpus.php?corpus=lycian&docid=163,/TL 45 (Xanthos)/8
EDIANA-LYCIAN-163,lycian,source_attributed_transcription,· 9,lycian,True,[   ],https://www.ediana.gwi.uni-muenchen.de/corpus.php?corpus=lycian&docid=163,/TL 45 (Xanthos)/9
EDIANA-LYCIAN-163,lycian,source_attributed_transcription,· 1,lycian,True,[...9....]asa arus[....],https://www.ediana.gwi.uni-muenchen.de/corpus.php?corpus=lycian&docid=163,/TL 45 (Xanthos)/11
EDIANA-LYCIAN-163,lycian,source_attributed_transcription,· 2,lycian,True,[....9....]e ñte hri tddi[,https://www.ediana.gwi.uni-muenchen.de/corpus.php?corpus=lycian&docid=163,/TL 45 (Xanthos)/12
EDIANA-LYCIAN-163,lycian,source_attributed_transcription,· 3,lycian,True,[.....]eritiwehñ xñtaxa,https://www.ediana.gwi.uni-muenchen.de/corpus.php?corpus=lycian&docid=163,/TL 45 (Xanthos)/13
EDIANA-LYCIAN-163,lycian,source_attributed_transcription,· 4,lycian,True,[....]maliju mara ebeija,https://www.ediana.gwi.uni-muenchen.de/corpus.php?corpus=lycian&docid=163,/TL 45 (Xanthos)/14
EDIANA-LYCIAN-163,lycian,source_attributed_transcription,· 5,lycian,True,[...]i se=we ne xttaiti te[.],https://www.ediana.gwi.uni-muenchen.de/corpus.php?corpus=lycian&docid=163,/TL 45 (Xanthos)/15
EDIANA-LYCIAN-163,lycian,source_attributed_transcription,· 6,lycian,True,[.....] ebi ne esedeñnew[.],https://www.ediana.gwi.uni-muenchen.de/corpus.php?corpus=lycian&docid=163,/TL 45 (Xanthos)/16
EDIANA-LYCIAN-163,lycian,source_attributed_transcription,· 7,lycian,True,[..ti]ke ne xttadi tike [..],https://www.ediana.gwi.uni-muenchen.de/corpus.php?corpus=lycian&docid=163,/TL 45 (Xanthos)/17
EDIANA-LYCIAN-163,lycian,source_attributed_transcription,· 8,lycian,True,[....]ẽti tihe ẽti sttali,https://www.ediana.gwi.uni-muenchen.de/corpus.php?corpus=lycian&docid=163,/TL 45 (Xanthos)/18
EDIANA-LYCIAN-163,lycian,source_attributed_transcription,· 9,lycian,True,[....] me=ñn=ebi ne esu=be [..],https://www.ediana.gwi.uni-muenchen.de/corpus.php?corpus=lycian&docid=163,/TL 45 (Xanthos)/19
EDIANA-LYCIAN-163,lycian,source_attributed_transcription,· 10,lycian,True,[....]e maxani ebi n[e....],https://www.ediana.gwi.uni-muenchen.de/corpus.php?corpus=lycian&docid=163,/TL 45 (Xanthos)/20
EDIANA-LYCIAN-163,lycian,source_attributed_transcription,· 11,lycian,True,[...] me=i tusñti m[...7...],https://www.ediana.gwi.uni-muenchen.de/corpus.php?corpus=lycian&docid=163,/TL 45 (Xanthos)/21
EDIANA-LYCIAN-163,lycian,source_attributed_transcription,· 12,lycian,True,[....]e=ñne hladd[i...6...],https://www.ediana.gwi.uni-muenchen.de/corpus.php?corpus=lycian&docid=163,/TL 45 (Xanthos)/22
EDIANA-LYCIAN-163,lycian,source_attributed_transcription,· 13,lycian,True,[....] wawa,https://www.ediana.gwi.uni-muenchen.de/corpus.php?corpus=lycian&docid=163,/TL 45 (Xanthos)/23
EDIANA-LYCIAN-164,lycian,source_attributed_transcription,· 1,lycian,True,[ebẽñnẽ .... m(e)=ene prñnawatẽ ....]kk[.......]ḷaẓ[.....],https://www.ediana.gwi.uni-muenchen.de/corpus.php?corpus=lycian&docid=164,/TL 46 (Xanthos)/1
EDIANA-LYCIAN-164,lycian,source_attributed_transcription,· 2,lycian,True,[tideimi hrppi ladi se tid]eim[. se xa]ḥba ehbi[je],https://www.ediana.gwi.uni-muenchen.de/corpus.php?corpus=lycian&docid=164,/TL 46 (Xanthos)/2
EDIANA-LYCIAN-164,lycian,source_attributed_transcription,· 3,lycian,True,[se=ije ñta tadẽ tesi] mi[ñ]ti aladahaḷ[i],https://www.ediana.gwi.uni-muenchen.de/corpus.php?corpus=lycian&docid=164,/TL 46 (Xanthos)/3
EDIANA-LYCIAN-164,lycian,source_attributed_transcription,· 4,lycian,True,[ada] O –,https://www.ediana.gwi.uni-muenchen.de/corpus.php?corpus=lycian&docid=164,/TL 46 (Xanthos)/4
EDIANA-LYCIAN-165,lycian,source_attributed_transcription,· 1,lycian,True,ebẽñnẽ xupu m=ẽ=ti prñnawatẽ hura,https://www.ediana.gwi.uni-muenchen.de/corpus.php?corpus=lycian&docid=165,/TL 47 (Xanthos)/1
EDIANA-LYCIAN-165,lycian,source_attributed_transcription,· 2,lycian,True,ikezi hrppi ladi ehbi se tideime se=ije,https://www.ediana.gwi.uni-muenchen.de/corpus.php?corpus=lycian&docid=165,/TL 47 (Xanthos)/2
EDIANA-LYCIAN-165,lycian,source_attributed_transcription,· 3,lycian,True,ñte tadẽ tesi miñti ada II –,https://www.ediana.gwi.uni-muenchen.de/corpus.php?corpus=lycian&docid=165,/TL 47 (Xanthos)/3
EDIANA-LYCIAN-166,lycian,source_attributed_transcription,· 1,lycian,True,ebẽñnẽ xupã m=ẽ=ti prñnawatẽ,https://www.ediana.gwi.uni-muenchen.de/corpus.php?corpus=lycian&docid=166,/TL 48 (Xanthos)/1
EDIANA-LYCIAN-166,lycian,source_attributed_transcription,· 2,lycian,True,padrãma hrppi nere,https://www.ediana.gwi.uni-muenchen.de/corpus.php?corpus=lycian&docid=166,/TL 48 (Xanthos)/2
EDIANA-LYCIAN-166,lycian,source_attributed_transcription,· 3,lycian,True,se tuhe,https://www.ediana.gwi.uni-muenchen.de/corpus.php?corpus=lycian&docid=166,/TL 48 (Xanthos)/3
EDIANA-LYCIAN-166,lycian,source_attributed_transcription,· 4,lycian,True,ebẽñnẽ xupã m=ẽ=ti ijetẽ,https://www.ediana.gwi.uni-muenchen.de/corpus.php?corpus=lycian&docid=166,/TL 48 (Xanthos)/4
EDIANA-LYCIAN-166,lycian,source_attributed_transcription,· 5,lycian,True,q[a]rñnaxa pssureh tideimi,https://www.ediana.gwi.uni-muenchen.de/corpus.php?corpus=lycian&docid=166,/TL 48 (Xanthos)/5
EDIANA-LYCIAN-166,lycian,source_attributed_transcription,· 6,lycian,True,se tideimi padrm̃mahe,https://www.ediana.gwi.uni-muenchen.de/corpus.php?corpus=lycian&docid=166,/TL 48 (Xanthos)/6
EDIANA-LYCIAN-166,lycian,source_attributed_transcription,· 7,lycian,True,xudiwaza=de epenẽtijatte,https://www.ediana.gwi.uni-muenchen.de/corpus.php?corpus=lycian&docid=166,/TL 48 (Xanthos)/7
EDIANA-LYCIAN-166,lycian,source_attributed_transcription,· 8,lycian,True,padrm̃ma,https://www.ediana.gwi.uni-muenchen.de/corpus.php?corpus=lycian&docid=166,/TL 48 (Xanthos)/8
EDIANA-LYCIAN-167,lycian,source_attributed_transcription,·,lycian,True,ebehi isbazi m=ije sijẽni padrñma kumaza me=ije ne pemati tike kbi hrppi ttãne,https://www.ediana.gwi.uni-muenchen.de/corpus.php?corpus=lycian&docid=167,/TL 49 (Xanthos)/1
EDIANA-LYCIAN-168,lycian,source_attributed_transcription,· 1,lycian,True,ñte=ije tãtẽ tesi miñti,https://www.ediana.gwi.uni-muenchen.de/corpus.php?corpus=lycian&docid=168,/TL 50 (Xanthos)/1
EDIANA-LYCIAN-168,lycian,source_attributed_transcription,· 2,lycian,True,aladehali ada 0 –,https://www.ediana.gwi.uni-muenchen.de/corpus.php?corpus=lycian&docid=168,/TL 50 (Xanthos)/2
EDIANA-LYCIAN-169,lycian,source_attributed_transcription,· 1,lycian,True,ñt=ene qarññaxa tuwe[te],https://www.ediana.gwi.uni-muenchen.de/corpus.php?corpus=lycian&docid=169,/TL 51 (Xanthos)/1
EDIANA-LYCIAN-169,lycian,source_attributed_transcription,· 2,lycian,True,qñtbeh tideimi ehbi,https://www.ediana.gwi.uni-muenchen.de/corpus.php?corpus=lycian&docid=169,/TL 51 (Xanthos)/2
EDIANA-LYCIAN-169,lycian,source_attributed_transcription,· 3,lycian,True,wezzeimi tehluse,https://www.ediana.gwi.uni-muenchen.de/corpus.php?corpus=lycian&docid=169,/TL 51 (Xanthos)/3
EDIANA-LYCIAN-170,lycian,source_attributed_transcription,· 1,lycian,True,[erb]binaj=ẽne ubete xruwata ertẽmi,https://www.ediana.gwi.uni-muenchen.de/corpus.php?corpus=lycian&docid=170,/N 311 (Xanthos)/1
EDIANA-LYCIAN-170,lycian,source_attributed_transcription,· 2,lycian,True,[xer]igah tideimi sej=upẽneh,https://www.ediana.gwi.uni-muenchen.de/corpus.php?corpus=lycian&docid=170,/N 311 (Xanthos)/2
EDIANA-LYCIAN-171,lycian,source_attributed_transcription,· Xanthos N 312,lycian,True,(Greek-Lycian Bilingual) (1-3: Greek Inscription),https://www.ediana.gwi.uni-muenchen.de/corpus.php?corpus=lycian&docid=171,/N 312 (Xanthos)/0
EDIANA-LYCIAN-171,lycian,source_attributed_transcription,· 4,lycian,True,ñtemuxlida k[r]bbe[s]eh,https://www.ediana.gwi.uni-muenchen.de/corpus.php?corpus=lycian&docid=171,/N 312 (Xanthos)/1
EDIANA-LYCIAN-171,lycian,source_attributed_transcription,· 5,lycian,True,zemuris ertemi,https://www.ediana.gwi.uni-muenchen.de/corpus.php?corpus=lycian&docid=171,/N 312 (Xanthos)/2
EDIANA-LYCIAN-171,lycian,source_attributed_transcription,· 6,lycian,True,xruwata,https://www.ediana.gwi.uni-muenchen.de/corpus.php?corpus=lycian&docid=171,/N 312 (Xanthos)/3
EDIANA-LYCIAN-172,lycian,source_attributed_transcription,·,lycian,True,pinike,https://www.ediana.gwi.uni-muenchen.de/corpus.php?corpus=lycian&docid=172,/N 313 (Xanthos)/1
EDIANA-LYCIAN-172,lycian,source_attributed_transcription,·,lycian,True,tbuwe,https://www.ediana.gwi.uni-muenchen.de/corpus.php?corpus=lycian&docid=172,/N 313 (Xanthos)/3
EDIANA-LYCIAN-172,lycian,source_attributed_transcription,·,lycian,True,zabrxah◊,https://www.ediana.gwi.uni-muenchen.de/corpus.php?corpus=lycian&docid=172,/N 313 (Xanthos)/5
EDIANA-LYCIAN-172,lycian,source_attributed_transcription,·,lycian,True,ẽkuwe[m.],https://www.ediana.gwi.uni-muenchen.de/corpus.php?corpus=lycian&docid=172,/N 313 (Xanthos)/7
EDIANA-LYCIAN-172,lycian,source_attributed_transcription,·,lycian,True,]reuh,https://www.ediana.gwi.uni-muenchen.de/corpus.php?corpus=lycian&docid=172,/N 313 (Xanthos)/9
EDIANA-LYCIAN-172,lycian,source_attributed_transcription,·,lycian,True,]eij[,https://www.ediana.gwi.uni-muenchen.de/corpus.php?corpus=lycian&docid=172,/N 313 (Xanthos)/11
EDIANA-LYCIAN-172,lycian,source_attributed_transcription,·,lycian,True,]je[,https://www.ediana.gwi.uni-muenchen.de/corpus.php?corpus=lycian&docid=172,/N 313 (Xanthos)/13
EDIANA-LYCIAN-172,lycian,source_attributed_transcription,·,lycian,True,ssewe,https://www.ediana.gwi.uni-muenchen.de/corpus.php?corpus=lycian&docid=172,/N 313 (Xanthos)/15
EDIANA-LYCIAN-172,lycian,source_attributed_transcription,·,lycian,True,sqaj[.]ẽz[,https://www.ediana.gwi.uni-muenchen.de/corpus.php?corpus=lycian&docid=172,/N 313 (Xanthos)/17
EDIANA-LYCIAN-172,lycian,source_attributed_transcription,·,lycian,True,]ẽnida ubete,https://www.ediana.gwi.uni-muenchen.de/corpus.php?corpus=lycian&docid=172,/N 313 (Xanthos)/19
EDIANA-LYCIAN-173,lycian,source_attributed_transcription,· 1,lycian,True,[......]mis tuwete arssãma,https://www.ediana.gwi.uni-muenchen.de/corpus.php?corpus=lycian&docid=173,/N 318 (Xanthos)/1
EDIANA-LYCIAN-173,lycian,source_attributed_transcription,· 2,lycian,True,[....]emleh tideimi trm̃mili,https://www.ediana.gwi.uni-muenchen.de/corpus.php?corpus=lycian&docid=173,/N 318 (Xanthos)/2
EDIANA-LYCIAN-173,lycian,source_attributed_transcription,· 3,lycian,True,[....]ta..ti pdde=ñne wawu,https://www.ediana.gwi.uni-muenchen.de/corpus.php?corpus=lycian&docid=173,/N 318 (Xanthos)/3
EDIANA-LYCIAN-173,lycian,source_attributed_transcription,· 4,lycian,True,uhazata se=ñne ãxrahis,https://www.ediana.gwi.uni-muenchen.de/corpus.php?corpus=lycian&docid=173,/N 318 (Xanthos)/4
EDIANA-LYCIAN-173,lycian,source_attributed_transcription,· 5,lycian,True,[......]is,https://www.ediana.gwi.uni-muenchen.de/corpus.php?corpus=lycian&docid=173,/N 318 (Xanthos)/5
EDIANA-LYCIAN-173,lycian,source_attributed_transcription,· 6,lycian,True,[ñt]e=ije m̃meijeti,https://www.ediana.gwi.uni-muenchen.de/corpus.php?corpus=lycian&docid=173,/N 318 (Xanthos)/6
EDIANA-LYCIAN-173,lycian,source_attributed_transcription,· 7,lycian,True,[......] xθθanahi,https://www.ediana.gwi.uni-muenchen.de/corpus.php?corpus=lycian&docid=173,/N 318 (Xanthos)/7
EDIANA-LYCIAN-173,lycian,source_attributed_transcription,· 8,lycian,True,[puhtt=i]je=ne,https://www.ediana.gwi.uni-muenchen.de/corpus.php?corpus=lycian&docid=173,/N 318 (Xanthos)/8
EDIANA-LYCIAN-174,lycian,source_attributed_transcription,· Xanthos N 320,lycian,True,(Trilingual Inscription),https://www.ediana.gwi.uni-muenchen.de/corpus.php?corpus=lycian&docid=174,/N 320 (Xanthos)/0
EDIANA-LYCIAN-174,lycian,source_attributed_transcription,· 1,lycian,True,ẽke trm̃misñ xssaθrapazate pigesere,https://www.ediana.gwi.uni-muenchen.de/corpus.php?corpus=lycian&docid=174,/N 320 (Xanthos)/1
EDIANA-LYCIAN-174,lycian,source_attributed_transcription,· 2,lycian,True,katamlah tideimi s=ẽ=ñne ñte,https://www.ediana.gwi.uni-muenchen.de/corpus.php?corpus=lycian&docid=174,/N 320 (Xanthos)/2
EDIANA-LYCIAN-174,lycian,source_attributed_transcription,· 3,lycian,True,pddẽ hadẽ trm̃mile pddẽnehm̃mis,https://www.ediana.gwi.uni-muenchen.de/corpus.php?corpus=lycian&docid=174,/N 320 (Xanthos)/3
EDIANA-LYCIAN-174,lycian,source_attributed_transcription,· 4,lycian,True,ijeru se natrbbijẽmi sej=arñna,https://www.ediana.gwi.uni-muenchen.de/corpus.php?corpus=lycian&docid=174,/N 320 (Xanthos)/4
EDIANA-LYCIAN-174,lycian,source_attributed_transcription,· 5,lycian,True,asaxlazu erttimeli me hñti=tubedẽ,https://www.ediana.gwi.uni-muenchen.de/corpus.php?corpus=lycian&docid=174,/N 320 (Xanthos)/5
EDIANA-LYCIAN-174,lycian,source_attributed_transcription,· 6,lycian,True,arus sej=epewẽtlm̃mẽi arñnãi,https://www.ediana.gwi.uni-muenchen.de/corpus.php?corpus=lycian&docid=174,/N 320 (Xanthos)/6
EDIANA-LYCIAN-174,lycian,source_attributed_transcription,· 7,lycian,True,m̃maitẽ kumezijẽ θθẽ xñtawati,https://www.ediana.gwi.uni-muenchen.de/corpus.php?corpus=lycian&docid=174,/N 320 (Xanthos)/7
EDIANA-LYCIAN-174,lycian,source_attributed_transcription,· 8,lycian,True,xbidẽñni sej arccazuma xñtawati,https://www.ediana.gwi.uni-muenchen.de/corpus.php?corpus=lycian&docid=174,/N 320 (Xanthos)/8
EDIANA-LYCIAN-174,lycian,source_attributed_transcription,· 9,lycian,True,s=ẽ=ñn=aitẽ kumazu mahãna ebette,https://www.ediana.gwi.uni-muenchen.de/corpus.php?corpus=lycian&docid=174,/N 320 (Xanthos)/9
EDIANA-LYCIAN-174,lycian,source_attributed_transcription,· 10,lycian,True,eseimiju qñturahahñ tideimi,https://www.ediana.gwi.uni-muenchen.de/corpus.php?corpus=lycian&docid=174,/N 320 (Xanthos)/10
EDIANA-LYCIAN-174,lycian,source_attributed_transcription,· 11,lycian,True,se=de eseimijaje xuwati=ti se=i,https://www.ediana.gwi.uni-muenchen.de/corpus.php?corpus=lycian&docid=174,/N 320 (Xanthos)/11
EDIANA-LYCIAN-174,lycian,source_attributed_transcription,· 12,lycian,True,pijẽtẽ arawã ehbij=ẽ esi=ti s=ed=eliñtãtẽ,https://www.ediana.gwi.uni-muenchen.de/corpus.php?corpus=lycian&docid=174,/N 320 (Xanthos)/12
EDIANA-LYCIAN-174,lycian,source_attributed_transcription,· 13,lycian,True,teteri sej=epewẽtlm̃mẽi,https://www.ediana.gwi.uni-muenchen.de/corpus.php?corpus=lycian&docid=174,/N 320 (Xanthos)/13
EDIANA-LYCIAN-174,lycian,source_attributed_transcription,· 14,lycian,True,hrm̃mada ttaraha me xbaitẽ zã,https://www.ediana.gwi.uni-muenchen.de/corpus.php?corpus=lycian&docid=174,/N 320 (Xanthos)/14
EDIANA-LYCIAN-174,lycian,source_attributed_transcription,· 15,lycian,True,ese xesñtedi qñta=ti se pigrẽi,https://www.ediana.gwi.uni-muenchen.de/corpus.php?corpus=lycian&docid=174,/N 320 (Xanthos)/15
EDIANA-LYCIAN-174,lycian,source_attributed_transcription,· 16,lycian,True,sẽ ñte ñte km̃mẽ sej=ẽti θθẽ sttati=teli,https://www.ediana.gwi.uni-muenchen.de/corpus.php?corpus=lycian&docid=174,/N 320 (Xanthos)/16
EDIANA-LYCIAN-174,lycian,source_attributed_transcription,· 17,lycian,True,se=t=ahñtãi xñtawatehi xbidẽñnehi,https://www.ediana.gwi.uni-muenchen.de/corpus.php?corpus=lycian&docid=174,/N 320 (Xanthos)/17
EDIANA-LYCIAN-174,lycian,source_attributed_transcription,· 18,lycian,True,sej=arccazumahi se=i pibiti,https://www.ediana.gwi.uni-muenchen.de/corpus.php?corpus=lycian&docid=174,/N 320 (Xanthos)/18
EDIANA-LYCIAN-174,lycian,source_attributed_transcription,· 19,lycian,True,uhazata ada HHHh00 ẽti tllaxñta,https://www.ediana.gwi.uni-muenchen.de/corpus.php?corpus=lycian&docid=174,/N 320 (Xanthos)/19
EDIANA-LYCIAN-174,lycian,source_attributed_transcription,· 20,lycian,True,arñna se sm̃mati xddazas epi=de,https://www.ediana.gwi.uni-muenchen.de/corpus.php?corpus=lycian&docid=174,/N 320 (Xanthos)/20
EDIANA-LYCIAN-174,lycian,source_attributed_transcription,· 21,lycian,True,arawa hãti km̃mẽtis me=i pibiti,https://www.ediana.gwi.uni-muenchen.de/corpus.php?corpus=lycian&docid=174,/N 320 (Xanthos)/21
EDIANA-LYCIAN-174,lycian,source_attributed_transcription,· 22,lycian,True,sixlas se=wa=j=aitẽ kumaha ẽti,https://www.ediana.gwi.uni-muenchen.de/corpus.php?corpus=lycian&docid=174,/N 320 (Xanthos)/22
EDIANA-LYCIAN-174,lycian,source_attributed_transcription,· 23,lycian,True,sttali ppuweti km̃mẽ ebehi xñtawataha,https://www.ediana.gwi.uni-muenchen.de/corpus.php?corpus=lycian&docid=174,/N 320 (Xanthos)/23
EDIANA-LYCIAN-174,lycian,source_attributed_transcription,· 24,lycian,True,xbidãñnaha se=rccazumaha,https://www.ediana.gwi.uni-muenchen.de/corpus.php?corpus=lycian&docid=174,/N 320 (Xanthos)/24
EDIANA-LYCIAN-174,lycian,source_attributed_transcription,· 25,lycian,True,me=ije sitẽni=ti hlm̃mipijata,https://www.ediana.gwi.uni-muenchen.de/corpus.php?corpus=lycian&docid=174,/N 320 (Xanthos)/25
EDIANA-LYCIAN-174,lycian,source_attributed_transcription,· 26,lycian,True,m=ede=t=ewẽ kumezidi nuredi nuredi,https://www.ediana.gwi.uni-muenchen.de/corpus.php?corpus=lycian&docid=174,/N 320 (Xanthos)/26
EDIANA-LYCIAN-174,lycian,source_attributed_transcription,· 27,lycian,True,arã kumehedi se uhazata uwadi,https://www.ediana.gwi.uni-muenchen.de/corpus.php?corpus=lycian&docid=174,/N 320 (Xanthos)/27
EDIANA-LYCIAN-174,lycian,source_attributed_transcription,· 28,lycian,True,xñtawati xbidẽñni sej=erccazuma,https://www.ediana.gwi.uni-muenchen.de/corpus.php?corpus=lycian&docid=174,/N 320 (Xanthos)/28
EDIANA-LYCIAN-174,lycian,source_attributed_transcription,· 29,lycian,True,me=kumezidi seimija se=de seimijaje,https://www.ediana.gwi.uni-muenchen.de/corpus.php?corpus=lycian&docid=174,/N 320 (Xanthos)/29
EDIANA-LYCIAN-174,lycian,source_attributed_transcription,· 30,lycian,True,xuwati=ti se=ije=hrij=aitẽ,https://www.ediana.gwi.uni-muenchen.de/corpus.php?corpus=lycian&docid=174,/N 320 (Xanthos)/30
EDIANA-LYCIAN-174,lycian,source_attributed_transcription,· 31,lycian,True,tasa mere ebette teteri arñnas,https://www.ediana.gwi.uni-muenchen.de/corpus.php?corpus=lycian&docid=174,/N 320 (Xanthos)/31
EDIANA-LYCIAN-174,lycian,source_attributed_transcription,· 32,lycian,True,sej=epewẽtlm̃mẽi arñnãi me=t=epi,https://www.ediana.gwi.uni-muenchen.de/corpus.php?corpus=lycian&docid=174,/N 320 (Xanthos)/32
EDIANA-LYCIAN-174,lycian,source_attributed_transcription,· 33,lycian,True,tuwẽti mara ebeija ẽti sttali,https://www.ediana.gwi.uni-muenchen.de/corpus.php?corpus=lycian&docid=174,/N 320 (Xanthos)/33
EDIANA-LYCIAN-174,lycian,source_attributed_transcription,· 34,lycian,True,ppuwẽti mẽ ebehi se=we ne xttadi,https://www.ediana.gwi.uni-muenchen.de/corpus.php?corpus=lycian&docid=174,/N 320 (Xanthos)/34
EDIANA-LYCIAN-174,lycian,source_attributed_transcription,· 35,lycian,True,tike ebi ne ñtewẽ mahãna ebette,https://www.ediana.gwi.uni-muenchen.de/corpus.php?corpus=lycian&docid=174,/N 320 (Xanthos)/35
EDIANA-LYCIAN-174,lycian,source_attributed_transcription,· 36,lycian,True,ebi ne ñtewẽ kumazi ebehi xttade,https://www.ediana.gwi.uni-muenchen.de/corpus.php?corpus=lycian&docid=174,/N 320 (Xanthos)/36
EDIANA-LYCIAN-174,lycian,source_attributed_transcription,· 37,lycian,True,mej=ẽ tike me=pddẽ mahãna sm̃mati,https://www.ediana.gwi.uni-muenchen.de/corpus.php?corpus=lycian&docid=174,/N 320 (Xanthos)/37
EDIANA-LYCIAN-174,lycian,source_attributed_transcription,· 38,lycian,True,ebette sej=ẽni qlahi ebijehi,https://www.ediana.gwi.uni-muenchen.de/corpus.php?corpus=lycian&docid=174,/N 320 (Xanthos)/38
EDIANA-LYCIAN-174,lycian,source_attributed_transcription,· 39,lycian,True,pñtrẽñni se tideime ehbije sej=elijãna,https://www.ediana.gwi.uni-muenchen.de/corpus.php?corpus=lycian&docid=174,/N 320 (Xanthos)/39
EDIANA-LYCIAN-174,lycian,source_attributed_transcription,· 40,lycian,True,pigesereje me=ij=eseri=hhati,https://www.ediana.gwi.uni-muenchen.de/corpus.php?corpus=lycian&docid=174,/N 320 (Xanthos)/40
EDIANA-LYCIAN-174,lycian,source_attributed_transcription,· 41,lycian,True,me hriqla asñne pzziti=ti,https://www.ediana.gwi.uni-muenchen.de/corpus.php?corpus=lycian&docid=174,/N 320 (Xanthos)/41
EDIANA-LYCIAN-175,lycian,source_attributed_transcription,· 1,lycian,True,[..........]epi tuked[ri ....],https://www.ediana.gwi.uni-muenchen.de/corpus.php?corpus=lycian&docid=175,/N 324 (Xanthos)/1
EDIANA-LYCIAN-175,lycian,source_attributed_transcription,· 2,lycian,True,[..... kupr]lli ade=ti xux[....],https://www.ediana.gwi.uni-muenchen.de/corpus.php?corpus=lycian&docid=175,/N 324 (Xanthos)/2
EDIANA-LYCIAN-175,lycian,source_attributed_transcription,· 3,lycian,True,[......] ẽti atrã pude erb[bina],https://www.ediana.gwi.uni-muenchen.de/corpus.php?corpus=lycian&docid=175,/N 324 (Xanthos)/3
EDIANA-LYCIAN-175,lycian,source_attributed_transcription,· 4,lycian,True,[...... ]m=ẽne hm̃mẽti x{:}ahad[i .....],https://www.ediana.gwi.uni-muenchen.de/corpus.php?corpus=lycian&docid=175,/N 324 (Xanthos)/4
EDIANA-LYCIAN-175,lycian,source_attributed_transcription,· 5,lycian,True,?,https://www.ediana.gwi.uni-muenchen.de/corpus.php?corpus=lycian&docid=175,/N 324 (Xanthos)/5
EDIANA-LYCIAN-175,lycian,source_attributed_transcription,· 6,lycian,True,[... p]inale ij=ede=ñne [.......],https://www.ediana.gwi.uni-muenchen.de/corpus.php?corpus=lycian&docid=175,/N 324 (Xanthos)/6
EDIANA-LYCIAN-175,lycian,source_attributed_transcription,· 7,lycian,True,[erbb]ina ada=tija se xl[......],https://www.ediana.gwi.uni-muenchen.de/corpus.php?corpus=lycian&docid=175,/N 324 (Xanthos)/7
EDIANA-LYCIAN-175,lycian,source_attributed_transcription,· 8,lycian,True,[....]jẽ nelezẽ trqqñ[.....],https://www.ediana.gwi.uni-muenchen.de/corpus.php?corpus=lycian&docid=175,/N 324 (Xanthos)/8
EDIANA-LYCIAN-175,lycian,source_attributed_transcription,· 9,lycian,True,esẽ]nemladi erbbinã [.......],https://www.ediana.gwi.uni-muenchen.de/corpus.php?corpus=lycian&docid=175,/N 324 (Xanthos)/9
EDIANA-LYCIAN-175,lycian,source_attributed_transcription,· 10,lycian,True,[...] m=ẽne hm̃mẽti xahadi [......],https://www.ediana.gwi.uni-muenchen.de/corpus.php?corpus=lycian&docid=175,/N 324 (Xanthos)/10
EDIANA-LYCIAN-175,lycian,source_attributed_transcription,· 11,lycian,True,[..]de hrkkeledi ebe[.. .....],https://www.ediana.gwi.uni-muenchen.de/corpus.php?corpus=lycian&docid=175,/N 324 (Xanthos)/11
EDIANA-LYCIAN-175,lycian,source_attributed_transcription,· 12,lycian,True,[..]ate tisñ trbbeli [.......],https://www.ediana.gwi.uni-muenchen.de/corpus.php?corpus=lycian&docid=175,/N 324 (Xanthos)/12
EDIANA-LYCIAN-175,lycian,source_attributed_transcription,· 13,lycian,True,[ebẽ]ñnẽ m=ẽne hri tubedẽ h[.....],https://www.ediana.gwi.uni-muenchen.de/corpus.php?corpus=lycian&docid=175,/N 324 (Xanthos)/13
EDIANA-LYCIAN-175,lycian,source_attributed_transcription,· 14,lycian,True,[ma]rtti mereheje xñtla[. ......],https://www.ediana.gwi.uni-muenchen.de/corpus.php?corpus=lycian&docid=175,/N 324 (Xanthos)/14
EDIANA-LYCIAN-175,lycian,source_attributed_transcription,· 15,lycian,True,[pu]httij=ẽne=de ẽti uhi [... pis]bas,https://www.ediana.gwi.uni-muenchen.de/corpus.php?corpus=lycian&docid=175,/N 324 (Xanthos)/15
EDIANA-LYCIAN-175,lycian,source_attributed_transcription,· 16,lycian,True,[u]hazata s=ede=ñte muha[is kum]ezidi,https://www.ediana.gwi.uni-muenchen.de/corpus.php?corpus=lycian&docid=175,/N 324 (Xanthos)/16
EDIANA-LYCIAN-175,lycian,source_attributed_transcription,· 17,lycian,True,ebeis se=te=ne=i sẽn[....]θθi,https://www.ediana.gwi.uni-muenchen.de/corpus.php?corpus=lycian&docid=175,/N 324 (Xanthos)/17
EDIANA-LYCIAN-175,lycian,source_attributed_transcription,· 18,lycian,True,[..]jẽ terihe me=ti=p=ew[ẽ ......],https://www.ediana.gwi.uni-muenchen.de/corpus.php?corpus=lycian&docid=175,/N 324 (Xanthos)/18
EDIANA-LYCIAN-175,lycian,source_attributed_transcription,· 19,lycian,True,[...]ijẽ pzziti tehi t[........],https://www.ediana.gwi.uni-muenchen.de/corpus.php?corpus=lycian&docid=175,/N 324 (Xanthos)/19
EDIANA-LYCIAN-175,lycian,source_attributed_transcription,· 20,lycian,True,[...]ehi m=ede=t=ewẽ sm̃mati [.........],https://www.ediana.gwi.uni-muenchen.de/corpus.php?corpus=lycian&docid=175,/N 324 (Xanthos)/20
EDIANA-LYCIAN-175,lycian,source_attributed_transcription,· 21,lycian,True,ñ[..] s=exburahi teteri el[..........],https://www.ediana.gwi.uni-muenchen.de/corpus.php?corpus=lycian&docid=175,/N 324 (Xanthos)/21
EDIANA-LYCIAN-175,lycian,source_attributed_transcription,· 22,lycian,True,merehi pri=de ñta tuwa[.. .......],https://www.ediana.gwi.uni-muenchen.de/corpus.php?corpus=lycian&docid=175,/N 324 (Xanthos)/22
EDIANA-LYCIAN-175,lycian,source_attributed_transcription,· 23,lycian,True,ebettehi arawadi se=i [..........],https://www.ediana.gwi.uni-muenchen.de/corpus.php?corpus=lycian&docid=175,/N 324 (Xanthos)/23
EDIANA-LYCIAN-175,lycian,source_attributed_transcription,· 24,lycian,True,tike terihe me=t=epi tere [..........],https://www.ediana.gwi.uni-muenchen.de/corpus.php?corpus=lycian&docid=175,/N 324 (Xanthos)/24
EDIANA-LYCIAN-175,lycian,source_attributed_transcription,· 25,lycian,True,se=de hẽkene ñtẽmlẽ tadi [...........],https://www.ediana.gwi.uni-muenchen.de/corpus.php?corpus=lycian&docid=175,/N 324 (Xanthos)/25
EDIANA-LYCIAN-175,lycian,source_attributed_transcription,· 26,lycian,True,tib=ẽne medije tere ter[e ..........],https://www.ediana.gwi.uni-muenchen.de/corpus.php?corpus=lycian&docid=175,/N 324 (Xanthos)/26
EDIANA-LYCIAN-175,lycian,source_attributed_transcription,· 27,lycian,True,tibe=ti=p=ewẽ pijeti=tdi e[............],https://www.ediana.gwi.uni-muenchen.de/corpus.php?corpus=lycian&docid=175,/N 324 (Xanthos)/27
EDIANA-LYCIAN-175,lycian,source_attributed_transcription,· 28,lycian,True,tike terihe se=we hri xladi [............],https://www.ediana.gwi.uni-muenchen.de/corpus.php?corpus=lycian&docid=175,/N 324 (Xanthos)/28
EDIANA-LYCIAN-175,lycian,source_attributed_transcription,· 29,lycian,True,[m]e=t=ep[i ..]re zedi=ti er[bbina .......],https://www.ediana.gwi.uni-muenchen.de/corpus.php?corpus=lycian&docid=175,/N 324 (Xanthos)/29
EDIANA-LYCIAN-175,lycian,source_attributed_transcription,· 30,lycian,True,[.]ddu[......................................],https://www.ediana.gwi.uni-muenchen.de/corpus.php?corpus=lycian&docid=175,/N 324 (Xanthos)/30
EDIANA-LYCIAN-176,lycian,source_attributed_transcription,· 1,lycian,True,[......................................] ebi [...]pud-,https://www.ediana.gwi.uni-muenchen.de/corpus.php?corpus=lycian&docid=176,/N 325 (Xanthos)/1
EDIANA-LYCIAN-176,lycian,source_attributed_transcription,· 2,lycian,True,[........................................]li [...]tix[.]mi ẽn-,https://www.ediana.gwi.uni-muenchen.de/corpus.php?corpus=lycian&docid=176,/N 325 (Xanthos)/2
EDIANA-LYCIAN-176,lycian,source_attributed_transcription,· 3,lycian,True,[.....................................................]pssebet-,https://www.ediana.gwi.uni-muenchen.de/corpus.php?corpus=lycian&docid=176,/N 325 (Xanthos)/3
EDIANA-LYCIAN-176,lycian,source_attributed_transcription,· 4,lycian,True,[............................................]ri tu[ke]dri eb-,https://www.ediana.gwi.uni-muenchen.de/corpus.php?corpus=lycian&docid=176,/N 325 (Xanthos)/4
EDIANA-LYCIAN-176,lycian,source_attributed_transcription,· 5,lycian,True,[......................................... e]rtẽm[i...] epu-,https://www.ediana.gwi.uni-muenchen.de/corpus.php?corpus=lycian&docid=176,/N 325 (Xanthos)/5
EDIANA-LYCIAN-176,lycian,source_attributed_transcription,· 6,lycian,True,[...........................................]im[..]ãñ wawa,https://www.ediana.gwi.uni-muenchen.de/corpus.php?corpus=lycian&docid=176,/N 325 (Xanthos)/6
EDIANA-LYCIAN-176,lycian,source_attributed_transcription,· 7,lycian,True,[..............................]i ebẽ [.....]θθã [.]xnahe tub-,https://www.ediana.gwi.uni-muenchen.de/corpus.php?corpus=lycian&docid=176,/N 325 (Xanthos)/7
EDIANA-LYCIAN-176,lycian,source_attributed_transcription,· 8,lycian,True,[...]be[..........] prñnezi [...]i [...]ttẽti [.]ẽti,https://www.ediana.gwi.uni-muenchen.de/corpus.php?corpus=lycian&docid=176,/N 325 (Xanthos)/8
EDIANA-LYCIAN-176,lycian,source_attributed_transcription,· 9,lycian,True,[..]iti[.] se[.]ñt[..... e]beis huwedri[s] hri=de hlaw[...]i,https://www.ediana.gwi.uni-muenchen.de/corpus.php?corpus=lycian&docid=176,/N 325 (Xanthos)/9
EDIANA-LYCIAN-176,lycian,source_attributed_transcription,· 10,lycian,True,[..]añtazeiti e[..........]ihba[.]a se [...]da[..]ima se[..]di,https://www.ediana.gwi.uni-muenchen.de/corpus.php?corpus=lycian&docid=176,/N 325 (Xanthos)/10
EDIANA-LYCIAN-176,lycian,source_attributed_transcription,· 11,lycian,True,[erbbi]nahe [se t]idei[m. ] erb[bina.. ...] θurtta [....]xẽne,https://www.ediana.gwi.uni-muenchen.de/corpus.php?corpus=lycian&docid=176,/N 325 (Xanthos)/11
EDIANA-LYCIAN-176,lycian,source_attributed_transcription,· 12,lycian,True,[.. m(e)]=ẽne hm̃mẽti x[ahadi .............] ẽni[.....] epi=de,https://www.ediana.gwi.uni-muenchen.de/corpus.php?corpus=lycian&docid=176,/N 325 (Xanthos)/12
EDIANA-LYCIAN-177,lycian,source_attributed_transcription,· 1,lycian,True,ñte=ije m̃mijeti nixede,https://www.ediana.gwi.uni-muenchen.de/corpus.php?corpus=lycian&docid=177,/N 326 (Xanthos)/1
EDIANA-LYCIAN-177,lycian,source_attributed_transcription,· 2,lycian,True,xθθanahi puhtti=ne=de,https://www.ediana.gwi.uni-muenchen.de/corpus.php?corpus=lycian&docid=177,/N 326 (Xanthos)/2
EDIANA-LYCIAN-178,lycian,source_attributed_transcription,· 1,lycian,True,pñ]trẽñni [,https://www.ediana.gwi.uni-muenchen.de/corpus.php?corpus=lycian&docid=178,/N 327 (Xanthos)/1
EDIANA-LYCIAN-178,lycian,source_attributed_transcription,· 2,lycian,True,]laxati ehbi cbada alade[hali,https://www.ediana.gwi.uni-muenchen.de/corpus.php?corpus=lycian&docid=178,/N 327 (Xanthos)/2
EDIANA-LYCIAN-178,lycian,source_attributed_transcription,· 3,lycian,True,] tideimi ẽmi,https://www.ediana.gwi.uni-muenchen.de/corpus.php?corpus=lycian&docid=178,/N 327 (Xanthos)/3
EDIANA-LYCIAN-179,lycian,source_attributed_transcription,· 1,lycian,True,ebẽñnẽ xupu me=ti prñnawatẽ,https://www.ediana.gwi.uni-muenchen.de/corpus.php?corpus=lycian&docid=179,/N 341 (Xanthos)/1
EDIANA-LYCIAN-179,lycian,source_attributed_transcription,· 2,lycian,True,.elẹẉịjeḥi? xudrehilah,https://www.ediana.gwi.uni-muenchen.de/corpus.php?corpus=lycian&docid=179,/N 341 (Xanthos)/2
EDIANA-LYCIAN-179,lycian,source_attributed_transcription,· 3,lycian,True,hrp&lt;p&gt;i atli ehbi se ṗṛñna[z]i,https://www.ediana.gwi.uni-muenchen.de/corpus.php?corpus=lycian&docid=179,/N 341 (Xanthos)/3
EDIANA-LYCIAN-179,lycian,source_attributed_transcription,· 4,lycian,True,ehbi se=ije ..i tadẽ m[iñt-]i,https://www.ediana.gwi.uni-muenchen.de/corpus.php?corpus=lycian&docid=179,/N 341 (Xanthos)/4
EDIANA-LYCIAN-179,lycian,source_attributed_transcription,· 5,lycian,True,tesi ada II,https://www.ediana.gwi.uni-muenchen.de/corpus.php?corpus=lycian&docid=179,/N 341 (Xanthos)/5
EDIANA-LYCIAN-180,lycian,source_attributed_transcription,· 1,lycian,True,ebẽñnẽ : xupu m=ẽ=ti prñnawatẽ pddẽxñta,https://www.ediana.gwi.uni-muenchen.de/corpus.php?corpus=lycian&docid=180,/N 344 (Xanthos)/1
EDIANA-LYCIAN-180,lycian,source_attributed_transcription,· 2,lycian,True,hrppi ladi ehbi se tideime tesi ada II –,https://www.ediana.gwi.uni-muenchen.de/corpus.php?corpus=lycian&docid=180,/N 344 (Xanthos)/2
EDIANA-LYCIAN-181,lycian,source_attributed_transcription,· 1,lycian,True,].um,https://www.ediana.gwi.uni-muenchen.de/corpus.php?corpus=lycian&docid=181,/N 330 Tüse/1
EDIANA-LYCIAN-181,lycian,source_attributed_transcription,· 2,lycian,True,ti]jẽi,https://www.ediana.gwi.uni-muenchen.de/corpus.php?corpus=lycian&docid=181,/N 330 Tüse/2
EDIANA-LYCIAN-181,lycian,source_attributed_transcription,· 3,lycian,True,me=ñne,https://www.ediana.gwi.uni-muenchen.de/corpus.php?corpus=lycian&docid=181,/N 330 Tüse/3
EDIANA-LYCIAN-181,lycian,source_attributed_transcription,· 4,lycian,True,]eite k-,https://www.ediana.gwi.uni-muenchen.de/corpus.php?corpus=lycian&docid=181,/N 330 Tüse/4
EDIANA-LYCIAN-181,lycian,source_attributed_transcription,· 5,lycian,True,]ma,https://www.ediana.gwi.uni-muenchen.de/corpus.php?corpus=lycian&docid=181,/N 330 Tüse/5
EDIANA-LYCIAN-181,lycian,source_attributed_transcription,· 1,lycian,True,]e e.[,https://www.ediana.gwi.uni-muenchen.de/corpus.php?corpus=lycian&docid=181,/N 330 Tüse/7
EDIANA-LYCIAN-181,lycian,source_attributed_transcription,· 2,lycian,True,]eti=ti,https://www.ediana.gwi.uni-muenchen.de/corpus.php?corpus=lycian&docid=181,/N 330 Tüse/8
EDIANA-LYCIAN-181,lycian,source_attributed_transcription,· 3,lycian,True,]wezid[,https://www.ediana.gwi.uni-muenchen.de/corpus.php?corpus=lycian&docid=181,/N 330 Tüse/9
EDIANA-LYCIAN-181,lycian,source_attributed_transcription,· 4,lycian,True,]hi me [,https://www.ediana.gwi.uni-muenchen.de/corpus.php?corpus=lycian&docid=181,/N 330 Tüse/10
EDIANA-LYCIAN-181,lycian,source_attributed_transcription,· 5,lycian,True,t]ijẽi s[,https://www.ediana.gwi.uni-muenchen.de/corpus.php?corpus=lycian&docid=181,/N 330 Tüse/11
EDIANA-LYCIAN-181,lycian,source_attributed_transcription,· 6,lycian,True,].i we u[,https://www.ediana.gwi.uni-muenchen.de/corpus.php?corpus=lycian&docid=181,/N 330 Tüse/12
EDIANA-LYCIAN-181,lycian,source_attributed_transcription,· 7,lycian,True,]ejẽ,https://www.ediana.gwi.uni-muenchen.de/corpus.php?corpus=lycian&docid=181,/N 330 Tüse/13
EDIANA-LYCIAN-182,lycian,aggregated_source_group,· a) Vs.,lycian,False,pu,https://www.ediana.gwi.uni-muenchen.de/corpus.php?corpus=lycian&docid=182,/Coin Legends/1
EDIANA-LYCIAN-182,lycian,aggregated_source_group,· b) Vs.,lycian,False,p,https://www.ediana.gwi.uni-muenchen.de/corpus.php?corpus=lycian&docid=182,/Coin Legends/2
EDIANA-LYCIAN-182,lycian,aggregated_source_group,· a) Vs.,lycian,False,kub,https://www.ediana.gwi.uni-muenchen.de/corpus.php?corpus=lycian&docid=182,/Coin Legends/4
EDIANA-LYCIAN-182,lycian,aggregated_source_group,· b) Vs.,lycian,False,ku,https://www.ediana.gwi.uni-muenchen.de/corpus.php?corpus=lycian&docid=182,/Coin Legends/5
EDIANA-LYCIAN-182,lycian,aggregated_source_group,· c) Vs.,lycian,False,kub,https://www.ediana.gwi.uni-muenchen.de/corpus.php?corpus=lycian&docid=182,/Coin Legends/6
EDIANA-LYCIAN-182,lycian,aggregated_source_group,· Vs.,lycian,False,t,https://www.ediana.gwi.uni-muenchen.de/corpus.php?corpus=lycian&docid=182,/Coin Legends/8
EDIANA-LYCIAN-182,lycian,aggregated_source_group,· a) Rs.,lycian,False,u-ṃ,https://www.ediana.gwi.uni-muenchen.de/corpus.php?corpus=lycian&docid=182,/Coin Legends/10
EDIANA-LYCIAN-182,lycian,aggregated_source_group,· b) Rs.,lycian,False,u,https://www.ediana.gwi.uni-muenchen.de/corpus.php?corpus=lycian&docid=182,/Coin Legends/11
EDIANA-LYCIAN-182,lycian,aggregated_source_group,· Rs.,lycian,False,w,https://www.ediana.gwi.uni-muenchen.de/corpus.php?corpus=lycian&docid=182,/Coin Legends/13
EDIANA-LYCIAN-182,lycian,aggregated_source_group,· Rs.,lycian,False,a-u-d,https://www.ediana.gwi.uni-muenchen.de/corpus.php?corpus=lycian&docid=182,/Coin Legends/15
EDIANA-LYCIAN-182,lycian,aggregated_source_group,· Vs.,lycian,False,u-p,https://www.ediana.gwi.uni-muenchen.de/corpus.php?corpus=lycian&docid=182,/Coin Legends/16
EDIANA-LYCIAN-182,lycian,aggregated_source_group,· a) Rs.,lycian,False,ṃ,https://www.ediana.gwi.uni-muenchen.de/corpus.php?corpus=lycian&docid=182,/Coin Legends/18
EDIANA-LYCIAN-182,lycian,aggregated_source_group,· Vs.,lycian,False,um,https://www.ediana.gwi.uni-muenchen.de/corpus.php?corpus=lycian&docid=182,/Coin Legends/19
EDIANA-LYCIAN-182,lycian,aggregated_source_group,· b) Rs.,lycian,False,u-ṃ,https://www.ediana.gwi.uni-muenchen.de/corpus.php?corpus=lycian&docid=182,/Coin Legends/20
EDIANA-LYCIAN-182,lycian,aggregated_source_group,· Vs.,lycian,False,um,https://www.ediana.gwi.uni-muenchen.de/corpus.php?corpus=lycian&docid=182,/Coin Legends/21
EDIANA-LYCIAN-182,lycian,aggregated_source_group,· Rs.,lycian,False,xạejei,https://www.ediana.gwi.uni-muenchen.de/corpus.php?corpus=lycian&docid=182,/Coin Legends/23
EDIANA-LYCIAN-182,lycian,aggregated_source_group,· Rs.,lycian,False,l.,https://www.ediana.gwi.uni-muenchen.de/corpus.php?corpus=lycian&docid=182,/Coin Legends/25
EDIANA-LYCIAN-182,lycian,aggregated_source_group,· r.,lycian,False,xã (or read: we),https://www.ediana.gwi.uni-muenchen.de/corpus.php?corpus=lycian&docid=182,/Coin Legends/26
EDIANA-LYCIAN-182,lycian,aggregated_source_group,· Rs.,lycian,False,h h,https://www.ediana.gwi.uni-muenchen.de/corpus.php?corpus=lycian&docid=182,/Coin Legends/28
EDIANA-LYCIAN-182,lycian,aggregated_source_group,· a) Rs.,lycian,False,xã,https://www.ediana.gwi.uni-muenchen.de/corpus.php?corpus=lycian&docid=182,/Coin Legends/30
EDIANA-LYCIAN-182,lycian,aggregated_source_group,· b) Rs.,lycian,False,x,https://www.ediana.gwi.uni-muenchen.de/corpus.php?corpus=lycian&docid=182,/Coin Legends/31
EDIANA-LYCIAN-182,lycian,aggregated_source_group,· Rs.,lycian,False,t,https://www.ediana.gwi.uni-muenchen.de/corpus.php?corpus=lycian&docid=182,/Coin Legends/33
EDIANA-LYCIAN-182,lycian,aggregated_source_group,· Vs.,lycian,False,t,https://www.ediana.gwi.uni-muenchen.de/corpus.php?corpus=lycian&docid=182,/Coin Legends/34
EDIANA-LYCIAN-182,lycian,aggregated_source_group,· Rs.,lycian,False,ãmartite,https://www.ediana.gwi.uni-muenchen.de/corpus.php?corpus=lycian&docid=182,/Coin Legends/36
EDIANA-LYCIAN-182,lycian,aggregated_source_group,· Vs.,lycian,False,z-a-xxh,https://www.ediana.gwi.uni-muenchen.de/corpus.php?corpus=lycian&docid=182,/Coin Legends/38
EDIANA-LYCIAN-182,lycian,aggregated_source_group,· Rs.,lycian,False,kihijx-ṗịj̇·ẹ,https://www.ediana.gwi.uni-muenchen.de/corpus.php?corpus=lycian&docid=182,/Coin Legends/40
EDIANA-LYCIAN-182,lycian,aggregated_source_group,· a) Rs.,lycian,False,uwug,https://www.ediana.gwi.uni-muenchen.de/corpus.php?corpus=lycian&docid=182,/Coin Legends/42
EDIANA-LYCIAN-182,lycian,aggregated_source_group,· b) Rs.,lycian,False,uw,https://www.ediana.gwi.uni-muenchen.de/corpus.php?corpus=lycian&docid=182,/Coin Legends/43
EDIANA-LYCIAN-182,lycian,aggregated_source_group,· Rs.,lycian,False,.je.ija,https://www.ediana.gwi.uni-muenchen.de/corpus.php?corpus=lycian&docid=182,/Coin Legends/45
EDIANA-LYCIAN-182,lycian,aggregated_source_group,· Rs.,lycian,False,xã,https://www.ediana.gwi.uni-muenchen.de/corpus.php?corpus=lycian&docid=182,/Coin Legends/47
EDIANA-LYCIAN-182,lycian,aggregated_source_group,· a) Rs.,lycian,False,zẽṭ,https://www.ediana.gwi.uni-muenchen.de/corpus.php?corpus=lycian&docid=182,/Coin Legends/49
EDIANA-LYCIAN-182,lycian,aggregated_source_group,· Vs.,lycian,False,u,https://www.ediana.gwi.uni-muenchen.de/corpus.php?corpus=lycian&docid=182,/Coin Legends/50
EDIANA-LYCIAN-182,lycian,aggregated_source_group,· b) Rs.,lycian,False,zẽṭ,https://www.ediana.gwi.uni-muenchen.de/corpus.php?corpus=lycian&docid=182,/Coin Legends/51
EDIANA-LYCIAN-182,lycian,aggregated_source_group,· Rs.,lycian,False,x̣,https://www.ediana.gwi.uni-muenchen.de/corpus.php?corpus=lycian&docid=182,/Coin Legends/53
EDIANA-LYCIAN-182,lycian,aggregated_source_group,· Rs.,lycian,False,za,https://www.ediana.gwi.uni-muenchen.de/corpus.php?corpus=lycian&docid=182,/Coin Legends/55
EDIANA-LYCIAN-182,lycian,aggregated_source_group,· Rs.,lycian,False,es&lt;b&gt;ehi,https://www.ediana.gwi.uni-muenchen.de/corpus.php?corpus=lycian&docid=182,/Coin Legends/57
EDIANA-LYCIAN-182,lycian,aggregated_source_group,· Rs.,lycian,False,uele (or read: eleu),https://www.ediana.gwi.uni-muenchen.de/corpus.php?corpus=lycian&docid=182,/Coin Legends/59
EDIANA-LYCIAN-182,lycian,aggregated_source_group,· Rs.,lycian,False,ẽkuwẽmi,https://www.ediana.gwi.uni-muenchen.de/corpus.php?corpus=lycian&docid=182,/Coin Legends/61
EDIANA-LYCIAN-182,lycian,aggregated_source_group,· a) Rs.,lycian,False,kuprlli,https://www.ediana.gwi.uni-muenchen.de/corpus.php?corpus=lycian&docid=182,/Coin Legends/63
EDIANA-LYCIAN-182,lycian,aggregated_source_group,· b) Rs.,lycian,False,k,https://www.ediana.gwi.uni-muenchen.de/corpus.php?corpus=lycian&docid=182,/Coin Legends/64
EDIANA-LYCIAN-182,lycian,aggregated_source_group,· Rs.,lycian,False,a,https://www.ediana.gwi.uni-muenchen.de/corpus.php?corpus=lycian&docid=182,/Coin Legends/66
EDIANA-LYCIAN-182,lycian,aggregated_source_group,· a) Rs.,lycian,False,u,https://www.ediana.gwi.uni-muenchen.de/corpus.php?corpus=lycian&docid=182,/Coin Legends/68
EDIANA-LYCIAN-182,lycian,aggregated_source_group,· b) Vs.,lycian,False,u,https://www.ediana.gwi.uni-muenchen.de/corpus.php?corpus=lycian&docid=182,/Coin Legends/69
EDIANA-LYCIAN-182,lycian,aggregated_source_group,· Rs.,lycian,False,ñaj,https://www.ediana.gwi.uni-muenchen.de/corpus.php?corpus=lycian&docid=182,/Coin Legends/71
EDIANA-LYCIAN-182,lycian,aggregated_source_group,· Rs.,lycian,False,xin,https://www.ediana.gwi.uni-muenchen.de/corpus.php?corpus=lycian&docid=182,/Coin Legends/73
EDIANA-LYCIAN-182,lycian,aggregated_source_group,· Rs.,lycian,False,zaz θki,https://www.ediana.gwi.uni-muenchen.de/corpus.php?corpus=lycian&docid=182,/Coin Legends/75
EDIANA-LYCIAN-182,lycian,aggregated_source_group,· Rs.,lycian,False,θap,https://www.ediana.gwi.uni-muenchen.de/corpus.php?corpus=lycian&docid=182,/Coin Legends/77
EDIANA-LYCIAN-182,lycian,aggregated_source_group,· Rs.,lycian,False,θp,https://www.ediana.gwi.uni-muenchen.de/corpus.php?corpus=lycian&docid=182,/Coin Legends/79
EDIANA-LYCIAN-182,lycian,aggregated_source_group,· Rs.,lycian,False,θap,https://www.ediana.gwi.uni-muenchen.de/corpus.php?corpus=lycian&docid=182,/Coin Legends/81
EDIANA-LYCIAN-182,lycian,aggregated_source_group,· Vs.,lycian,False,wahñtezẽ,https://www.ediana.gwi.uni-muenchen.de/corpus.php?corpus=lycian&docid=182,/Coin Legends/82
EDIANA-LYCIAN-182,lycian,aggregated_source_group,· a) Rs.,lycian,False,zagaḅạh,https://www.ediana.gwi.uni-muenchen.de/corpus.php?corpus=lycian&docid=182,/Coin Legends/84
EDIANA-LYCIAN-182,lycian,aggregated_source_group,· b) Rs.,lycian,False,zag,https://www.ediana.gwi.uni-muenchen.de/corpus.php?corpus=lycian&docid=182,/Coin Legends/85
EDIANA-LYCIAN-182,lycian,aggregated_source_group,· c) Rs.,lycian,False,za,https://www.ediana.gwi.uni-muenchen.de/corpus.php?corpus=lycian&docid=182,/Coin Legends/86
EDIANA-LYCIAN-182,lycian,aggregated_source_group,· Rs.,lycian,False,za,https://www.ediana.gwi.uni-muenchen.de/corpus.php?corpus=lycian&docid=182,/Coin Legends/88
EDIANA-LYCIAN-182,lycian,aggregated_source_group,· Vs.,lycian,False,a,https://www.ediana.gwi.uni-muenchen.de/corpus.php?corpus=lycian&docid=182,/Coin Legends/89
EDIANA-LYCIAN-182,lycian,aggregated_source_group,· Rs.,lycian,False,aprll za,https://www.ediana.gwi.uni-muenchen.de/corpus.php?corpus=lycian&docid=182,/Coin Legends/91
EDIANA-LYCIAN-182,lycian,aggregated_source_group,· Rs.,lycian,False,apr,https://www.ediana.gwi.uni-muenchen.de/corpus.php?corpus=lycian&docid=182,/Coin Legends/93
EDIANA-LYCIAN-182,lycian,aggregated_source_group,· Rs.,lycian,False,epr,https://www.ediana.gwi.uni-muenchen.de/corpus.php?corpus=lycian&docid=182,/Coin Legends/95
EDIANA-LYCIAN-182,lycian,aggregated_source_group,· Rs.,lycian,False,prl,https://www.ediana.gwi.uni-muenchen.de/corpus.php?corpus=lycian&docid=182,/Coin Legends/97
EDIANA-LYCIAN-182,lycian,aggregated_source_group,· Rs.,lycian,False,ṭ[..]ạ̃[.]wẽ,https://www.ediana.gwi.uni-muenchen.de/corpus.php?corpus=lycian&docid=182,/Coin Legends/99
EDIANA-LYCIAN-182,lycian,aggregated_source_group,· Rs.,lycian,False,uṇ̃na,https://www.ediana.gwi.uni-muenchen.de/corpus.php?corpus=lycian&docid=182,/Coin Legends/101
EDIANA-LYCIAN-182,lycian,aggregated_source_group,· Rs.,lycian,False,ite,https://www.ediana.gwi.uni-muenchen.de/corpus.php?corpus=lycian&docid=182,/Coin Legends/103
EDIANA-LYCIAN-182,lycian,aggregated_source_group,· a) Rs.,lycian,False,θibãnuw,https://www.ediana.gwi.uni-muenchen.de/corpus.php?corpus=lycian&docid=182,/Coin Legends/105
EDIANA-LYCIAN-182,lycian,aggregated_source_group,· b) Rs.,lycian,False,θibãn,https://www.ediana.gwi.uni-muenchen.de/corpus.php?corpus=lycian&docid=182,/Coin Legends/106
EDIANA-LYCIAN-182,lycian,aggregated_source_group,· c) Rs.,lycian,False,θibã,https://www.ediana.gwi.uni-muenchen.de/corpus.php?corpus=lycian&docid=182,/Coin Legends/107
EDIANA-LYCIAN-182,lycian,aggregated_source_group,· Rs.,lycian,False,weh,https://www.ediana.gwi.uni-muenchen.de/corpus.php?corpus=lycian&docid=182,/Coin Legends/109
EDIANA-LYCIAN-182,lycian,aggregated_source_group,· Rs.,lycian,False,urã,https://www.ediana.gwi.uni-muenchen.de/corpus.php?corpus=lycian&docid=182,/Coin Legends/111
EDIANA-LYCIAN-182,lycian,aggregated_source_group,· Vs.,lycian,False,ãke (or read: ekã),https://www.ediana.gwi.uni-muenchen.de/corpus.php?corpus=lycian&docid=182,/Coin Legends/113
EDIANA-LYCIAN-182,lycian,aggregated_source_group,· Rs.,lycian,False,u m̃,https://www.ediana.gwi.uni-muenchen.de/corpus.php?corpus=lycian&docid=182,/Coin Legends/115
EDIANA-LYCIAN-182,lycian,aggregated_source_group,· Rs.,lycian,False,ẽkuwẽmi,https://www.ediana.gwi.uni-muenchen.de/corpus.php?corpus=lycian&docid=182,/Coin Legends/117
EDIANA-LYCIAN-182,lycian,aggregated_source_group,· a) Rs.,lycian,False,kuprlli,https://www.ediana.gwi.uni-muenchen.de/corpus.php?corpus=lycian&docid=182,/Coin Legends/119
EDIANA-LYCIAN-182,lycian,aggregated_source_group,· b) Rs.,lycian,False,kuplli,https://www.ediana.gwi.uni-muenchen.de/corpus.php?corpus=lycian&docid=182,/Coin Legends/120
EDIANA-LYCIAN-182,lycian,aggregated_source_group,· c) Rs.,lycian,False,kuprll,https://www.ediana.gwi.uni-muenchen.de/corpus.php?corpus=lycian&docid=182,/Coin Legends/121
EDIANA-LYCIAN-182,lycian,aggregated_source_group,· d) Rs.,lycian,False,kup,https://www.ediana.gwi.uni-muenchen.de/corpus.php?corpus=lycian&docid=182,/Coin Legends/122
EDIANA-LYCIAN-182,lycian,aggregated_source_group,· e) Rs.,lycian,False,ku,https://www.ediana.gwi.uni-muenchen.de/corpus.php?corpus=lycian&docid=182,/Coin Legends/123
EDIANA-LYCIAN-182,lycian,aggregated_source_group,· Rs.,lycian,False,kuprli,https://www.ediana.gwi.uni-muenchen.de/corpus.php?corpus=lycian&docid=182,/Coin Legends/125
EDIANA-LYCIAN-182,lycian,aggregated_source_group,· Vs.,lycian,False,zẽmure,https://www.ediana.gwi.uni-muenchen.de/corpus.php?corpus=lycian&docid=182,/Coin Legends/126
EDIANA-LYCIAN-182,lycian,aggregated_source_group,· Rs.,lycian,False,kuprlli,https://www.ediana.gwi.uni-muenchen.de/corpus.php?corpus=lycian&docid=182,/Coin Legends/128
EDIANA-LYCIAN-182,lycian,aggregated_source_group,· Vs.,lycian,False,am,https://www.ediana.gwi.uni-muenchen.de/corpus.php?corpus=lycian&docid=182,/Coin Legends/129
EDIANA-LYCIAN-182,lycian,aggregated_source_group,· a) Rs.,lycian,False,teθθiweibi,https://www.ediana.gwi.uni-muenchen.de/corpus.php?corpus=lycian&docid=182,/Coin Legends/131
EDIANA-LYCIAN-182,lycian,aggregated_source_group,· b) Rs.,lycian,False,teθθweibi,https://www.ediana.gwi.uni-muenchen.de/corpus.php?corpus=lycian&docid=182,/Coin Legends/132
EDIANA-LYCIAN-182,lycian,aggregated_source_group,· c) Rs.,lycian,False,teθθiwe,https://www.ediana.gwi.uni-muenchen.de/corpus.php?corpus=lycian&docid=182,/Coin Legends/133
EDIANA-LYCIAN-182,lycian,aggregated_source_group,· d) Rs.,lycian,False,teθθ,https://www.ediana.gwi.uni-muenchen.de/corpus.php?corpus=lycian&docid=182,/Coin Legends/134
EDIANA-LYCIAN-182,lycian,aggregated_source_group,· a) Rs.,lycian,False,sppñtaza,https://www.ediana.gwi.uni-muenchen.de/corpus.php?corpus=lycian&docid=182,/Coin Legends/136
EDIANA-LYCIAN-182,lycian,aggregated_source_group,· b) Rs.,lycian,False,sppñ,https://www.ediana.gwi.uni-muenchen.de/corpus.php?corpus=lycian&docid=182,/Coin Legends/137
EDIANA-LYCIAN-182,lycian,aggregated_source_group,· Rs.,lycian,False,xariga,https://www.ediana.gwi.uni-muenchen.de/corpus.php?corpus=lycian&docid=182,/Coin Legends/139
EDIANA-LYCIAN-182,lycian,aggregated_source_group,· a) Rs.,lycian,False,xeriga wehñtezi,https://www.ediana.gwi.uni-muenchen.de/corpus.php?corpus=lycian&docid=182,/Coin Legends/141
EDIANA-LYCIAN-182,lycian,aggregated_source_group,· b) Rs.,lycian,False,xeriga wehñtezẽ,https://www.ediana.gwi.uni-muenchen.de/corpus.php?corpus=lycian&docid=182,/Coin Legends/142
EDIANA-LYCIAN-182,lycian,aggregated_source_group,· Vs.,lycian,False,t,https://www.ediana.gwi.uni-muenchen.de/corpus.php?corpus=lycian&docid=182,/Coin Legends/143
EDIANA-LYCIAN-182,lycian,aggregated_source_group,· c) Rs.,lycian,False,xeriga wehñti,https://www.ediana.gwi.uni-muenchen.de/corpus.php?corpus=lycian&docid=182,/Coin Legends/144
EDIANA-LYCIAN-182,lycian,aggregated_source_group,· d) Rs.,lycian,False,xeriga wehñt,https://www.ediana.gwi.uni-muenchen.de/corpus.php?corpus=lycian&docid=182,/Coin Legends/145
EDIANA-LYCIAN-182,lycian,aggregated_source_group,· e) Rs.,lycian,False,xeriga,https://www.ediana.gwi.uni-muenchen.de/corpus.php?corpus=lycian&docid=182,/Coin Legends/146
EDIANA-LYCIAN-182,lycian,aggregated_source_group,· f) Rs.,lycian,False,xeri,https://www.ediana.gwi.uni-muenchen.de/corpus.php?corpus=lycian&docid=182,/Coin Legends/147
EDIANA-LYCIAN-182,lycian,aggregated_source_group,· a) Rs.,lycian,False,wexssere,https://www.ediana.gwi.uni-muenchen.de/corpus.php?corpus=lycian&docid=182,/Coin Legends/149
EDIANA-LYCIAN-182,lycian,aggregated_source_group,· Vs.,lycian,False,ne,https://www.ediana.gwi.uni-muenchen.de/corpus.php?corpus=lycian&docid=182,/Coin Legends/150
EDIANA-LYCIAN-182,lycian,aggregated_source_group,· b) Rs.,lycian,False,wexs,https://www.ediana.gwi.uni-muenchen.de/corpus.php?corpus=lycian&docid=182,/Coin Legends/151
EDIANA-LYCIAN-182,lycian,aggregated_source_group,· a) Rs.,lycian,False,wexssere,https://www.ediana.gwi.uni-muenchen.de/corpus.php?corpus=lycian&docid=182,/Coin Legends/153
EDIANA-LYCIAN-182,lycian,aggregated_source_group,· b) Rs.,lycian,False,waxsse,https://www.ediana.gwi.uni-muenchen.de/corpus.php?corpus=lycian&docid=182,/Coin Legends/154
EDIANA-LYCIAN-182,lycian,aggregated_source_group,· a) Rs.,lycian,False,zaxabaha wahñ,https://www.ediana.gwi.uni-muenchen.de/corpus.php?corpus=lycian&docid=182,/Coin Legends/156
EDIANA-LYCIAN-182,lycian,aggregated_source_group,· b) Rs.,lycian,False,zaxabaha,https://www.ediana.gwi.uni-muenchen.de/corpus.php?corpus=lycian&docid=182,/Coin Legends/157
EDIANA-LYCIAN-182,lycian,aggregated_source_group,· c) Rs.,lycian,False,zaxabahe,https://www.ediana.gwi.uni-muenchen.de/corpus.php?corpus=lycian&docid=182,/Coin Legends/158
EDIANA-LYCIAN-182,lycian,aggregated_source_group,· d) Rs.,lycian,False,zagabah,https://www.ediana.gwi.uni-muenchen.de/corpus.php?corpus=lycian&docid=182,/Coin Legends/159
EDIANA-LYCIAN-182,lycian,aggregated_source_group,· a) Rs.,lycian,False,zag,https://www.ediana.gwi.uni-muenchen.de/corpus.php?corpus=lycian&docid=182,/Coin Legends/161
EDIANA-LYCIAN-182,lycian,aggregated_source_group,· b) Rs.,lycian,False,zag t,https://www.ediana.gwi.uni-muenchen.de/corpus.php?corpus=lycian&docid=182,/Coin Legends/162
EDIANA-LYCIAN-182,lycian,aggregated_source_group,· c) Rs.,lycian,False,zaga,https://www.ediana.gwi.uni-muenchen.de/corpus.php?corpus=lycian&docid=182,/Coin Legends/163
EDIANA-LYCIAN-182,lycian,aggregated_source_group,· Rs.,lycian,False,zagah◊,https://www.ediana.gwi.uni-muenchen.de/corpus.php?corpus=lycian&docid=182,/Coin Legends/165
EDIANA-LYCIAN-182,lycian,aggregated_source_group,· a) Rs.,lycian,False,aruwãtijesi zag,https://www.ediana.gwi.uni-muenchen.de/corpus.php?corpus=lycian&docid=182,/Coin Legends/167
EDIANA-LYCIAN-182,lycian,aggregated_source_group,· b) Rs.,lycian,False,aruwãtijesi z,https://www.ediana.gwi.uni-muenchen.de/corpus.php?corpus=lycian&docid=182,/Coin Legends/168
EDIANA-LYCIAN-182,lycian,aggregated_source_group,· c) Rs.,lycian,False,aruwãtijesi,https://www.ediana.gwi.uni-muenchen.de/corpus.php?corpus=lycian&docid=182,/Coin Legends/169
EDIANA-LYCIAN-182,lycian,aggregated_source_group,· d) Rs.,lycian,False,aru z,https://www.ediana.gwi.uni-muenchen.de/corpus.php?corpus=lycian&docid=182,/Coin Legends/170
EDIANA-LYCIAN-182,lycian,aggregated_source_group,· a) Rs.,lycian,False,miθrapata,https://www.ediana.gwi.uni-muenchen.de/corpus.php?corpus=lycian&docid=182,/Coin Legends/172
EDIANA-LYCIAN-182,lycian,aggregated_source_group,· b) Rs.,lycian,False,miθrapati,https://www.ediana.gwi.uni-muenchen.de/corpus.php?corpus=lycian&docid=182,/Coin Legends/173
EDIANA-LYCIAN-182,lycian,aggregated_source_group,· c) Rs.,lycian,False,miθrapati,https://www.ediana.gwi.uni-muenchen.de/corpus.php?corpus=lycian&docid=182,/Coin Legends/174
EDIANA-LYCIAN-182,lycian,aggregated_source_group,· Vs.,lycian,False,ṃ,https://www.ediana.gwi.uni-muenchen.de/corpus.php?corpus=lycian&docid=182,/Coin Legends/175
EDIANA-LYCIAN-182,lycian,aggregated_source_group,· a) Rs.,lycian,False,miθrapata,https://www.ediana.gwi.uni-muenchen.de/corpus.php?corpus=lycian&docid=182,/Coin Legends/177
EDIANA-LYCIAN-182,lycian,aggregated_source_group,· b) Rs.,lycian,False,miθrapat,https://www.ediana.gwi.uni-muenchen.de/corpus.php?corpus=lycian&docid=182,/Coin Legends/178
EDIANA-LYCIAN-182,lycian,aggregated_source_group,· c) Rs.,lycian,False,miθrap,https://www.ediana.gwi.uni-muenchen.de/corpus.php?corpus=lycian&docid=182,/Coin Legends/179
EDIANA-LYCIAN-182,lycian,aggregated_source_group,· d) Rs.,lycian,False,miθra,https://www.ediana.gwi.uni-muenchen.de/corpus.php?corpus=lycian&docid=182,/Coin Legends/180
EDIANA-LYCIAN-182,lycian,aggregated_source_group,· e) Rs.,lycian,False,miθ,https://www.ediana.gwi.uni-muenchen.de/corpus.php?corpus=lycian&docid=182,/Coin Legends/181
EDIANA-LYCIAN-182,lycian,aggregated_source_group,· f) Rs.,lycian,False,mi,https://www.ediana.gwi.uni-muenchen.de/corpus.php?corpus=lycian&docid=182,/Coin Legends/182
EDIANA-LYCIAN-182,lycian,aggregated_source_group,· Rs.,lycian,False,puresi,https://www.ediana.gwi.uni-muenchen.de/corpus.php?corpus=lycian&docid=182,/Coin Legends/184
EDIANA-LYCIAN-182,lycian,aggregated_source_group,· a) Rs.,lycian,False,trbbẽnimi,https://www.ediana.gwi.uni-muenchen.de/corpus.php?corpus=lycian&docid=182,/Coin Legends/186
EDIANA-LYCIAN-182,lycian,aggregated_source_group,· Vs.,lycian,False,t,https://www.ediana.gwi.uni-muenchen.de/corpus.php?corpus=lycian&docid=182,/Coin Legends/187
EDIANA-LYCIAN-182,lycian,aggregated_source_group,· b) Rs.,lycian,False,trb,https://www.ediana.gwi.uni-muenchen.de/corpus.php?corpus=lycian&docid=182,/Coin Legends/188
EDIANA-LYCIAN-182,lycian,aggregated_source_group,· Vs.,lycian,False,t,https://www.ediana.gwi.uni-muenchen.de/corpus.php?corpus=lycian&docid=182,/Coin Legends/189
EDIANA-LYCIAN-182,lycian,aggregated_source_group,· c) Rs.,lycian,False,trbbẽnimi,https://www.ediana.gwi.uni-muenchen.de/corpus.php?corpus=lycian&docid=182,/Coin Legends/190
EDIANA-LYCIAN-182,lycian,aggregated_source_group,· d) Rs.,lycian,False,trbbẽnimi w,https://www.ediana.gwi.uni-muenchen.de/corpus.php?corpus=lycian&docid=182,/Coin Legends/191
EDIANA-LYCIAN-182,lycian,aggregated_source_group,· e) Rs.,lycian,False,trbbẽnimi z,https://www.ediana.gwi.uni-muenchen.de/corpus.php?corpus=lycian&docid=182,/Coin Legends/192
EDIANA-LYCIAN-182,lycian,aggregated_source_group,· f) Rs.,lycian,False,trbbẽnimi tw,https://www.ediana.gwi.uni-muenchen.de/corpus.php?corpus=lycian&docid=182,/Coin Legends/193
EDIANA-LYCIAN-182,lycian,aggregated_source_group,· g) Rs.,lycian,False,trbbẽnimi t,https://www.ediana.gwi.uni-muenchen.de/corpus.php?corpus=lycian&docid=182,/Coin Legends/194
EDIANA-LYCIAN-182,lycian,aggregated_source_group,· h) Rs.,lycian,False,trbbẽnimi,https://www.ediana.gwi.uni-muenchen.de/corpus.php?corpus=lycian&docid=182,/Coin Legends/195
EDIANA-LYCIAN-182,lycian,aggregated_source_group,· Vs.,lycian,False,w,https://www.ediana.gwi.uni-muenchen.de/corpus.php?corpus=lycian&docid=182,/Coin Legends/196
EDIANA-LYCIAN-182,lycian,aggregated_source_group,· i) Rs.,lycian,False,trbbẽnimi,https://www.ediana.gwi.uni-muenchen.de/corpus.php?corpus=lycian&docid=182,/Coin Legends/197
EDIANA-LYCIAN-182,lycian,aggregated_source_group,· Vs.,lycian,False,H,https://www.ediana.gwi.uni-muenchen.de/corpus.php?corpus=lycian&docid=182,/Coin Legends/198
EDIANA-LYCIAN-182,lycian,aggregated_source_group,· j) Rs.,lycian,False,trbbẽn,https://www.ediana.gwi.uni-muenchen.de/corpus.php?corpus=lycian&docid=182,/Coin Legends/199
EDIANA-LYCIAN-182,lycian,aggregated_source_group,· a) Rs.,lycian,False,trbbẽnimi!,https://www.ediana.gwi.uni-muenchen.de/corpus.php?corpus=lycian&docid=182,/Coin Legends/201
EDIANA-LYCIAN-182,lycian,aggregated_source_group,· Vs.,lycian,False,zẽmuh◊,https://www.ediana.gwi.uni-muenchen.de/corpus.php?corpus=lycian&docid=182,/Coin Legends/202
EDIANA-LYCIAN-182,lycian,aggregated_source_group,· b) Rs.,lycian,False,trbbẽnim,https://www.ediana.gwi.uni-muenchen.de/corpus.php?corpus=lycian&docid=182,/Coin Legends/203
EDIANA-LYCIAN-182,lycian,aggregated_source_group,· Vs.,lycian,False,zẽmuh◊,https://www.ediana.gwi.uni-muenchen.de/corpus.php?corpus=lycian&docid=182,/Coin Legends/204
EDIANA-LYCIAN-182,lycian,aggregated_source_group,· Rs.,lycian,False,trbbẽnimi,https://www.ediana.gwi.uni-muenchen.de/corpus.php?corpus=lycian&docid=182,/Coin Legends/206
EDIANA-LYCIAN-182,lycian,aggregated_source_group,· Vs.,lycian,False,wedrẽi,https://www.ediana.gwi.uni-muenchen.de/corpus.php?corpus=lycian&docid=182,/Coin Legends/207
EDIANA-LYCIAN-182,lycian,aggregated_source_group,· a) Rs.,lycian,False,zẽm,https://www.ediana.gwi.uni-muenchen.de/corpus.php?corpus=lycian&docid=182,/Coin Legends/209
EDIANA-LYCIAN-182,lycian,aggregated_source_group,· Vs.,lycian,False,trb,https://www.ediana.gwi.uni-muenchen.de/corpus.php?corpus=lycian&docid=182,/Coin Legends/210
EDIANA-LYCIAN-182,lycian,aggregated_source_group,· b) Rs.,lycian,False,zẽm t,https://www.ediana.gwi.uni-muenchen.de/corpus.php?corpus=lycian&docid=182,/Coin Legends/211
EDIANA-LYCIAN-182,lycian,aggregated_source_group,· c) Rs.,lycian,False,zẽ t,https://www.ediana.gwi.uni-muenchen.de/corpus.php?corpus=lycian&docid=182,/Coin Legends/212
EDIANA-LYCIAN-182,lycian,aggregated_source_group,· d) Rs.,lycian,False,zẽm x,https://www.ediana.gwi.uni-muenchen.de/corpus.php?corpus=lycian&docid=182,/Coin Legends/213
EDIANA-LYCIAN-182,lycian,aggregated_source_group,· a) Rs.,lycian,False,zẽmuri,https://www.ediana.gwi.uni-muenchen.de/corpus.php?corpus=lycian&docid=182,/Coin Legends/215
EDIANA-LYCIAN-182,lycian,aggregated_source_group,· b) Rs.,lycian,False,zẽmuh◊,https://www.ediana.gwi.uni-muenchen.de/corpus.php?corpus=lycian&docid=182,/Coin Legends/216
EDIANA-LYCIAN-182,lycian,aggregated_source_group,· a) Rs.,lycian,False,[wed]rẽi,https://www.ediana.gwi.uni-muenchen.de/corpus.php?corpus=lycian&docid=182,/Coin Legends/218
EDIANA-LYCIAN-182,lycian,aggregated_source_group,· b) Rs.,lycian,False,wedr,https://www.ediana.gwi.uni-muenchen.de/corpus.php?corpus=lycian&docid=182,/Coin Legends/219
EDIANA-LYCIAN-182,lycian,aggregated_source_group,· c) Rs.,lycian,False,wedrewi,https://www.ediana.gwi.uni-muenchen.de/corpus.php?corpus=lycian&docid=182,/Coin Legends/220
EDIANA-LYCIAN-182,lycian,aggregated_source_group,· a) Rs.,lycian,False,wed,https://www.ediana.gwi.uni-muenchen.de/corpus.php?corpus=lycian&docid=182,/Coin Legends/222
EDIANA-LYCIAN-182,lycian,aggregated_source_group,· b) Rs.,lycian,False,wed n,https://www.ediana.gwi.uni-muenchen.de/corpus.php?corpus=lycian&docid=182,/Coin Legends/223
EDIANA-LYCIAN-182,lycian,aggregated_source_group,· c) Rs.,lycian,False,wed b,https://www.ediana.gwi.uni-muenchen.de/corpus.php?corpus=lycian&docid=182,/Coin Legends/224
EDIANA-LYCIAN-182,lycian,aggregated_source_group,· Rs.,lycian,False,perikle,https://www.ediana.gwi.uni-muenchen.de/corpus.php?corpus=lycian&docid=182,/Coin Legends/226
EDIANA-LYCIAN-182,lycian,aggregated_source_group,· Vs.,lycian,False,wedewiẽ,https://www.ediana.gwi.uni-muenchen.de/corpus.php?corpus=lycian&docid=182,/Coin Legends/227
EDIANA-LYCIAN-182,lycian,aggregated_source_group,· a) Rs.,lycian,False,wehñtezẽ perikle,https://www.ediana.gwi.uni-muenchen.de/corpus.php?corpus=lycian&docid=182,/Coin Legends/229
EDIANA-LYCIAN-182,lycian,aggregated_source_group,· b) Rs.,lycian,False,perikle,https://www.ediana.gwi.uni-muenchen.de/corpus.php?corpus=lycian&docid=182,/Coin Legends/230
EDIANA-LYCIAN-182,lycian,aggregated_source_group,· a) Rs.,lycian,False,perikle,https://www.ediana.gwi.uni-muenchen.de/corpus.php?corpus=lycian&docid=182,/Coin Legends/232
EDIANA-LYCIAN-182,lycian,aggregated_source_group,· b) Rs.,lycian,False,perikl,https://www.ediana.gwi.uni-muenchen.de/corpus.php?corpus=lycian&docid=182,/Coin Legends/233
EDIANA-LYCIAN-182,lycian,aggregated_source_group,· c) Rs.,lycian,False,peri,https://www.ediana.gwi.uni-muenchen.de/corpus.php?corpus=lycian&docid=182,/Coin Legends/234
EDIANA-LYCIAN-182,lycian,aggregated_source_group,· Vs.,lycian,False,pu,https://www.ediana.gwi.uni-muenchen.de/corpus.php?corpus=lycian&docid=182,/Coin Legends/236
EDIANA-LYCIAN-182,lycian,aggregated_source_group,· Rs.,lycian,False,ẽkụẉ,https://www.ediana.gwi.uni-muenchen.de/corpus.php?corpus=lycian&docid=182,/Coin Legends/238
EDIANA-LYCIAN-182,lycian,aggregated_source_group,· Rs.,lycian,False,n e j,https://www.ediana.gwi.uni-muenchen.de/corpus.php?corpus=lycian&docid=182,/Coin Legends/240
EDIANA-LYCIAN-182,lycian,aggregated_source_group,· a) Rs.,lycian,False,kuprlli,https://www.ediana.gwi.uni-muenchen.de/corpus.php?corpus=lycian&docid=182,/Coin Legends/242
EDIANA-LYCIAN-182,lycian,aggregated_source_group,· b) Rs.,lycian,False,kuprll,https://www.ediana.gwi.uni-muenchen.de/corpus.php?corpus=lycian&docid=182,/Coin Legends/243
EDIANA-LYCIAN-182,lycian,aggregated_source_group,· c) Rs.,lycian,False,kuprl,https://www.ediana.gwi.uni-muenchen.de/corpus.php?corpus=lycian&docid=182,/Coin Legends/244
EDIANA-LYCIAN-182,lycian,aggregated_source_group,· d) Rs.,lycian,False,kupr,https://www.ediana.gwi.uni-muenchen.de/corpus.php?corpus=lycian&docid=182,/Coin Legends/245
EDIANA-LYCIAN-182,lycian,aggregated_source_group,· e) Rs.,lycian,False,kup,https://www.ediana.gwi.uni-muenchen.de/corpus.php?corpus=lycian&docid=182,/Coin Legends/246
EDIANA-LYCIAN-182,lycian,aggregated_source_group,· f) Rs.,lycian,False,ku,https://www.ediana.gwi.uni-muenchen.de/corpus.php?corpus=lycian&docid=182,/Coin Legends/247
EDIANA-LYCIAN-182,lycian,aggregated_source_group,· g) Rs.,lycian,False,k,https://www.ediana.gwi.uni-muenchen.de/corpus.php?corpus=lycian&docid=182,/Coin Legends/248
EDIANA-LYCIAN-182,lycian,aggregated_source_group,· a) Rs.,lycian,False,kuprlli,https://www.ediana.gwi.uni-muenchen.de/corpus.php?corpus=lycian&docid=182,/Coin Legends/250
EDIANA-LYCIAN-182,lycian,aggregated_source_group,· Vs.,lycian,False,arñn,https://www.ediana.gwi.uni-muenchen.de/corpus.php?corpus=lycian&docid=182,/Coin Legends/251
EDIANA-LYCIAN-182,lycian,aggregated_source_group,· b) Rs.,lycian,False,kuprll,https://www.ediana.gwi.uni-muenchen.de/corpus.php?corpus=lycian&docid=182,/Coin Legends/252
EDIANA-LYCIAN-182,lycian,aggregated_source_group,· Vs.,lycian,False,arñ,https://www.ediana.gwi.uni-muenchen.de/corpus.php?corpus=lycian&docid=182,/Coin Legends/253
EDIANA-LYCIAN-182,lycian,aggregated_source_group,· Rs.,lycian,False,wẽte,https://www.ediana.gwi.uni-muenchen.de/corpus.php?corpus=lycian&docid=182,/Coin Legends/255
EDIANA-LYCIAN-182,lycian,aggregated_source_group,· a) Rs.,lycian,False,wexssere,https://www.ediana.gwi.uni-muenchen.de/corpus.php?corpus=lycian&docid=182,/Coin Legends/257
EDIANA-LYCIAN-182,lycian,aggregated_source_group,· b) Rs.,lycian,False,wexss,https://www.ediana.gwi.uni-muenchen.de/corpus.php?corpus=lycian&docid=182,/Coin Legends/258
EDIANA-LYCIAN-182,lycian,aggregated_source_group,· c) Rs.,lycian,False,wex,https://www.ediana.gwi.uni-muenchen.de/corpus.php?corpus=lycian&docid=182,/Coin Legends/259
EDIANA-LYCIAN-182,lycian,aggregated_source_group,· Rs.,lycian,False,waxssebe,https://www.ediana.gwi.uni-muenchen.de/corpus.php?corpus=lycian&docid=182,/Coin Legends/261
EDIANA-LYCIAN-182,lycian,aggregated_source_group,· Vs.,lycian,False,u,https://www.ediana.gwi.uni-muenchen.de/corpus.php?corpus=lycian&docid=182,/Coin Legends/262
EDIANA-LYCIAN-182,lycian,aggregated_source_group,· Rs.,lycian,False,tñnẽmi,https://www.ediana.gwi.uni-muenchen.de/corpus.php?corpus=lycian&docid=182,/Coin Legends/264
EDIANA-LYCIAN-182,lycian,aggregated_source_group,· Rs.,lycian,False,mutlẽi,https://www.ediana.gwi.uni-muenchen.de/corpus.php?corpus=lycian&docid=182,/Coin Legends/266
EDIANA-LYCIAN-182,lycian,aggregated_source_group,· Rs.,lycian,False,ertllẽni,https://www.ediana.gwi.uni-muenchen.de/corpus.php?corpus=lycian&docid=182,/Coin Legends/268
EDIANA-LYCIAN-182,lycian,aggregated_source_group,· Rs.,lycian,False,ptt,https://www.ediana.gwi.uni-muenchen.de/corpus.php?corpus=lycian&docid=182,/Coin Legends/270
EDIANA-LYCIAN-182,lycian,aggregated_source_group,· a) Rs.,lycian,False,teθθiweibi,https://www.ediana.gwi.uni-muenchen.de/corpus.php?corpus=lycian&docid=182,/Coin Legends/272
EDIANA-LYCIAN-182,lycian,aggregated_source_group,· b) Rs.,lycian,False,teθiweibi,https://www.ediana.gwi.uni-muenchen.de/corpus.php?corpus=lycian&docid=182,/Coin Legends/273
EDIANA-LYCIAN-182,lycian,aggregated_source_group,· c) Rs.,lycian,False,teθiwei!bi,https://www.ediana.gwi.uni-muenchen.de/corpus.php?corpus=lycian&docid=182,/Coin Legends/274
EDIANA-LYCIAN-182,lycian,aggregated_source_group,· d) Rs.,lycian,False,teθθiwei,https://www.ediana.gwi.uni-muenchen.de/corpus.php?corpus=lycian&docid=182,/Coin Legends/275
EDIANA-LYCIAN-182,lycian,aggregated_source_group,· e) Rs.,lycian,False,ṭeθθibew,https://www.ediana.gwi.uni-muenchen.de/corpus.php?corpus=lycian&docid=182,/Coin Legends/276
EDIANA-LYCIAN-182,lycian,aggregated_source_group,· f) Rs.,lycian,False,teθθieibi,https://www.ediana.gwi.uni-muenchen.de/corpus.php?corpus=lycian&docid=182,/Coin Legends/277
EDIANA-LYCIAN-182,lycian,aggregated_source_group,· g) Rs.,lycian,False,teθθ,https://www.ediana.gwi.uni-muenchen.de/corpus.php?corpus=lycian&docid=182,/Coin Legends/278
EDIANA-LYCIAN-182,lycian,aggregated_source_group,· h) Rs.,lycian,False,teθiwew aw,https://www.ediana.gwi.uni-muenchen.de/corpus.php?corpus=lycian&docid=182,/Coin Legends/279
EDIANA-LYCIAN-182,lycian,aggregated_source_group,· Rs.,lycian,False,sppñtaza,https://www.ediana.gwi.uni-muenchen.de/corpus.php?corpus=lycian&docid=182,/Coin Legends/281
EDIANA-LYCIAN-182,lycian,aggregated_source_group,· Rs.,lycian,False,xerẽi,https://www.ediana.gwi.uni-muenchen.de/corpus.php?corpus=lycian&docid=182,/Coin Legends/283
EDIANA-LYCIAN-182,lycian,aggregated_source_group,· Rs.,lycian,False,θi,https://www.ediana.gwi.uni-muenchen.de/corpus.php?corpus=lycian&docid=182,/Coin Legends/285
EDIANA-LYCIAN-182,lycian,aggregated_source_group,· a) Rs.,lycian,False,tẽnegure,https://www.ediana.gwi.uni-muenchen.de/corpus.php?corpus=lycian&docid=182,/Coin Legends/287
EDIANA-LYCIAN-182,lycian,aggregated_source_group,· b) Rs.,lycian,False,tẽnagure,https://www.ediana.gwi.uni-muenchen.de/corpus.php?corpus=lycian&docid=182,/Coin Legends/288
EDIANA-LYCIAN-182,lycian,aggregated_source_group,· a) Vs.,lycian,False,puna,https://www.ediana.gwi.uni-muenchen.de/corpus.php?corpus=lycian&docid=182,/Coin Legends/290
EDIANA-LYCIAN-182,lycian,aggregated_source_group,· b) Rs.,lycian,False,pun,https://www.ediana.gwi.uni-muenchen.de/corpus.php?corpus=lycian&docid=182,/Coin Legends/291
EDIANA-LYCIAN-182,lycian,aggregated_source_group,· Vs.,lycian,False,pun,https://www.ediana.gwi.uni-muenchen.de/corpus.php?corpus=lycian&docid=182,/Coin Legends/292
EDIANA-LYCIAN-182,lycian,aggregated_source_group,· a) Rs.,lycian,False,xinaxa,https://www.ediana.gwi.uni-muenchen.de/corpus.php?corpus=lycian&docid=182,/Coin Legends/294
EDIANA-LYCIAN-182,lycian,aggregated_source_group,· b) Rs.,lycian,False,xinax,https://www.ediana.gwi.uni-muenchen.de/corpus.php?corpus=lycian&docid=182,/Coin Legends/295
EDIANA-LYCIAN-182,lycian,aggregated_source_group,· c) Rs.,lycian,False,xina,https://www.ediana.gwi.uni-muenchen.de/corpus.php?corpus=lycian&docid=182,/Coin Legends/296
EDIANA-LYCIAN-182,lycian,aggregated_source_group,· d) Rs.,lycian,False,xin,https://www.ediana.gwi.uni-muenchen.de/corpus.php?corpus=lycian&docid=182,/Coin Legends/297
EDIANA-LYCIAN-182,lycian,aggregated_source_group,· Rs.,lycian,False,...pr...,https://www.ediana.gwi.uni-muenchen.de/corpus.php?corpus=lycian&docid=182,/Coin Legends/299
EDIANA-LYCIAN-182,lycian,aggregated_source_group,· Rs.,lycian,False,zisạ[prñ]na,https://www.ediana.gwi.uni-muenchen.de/corpus.php?corpus=lycian&docid=182,/Coin Legends/301
EDIANA-LYCIAN-182,lycian,aggregated_source_group,· Vs.,lycian,False,]ñna[,https://www.ediana.gwi.uni-muenchen.de/corpus.php?corpus=lycian&docid=182,/Coin Legends/302
EDIANA-LYCIAN-182,lycian,aggregated_source_group,· a) Rs.,lycian,False,xeriga,https://www.ediana.gwi.uni-muenchen.de/corpus.php?corpus=lycian&docid=182,/Coin Legends/304
EDIANA-LYCIAN-182,lycian,aggregated_source_group,· b) Rs.,lycian,False,xeriga arñnahe,https://www.ediana.gwi.uni-muenchen.de/corpus.php?corpus=lycian&docid=182,/Coin Legends/305
EDIANA-LYCIAN-182,lycian,aggregated_source_group,· c) Rs.,lycian,False,xeriga arñnahe,https://www.ediana.gwi.uni-muenchen.de/corpus.php?corpus=lycian&docid=182,/Coin Legends/306
EDIANA-LYCIAN-182,lycian,aggregated_source_group,· a) Rs.,lycian,False,xerẽi,https://www.ediana.gwi.uni-muenchen.de/corpus.php?corpus=lycian&docid=182,/Coin Legends/308
EDIANA-LYCIAN-182,lycian,aggregated_source_group,· b) Rs.,lycian,False,xer,https://www.ediana.gwi.uni-muenchen.de/corpus.php?corpus=lycian&docid=182,/Coin Legends/309
EDIANA-LYCIAN-182,lycian,aggregated_source_group,· c) Rs.,lycian,False,xerẽị t,https://www.ediana.gwi.uni-muenchen.de/corpus.php?corpus=lycian&docid=182,/Coin Legends/310
EDIANA-LYCIAN-182,lycian,aggregated_source_group,· d) Rs.,lycian,False,xerẽh,https://www.ediana.gwi.uni-muenchen.de/corpus.php?corpus=lycian&docid=182,/Coin Legends/311
EDIANA-LYCIAN-182,lycian,aggregated_source_group,· Vs.,lycian,False,x,https://www.ediana.gwi.uni-muenchen.de/corpus.php?corpus=lycian&docid=182,/Coin Legends/312
EDIANA-LYCIAN-182,lycian,aggregated_source_group,· a) Rs.,lycian,False,xerẽi arñnahe,https://www.ediana.gwi.uni-muenchen.de/corpus.php?corpus=lycian&docid=182,/Coin Legends/314
EDIANA-LYCIAN-182,lycian,aggregated_source_group,· b) Rs.,lycian,False,xerẽi arñn,https://www.ediana.gwi.uni-muenchen.de/corpus.php?corpus=lycian&docid=182,/Coin Legends/315
EDIANA-LYCIAN-182,lycian,aggregated_source_group,· c) Rs.,lycian,False,xerẽi,https://www.ediana.gwi.uni-muenchen.de/corpus.php?corpus=lycian&docid=182,/Coin Legends/316
EDIANA-LYCIAN-182,lycian,aggregated_source_group,· a) Rs.,lycian,False,xerẽi pillewi,https://www.ediana.gwi.uni-muenchen.de/corpus.php?corpus=lycian&docid=182,/Coin Legends/318
EDIANA-LYCIAN-182,lycian,aggregated_source_group,· Vs.,lycian,False,xerẽi,https://www.ediana.gwi.uni-muenchen.de/corpus.php?corpus=lycian&docid=182,/Coin Legends/319
EDIANA-LYCIAN-182,lycian,aggregated_source_group,· b),lycian,False,xerẽi,https://www.ediana.gwi.uni-muenchen.de/corpus.php?corpus=lycian&docid=182,/Coin Legends/320
EDIANA-LYCIAN-182,lycian,aggregated_source_group,· a) Rs.,lycian,False,xerẽi [tla]wi,https://www.ediana.gwi.uni-muenchen.de/corpus.php?corpus=lycian&docid=182,/Coin Legends/322
EDIANA-LYCIAN-182,lycian,aggregated_source_group,· b) Rs.,lycian,False,xerẽ tlawi,https://www.ediana.gwi.uni-muenchen.de/corpus.php?corpus=lycian&docid=182,/Coin Legends/323
EDIANA-LYCIAN-182,lycian,aggregated_source_group,· Rs.,lycian,False,xerẽi telebehihe,https://www.ediana.gwi.uni-muenchen.de/corpus.php?corpus=lycian&docid=182,/Coin Legends/325
EDIANA-LYCIAN-182,lycian,aggregated_source_group,· Vs.,lycian,False,x,https://www.ediana.gwi.uni-muenchen.de/corpus.php?corpus=lycian&docid=182,/Coin Legends/326
EDIANA-LYCIAN-182,lycian,aggregated_source_group,· Rs.,lycian,False,krñna,https://www.ediana.gwi.uni-muenchen.de/corpus.php?corpus=lycian&docid=182,/Coin Legends/328
EDIANA-LYCIAN-182,lycian,aggregated_source_group,· Rs.,lycian,False,ḥụṇṭ,https://www.ediana.gwi.uni-muenchen.de/corpus.php?corpus=lycian&docid=182,/Coin Legends/330
EDIANA-LYCIAN-182,lycian,aggregated_source_group,· Rs.,lycian,False,xr,https://www.ediana.gwi.uni-muenchen.de/corpus.php?corpus=lycian&docid=182,/Coin Legends/332
EDIANA-LYCIAN-182,lycian,aggregated_source_group,· a) Rs.,lycian,False,artum̃parahe,https://www.ediana.gwi.uni-muenchen.de/corpus.php?corpus=lycian&docid=182,/Coin Legends/334
EDIANA-LYCIAN-182,lycian,aggregated_source_group,· b) Rs.,lycian,False,artum̃para,https://www.ediana.gwi.uni-muenchen.de/corpus.php?corpus=lycian&docid=182,/Coin Legends/335
EDIANA-LYCIAN-182,lycian,aggregated_source_group,· c) Rs.,lycian,False,artuñpari,https://www.ediana.gwi.uni-muenchen.de/corpus.php?corpus=lycian&docid=182,/Coin Legends/336
EDIANA-LYCIAN-182,lycian,aggregated_source_group,· d) Rs.,lycian,False,arttum̃par,https://www.ediana.gwi.uni-muenchen.de/corpus.php?corpus=lycian&docid=182,/Coin Legends/337
EDIANA-LYCIAN-182,lycian,aggregated_source_group,· a) Rs.,lycian,False,ddenewele,https://www.ediana.gwi.uni-muenchen.de/corpus.php?corpus=lycian&docid=182,/Coin Legends/339
EDIANA-LYCIAN-182,lycian,aggregated_source_group,· b) Rs.,lycian,False,ddene,https://www.ediana.gwi.uni-muenchen.de/corpus.php?corpus=lycian&docid=182,/Coin Legends/340
EDIANA-LYCIAN-182,lycian,aggregated_source_group,· c) Rs.,lycian,False,dde,https://www.ediana.gwi.uni-muenchen.de/corpus.php?corpus=lycian&docid=182,/Coin Legends/341
EDIANA-LYCIAN-182,lycian,aggregated_source_group,· d) Rs.,lycian,False,ddẽnewele,https://www.ediana.gwi.uni-muenchen.de/corpus.php?corpus=lycian&docid=182,/Coin Legends/342
EDIANA-LYCIAN-182,lycian,aggregated_source_group,· a) Rs.,lycian,False,hñ[t]ruma,https://www.ediana.gwi.uni-muenchen.de/corpus.php?corpus=lycian&docid=182,/Coin Legends/344
EDIANA-LYCIAN-182,lycian,aggregated_source_group,· b) Rs.,lycian,False,hñtruma xadawatihe,https://www.ediana.gwi.uni-muenchen.de/corpus.php?corpus=lycian&docid=182,/Coin Legends/345
EDIANA-LYCIAN-182,lycian,aggregated_source_group,· a) Rs.,lycian,False,ddẽñtmi,https://www.ediana.gwi.uni-muenchen.de/corpus.php?corpus=lycian&docid=182,/Coin Legends/347
EDIANA-LYCIAN-182,lycian,aggregated_source_group,· b) Rs.,lycian,False,ddẽñtim,https://www.ediana.gwi.uni-muenchen.de/corpus.php?corpus=lycian&docid=182,/Coin Legends/348
EDIANA-LYCIAN-182,lycian,aggregated_source_group,· c) Rs.,lycian,False,ddẽñt,https://www.ediana.gwi.uni-muenchen.de/corpus.php?corpus=lycian&docid=182,/Coin Legends/349
EDIANA-LYCIAN-182,lycian,aggregated_source_group,· Rs.,lycian,False,ddimiu,https://www.ediana.gwi.uni-muenchen.de/corpus.php?corpus=lycian&docid=182,/Coin Legends/351
EDIANA-LYCIAN-182,lycian,aggregated_source_group,·,lycian,False,wexssere,https://www.ediana.gwi.uni-muenchen.de/corpus.php?corpus=lycian&docid=182,/Coin Legends/353
EDIANA-LYCIAN-182,lycian,aggregated_source_group,· Rs.,lycian,False,waxsser ddimi,https://www.ediana.gwi.uni-muenchen.de/corpus.php?corpus=lycian&docid=182,/Coin Legends/355
EDIANA-LYCIAN-182,lycian,aggregated_source_group,· a) Rs.,lycian,False,erbbina teleb,https://www.ediana.gwi.uni-muenchen.de/corpus.php?corpus=lycian&docid=182,/Coin Legends/357
EDIANA-LYCIAN-182,lycian,aggregated_source_group,· b) Rs.,lycian,False,erbbina,https://www.ediana.gwi.uni-muenchen.de/corpus.php?corpus=lycian&docid=182,/Coin Legends/358
EDIANA-LYCIAN-182,lycian,aggregated_source_group,· c) Rs.,lycian,False,erbbina e r,https://www.ediana.gwi.uni-muenchen.de/corpus.php?corpus=lycian&docid=182,/Coin Legends/359
EDIANA-LYCIAN-182,lycian,aggregated_source_group,· Rs.,lycian,False,aruwãtijesi,https://www.ediana.gwi.uni-muenchen.de/corpus.php?corpus=lycian&docid=182,/Coin Legends/361
EDIANA-LYCIAN-182,lycian,aggregated_source_group,· a) Rs.,lycian,False,arñnaha,https://www.ediana.gwi.uni-muenchen.de/corpus.php?corpus=lycian&docid=182,/Coin Legends/363
EDIANA-LYCIAN-182,lycian,aggregated_source_group,· b) Rs.,lycian,False,arñnahe,https://www.ediana.gwi.uni-muenchen.de/corpus.php?corpus=lycian&docid=182,/Coin Legends/364
EDIANA-LYCIAN-182,lycian,aggregated_source_group,· c) Rs.,lycian,False,arñ,https://www.ediana.gwi.uni-muenchen.de/corpus.php?corpus=lycian&docid=182,/Coin Legends/365
EDIANA-LYCIAN-182,lycian,aggregated_source_group,· d) Rs.,lycian,False,ar,https://www.ediana.gwi.uni-muenchen.de/corpus.php?corpus=lycian&docid=182,/Coin Legends/366
EDIANA-LYCIAN-182,lycian,aggregated_source_group,· a) Rs.,lycian,False,pttarazẽ,https://www.ediana.gwi.uni-muenchen.de/corpus.php?corpus=lycian&docid=182,/Coin Legends/368
EDIANA-LYCIAN-182,lycian,aggregated_source_group,· b) Rs.,lycian,False,pṭterezẽ,https://www.ediana.gwi.uni-muenchen.de/corpus.php?corpus=lycian&docid=182,/Coin Legends/369
EDIANA-LYCIAN-182,lycian,aggregated_source_group,· c) Rs.,lycian,False,pt,https://www.ediana.gwi.uni-muenchen.de/corpus.php?corpus=lycian&docid=182,/Coin Legends/370
EDIANA-LYCIAN-182,lycian,aggregated_source_group,· Rs.,lycian,False,pi,https://www.ediana.gwi.uni-muenchen.de/corpus.php?corpus=lycian&docid=182,/Coin Legends/372
EDIANA-LYCIAN-182,lycian,aggregated_source_group,· Vs.,lycian,False,p,https://www.ediana.gwi.uni-muenchen.de/corpus.php?corpus=lycian&docid=182,/Coin Legends/373
EDIANA-LYCIAN-182,lycian,aggregated_source_group,· a) Rs.,lycian,False,tlawi,https://www.ediana.gwi.uni-muenchen.de/corpus.php?corpus=lycian&docid=182,/Coin Legends/375
EDIANA-LYCIAN-182,lycian,aggregated_source_group,· b) Vs.,lycian,False,tla,https://www.ediana.gwi.uni-muenchen.de/corpus.php?corpus=lycian&docid=182,/Coin Legends/376
EDIANA-LYCIAN-182,lycian,aggregated_source_group,· c) Rs.,lycian,False,tla,https://www.ediana.gwi.uni-muenchen.de/corpus.php?corpus=lycian&docid=182,/Coin Legends/377
EDIANA-LYCIAN-182,lycian,aggregated_source_group,· d) Rs.,lycian,False,tl,https://www.ediana.gwi.uni-muenchen.de/corpus.php?corpus=lycian&docid=182,/Coin Legends/378
EDIANA-LYCIAN-182,lycian,aggregated_source_group,· a) Rs.,lycian,False,telebehihe,https://www.ediana.gwi.uni-muenchen.de/corpus.php?corpus=lycian&docid=182,/Coin Legends/380
EDIANA-LYCIAN-182,lycian,aggregated_source_group,· b) Rs.,lycian,False,tel,https://www.ediana.gwi.uni-muenchen.de/corpus.php?corpus=lycian&docid=182,/Coin Legends/381
EDIANA-LYCIAN-182,lycian,aggregated_source_group,· Rs.,lycian,False,xadaw!&lt;ã&gt;tihe,https://www.ediana.gwi.uni-muenchen.de/corpus.php?corpus=lycian&docid=182,/Coin Legends/383
EDIANA-LYCIAN-182,lycian,aggregated_source_group,· Rs.,lycian,False,xãkbihe,https://www.ediana.gwi.uni-muenchen.de/corpus.php?corpus=lycian&docid=182,/Coin Legends/385
EDIANA-LYCIAN-182,lycian,aggregated_source_group,· Rs.,lycian,False,araθθihe,https://www.ediana.gwi.uni-muenchen.de/corpus.php?corpus=lycian&docid=182,/Coin Legends/387
EDIANA-LYCIAN-182,lycian,aggregated_source_group,· a) Rs.,lycian,False,kuprlli,https://www.ediana.gwi.uni-muenchen.de/corpus.php?corpus=lycian&docid=182,/Coin Legends/389
EDIANA-LYCIAN-182,lycian,aggregated_source_group,· Vs.,lycian,False,.....,https://www.ediana.gwi.uni-muenchen.de/corpus.php?corpus=lycian&docid=182,/Coin Legends/390
EDIANA-LYCIAN-182,lycian,aggregated_source_group,· b) Rs.,lycian,False,kuprll,https://www.ediana.gwi.uni-muenchen.de/corpus.php?corpus=lycian&docid=182,/Coin Legends/391
EDIANA-LYCIAN-182,lycian,aggregated_source_group,· c) Rs.,lycian,False,ku,https://www.ediana.gwi.uni-muenchen.de/corpus.php?corpus=lycian&docid=182,/Coin Legends/392
EDIANA-LYCIAN-182,lycian,aggregated_source_group,· Rs.,lycian,False,[artu]ñpara,https://www.ediana.gwi.uni-muenchen.de/corpus.php?corpus=lycian&docid=182,/Coin Legends/394
EDIANA-LYCIAN-183,lycian,source_attributed_transcription,· 1,lycian,True,[e]bẽñnẽ : tṭ[e]zi : m=ene ñte tuwet[e :],https://www.ediana.gwi.uni-muenchen.de/corpus.php?corpus=lycian&docid=183,/N 331 (Korba)/1
EDIANA-LYCIAN-183,lycian,source_attributed_transcription,· 2,lycian,True,ẹwe[..]xaj hrpp=ije me=i ttadi tike : me=j,https://www.ediana.gwi.uni-muenchen.de/corpus.php?corpus=lycian&docid=183,/N 331 (Korba)/2
EDIANA-LYCIAN-183,lycian,source_attributed_transcription,· 3,lycian,True,eti : tubidi : ebuθis : se mahãi : lãtãi se heledi,https://www.ediana.gwi.uni-muenchen.de/corpus.php?corpus=lycian&docid=183,/N 331 (Korba)/3
EDIANA-LYCIAN-184,lycian,source_attributed_transcription,· 1,lycian,True,]i : mẹ[,https://www.ediana.gwi.uni-muenchen.de/corpus.php?corpus=lycian&docid=184,/Fragment B of N 324~15/1
EDIANA-LYCIAN-184,lycian,source_attributed_transcription,· 2,lycian,True,]upije : [,https://www.ediana.gwi.uni-muenchen.de/corpus.php?corpus=lycian&docid=184,/Fragment B of N 324~15/2
EDIANA-LYCIAN-184,lycian,source_attributed_transcription,· 3,lycian,True,] : me=i ḍ[,https://www.ediana.gwi.uni-muenchen.de/corpus.php?corpus=lycian&docid=184,/Fragment B of N 324~15/3
EDIANA-LYCIAN-184,lycian,source_attributed_transcription,· 4,lycian,True,] ịẹ[,https://www.ediana.gwi.uni-muenchen.de/corpus.php?corpus=lycian&docid=184,/Fragment B of N 324~15/4
EDIANA-LYCIAN-185,lycian,source_attributed_transcription,· 1,lycian,True,apñxuxah : tideimi,https://www.ediana.gwi.uni-muenchen.de/corpus.php?corpus=lycian&docid=185,/N 351 (Beybonak)/1
EDIANA-LYCIAN-185,lycian,source_attributed_transcription,· 2,lycian,True,ṣtamaha=ti : prñnawate : hrppi ladi : se tideime : se x{b}ahba,https://www.ediana.gwi.uni-muenchen.de/corpus.php?corpus=lycian&docid=185,/N 351 (Beybonak)/2
EDIANA-LYCIAN-186,lycian,source_attributed_transcription,· 1,lycian,True,]u : ạ[,https://www.ediana.gwi.uni-muenchen.de/corpus.php?corpus=lycian&docid=186,/Fragment A of N 324~15 (Xanthos)/1
EDIANA-LYCIAN-186,lycian,source_attributed_transcription,· 2,lycian,True,e]hbi : dde[,https://www.ediana.gwi.uni-muenchen.de/corpus.php?corpus=lycian&docid=186,/Fragment A of N 324~15 (Xanthos)/2
EDIANA-LYCIAN-186,lycian,source_attributed_transcription,· 3,lycian,True,]ti : m=ene[,https://www.ediana.gwi.uni-muenchen.de/corpus.php?corpus=lycian&docid=186,/Fragment A of N 324~15 (Xanthos)/3
EDIANA-LYCIAN-186,lycian,source_attributed_transcription,· 4,lycian,True,]zadãke[,https://www.ediana.gwi.uni-muenchen.de/corpus.php?corpus=lycian&docid=186,/Fragment A of N 324~15 (Xanthos)/4
EDIANA-LYCIAN-186,lycian,source_attributed_transcription,· 5,lycian,True,]he : xñta[,https://www.ediana.gwi.uni-muenchen.de/corpus.php?corpus=lycian&docid=186,/Fragment A of N 324~15 (Xanthos)/5
EDIANA-LYCIAN-186,lycian,source_attributed_transcription,· 6,lycian,True,]etẽ : pi[,https://www.ediana.gwi.uni-muenchen.de/corpus.php?corpus=lycian&docid=186,/Fragment A of N 324~15 (Xanthos)/6
EDIANA-LYCIAN-186,lycian,source_attributed_transcription,· 7,lycian,True,]i : hã[,https://www.ediana.gwi.uni-muenchen.de/corpus.php?corpus=lycian&docid=186,/Fragment A of N 324~15 (Xanthos)/7
EDIANA-MILYAN-0,milyan,source_attributed_transcription,· 1,milyan,True,[eb]ạṇ̃ṇụ : mlutene  welputi : pixre : lijenuwi : pleliz : madrane : wirasajaja tm̃qrẽ : lijaiz ) mebudike : prijẽ : meri : zipsse : kudi : s[...]x̣a : q[...]nepdi :,https://www.ediana.gwi.uni-muenchen.de/corpus.php?corpus=milyan&docid=0,/TL 55 (Antiphellos)/1
EDIANA-MILYAN-0,milyan,source_attributed_transcription,· 2,milyan,True,[.]. x̣ṛuẉese pñnasi : sttrm̃mi : sebe : pasbã ) e{:}ke : pleliz : abura&lang;z&rang; : mebei : tiṭbeti : zirãpla : ne lelixa nere : km̃masadi : xlusã : qereimedi ) ẽmuwete : qlaxa : zpplide : kãta!qẽ : trqqñta//[s]az,https://www.ediana.gwi.uni-muenchen.de/corpus.php?corpus=milyan&docid=0,/TL 55 (Antiphellos)/2
EDIANA-MILYAN-0,milyan,source_attributed_transcription,· 3,milyan,True,xḷp[.]ã : kiḅẹ ḍạ[..] pabãna kuprimẽ : ) meuwe memleje : prip̣{:}e trija date qir{:}zẽ qabalimedi : slt!tãmi udṛñte : sebe kuprimesi kñ!ta&lang;q&rang;ẽ : xị[sñ]tejepñ ),https://www.ediana.gwi.uni-muenchen.de/corpus.php?corpus=milyan&docid=0,/TL 55 (Antiphellos)/3
EDIANA-MILYAN-0,milyan,source_attributed_transcription,· 4,milyan,True,[z?]aṭa : ãpiti[ a]tli : ḷijanuwa kụlike : mruẉasi : tidñta : xbade : s&lang;e&rang;be : purese : mñnusama : lajata ) epede{s} : qajã : wes{:}ñteli : prijãmi : [...] qrbblali : sebeda xbaladã t[u]wẽm//ẹḍị :,https://www.ediana.gwi.uni-muenchen.de/corpus.php?corpus=milyan&docid=0,/TL 55 (Antiphellos)/4
EDIANA-MILYAN-0,milyan,source_attributed_transcription,· 5,milyan,True,[..]d[.. : q]erei[m]edi ) epepalarã : wzzaijesi : q̣?ãṇaụ xi : zinase : trqqiz : kikikiti : seb[u]we{:}dṛiz : qlei : masai{:}z : ) meibeipe : tuwi{:}bewẽnẽ : slatu : wesedi : prijãma :,https://www.ediana.gwi.uni-muenchen.de/corpus.php?corpus=milyan&docid=0,/TL 55 (Antiphellos)/5
EDIANA-MILYAN-0,milyan,source_attributed_transcription,· 6,milyan,True,pasñte : [.... ]ẹse atrala : seberbḅi : ḳm͂q̣ke : lbbeweli ) kapsaqẽ : pinau : {u}tm̃qrimi : mlu neri&lang;j&rang; : muwax[a tu]ẉẽmedi : xaba : tutasiz : nekikepñ,https://www.ediana.gwi.uni-muenchen.de/corpus.php?corpus=milyan&docid=0,/TL 55 (Antiphellos)/6
EDIANA-MILYAN-0,milyan,source_attributed_transcription,· 7,milyan,True,mlu [:] xrau plluwi [:] ṭuta nekirelesi : kixrãti ziwalã : neke : luwad&lang;i&rang; ladi : killeterblẽ : qereimedi ) ubrẽñṇị abrala : uteñneri : rm̃paimi : m̃qri//ti :,https://www.ediana.gwi.uni-muenchen.de/corpus.php?corpus=milyan&docid=0,/TL 55 (Antiphellos)/7
EDIANA-MILYAN-0,milyan,source_attributed_transcription,· 8,milyan,True,zm̃pra : qelei : punamadijedi : x!aḷ?a : tuxaradi ) ssepsẽ : qirzã : trqqñtasati : kdi : a : qelẽnẽti : ñtete : xrbbla&lang;t&rang;//i :,https://www.ediana.gwi.uni-muenchen.de/corpus.php?corpus=milyan&docid=0,/TL 55 (Antiphellos)/8
EDIANA-MILYAN-0,milyan,source_attributed_transcription,· 9,milyan,True,tunewñ{:}ṇi e..sṇ̃..,https://www.ediana.gwi.uni-muenchen.de/corpus.php?corpus=milyan&docid=0,/TL 55 (Antiphellos)/9
EDIANA-MILYAN-1,milyan,source_attributed_transcription,· 32,milyan,True,sbirte : me zireima : sabadi : mrccdipe : sebe : pasbã,https://www.ediana.gwi.uni-muenchen.de/corpus.php?corpus=milyan&docid=1,/TL 44 (Xanthos)/1
EDIANA-MILYAN-1,milyan,source_attributed_transcription,· 33,milyan,True,natri : slati : xusttedi : sebe xñtabu [:] sebe ñte la//cra :,https://www.ediana.gwi.uni-muenchen.de/corpus.php?corpus=milyan&docid=1,/TL 44 (Xanthos)/2
EDIANA-MILYAN-1,milyan,source_attributed_transcription,· 34,milyan,True,trujeli : zazati : nbb : ) : trqqizkkepe : mede zp//pli :,https://www.ediana.gwi.uni-muenchen.de/corpus.php?corpus=milyan&docid=1,/TL 44 (Xanthos)/3
EDIANA-MILYAN-1,milyan,source_attributed_transcription,· 35,milyan,True,xixbati : qetbeleimis : sike tesi : uwedrịs,https://www.ediana.gwi.uni-muenchen.de/corpus.php?corpus=milyan&docid=1,/TL 44 (Xanthos)/4
EDIANA-MILYAN-1,milyan,source_attributed_transcription,· 36,milyan,True,erẽpliz : sebe leli : pinati : masasi : tulije&lang;l&rang;ị [: )],https://www.ediana.gwi.uni-muenchen.de/corpus.php?corpus=milyan&docid=1,/TL 44 (Xanthos)/5
EDIANA-MILYAN-1,milyan,source_attributed_transcription,· 37,milyan,True,lacra : trbbdi : xeriga : me xbadiz : kudi : mrccd[i : wa]//x!ssa :,https://www.ediana.gwi.uni-muenchen.de/corpus.php?corpus=milyan&docid=1,/TL 44 (Xanthos)/6
EDIANA-MILYAN-1,milyan,source_attributed_transcription,· 38,milyan,True,trm͂mili{:}ja : uwetipa{d} mruwasa : kup&lang;r&rang;lle[se],https://www.ediana.gwi.uni-muenchen.de/corpus.php?corpus=milyan&docid=1,/TL 44 (Xanthos)/7
EDIANA-MILYAN-1,milyan,source_attributed_transcription,· 39,milyan,True,sebe : xbadasi : esãnãmla : ) ebinube kere : seb[e],https://www.ediana.gwi.uni-muenchen.de/corpus.php?corpus=milyan&docid=1,/TL 44 (Xanthos)/8
EDIANA-MILYAN-1,milyan,source_attributed_transcription,· 40,milyan,True,[eb]//udi : slãmati : zrbblã : m̃qrẽ : muri : tupleleimi [.....-],https://www.ediana.gwi.uni-muenchen.de/corpus.php?corpus=milyan&docid=1,/TL 44 (Xanthos)/9
EDIANA-MILYAN-1,milyan,source_attributed_transcription,· 41,milyan,True,az : sebe sbirtẽ pzziti : lelebedi : xñtabasi [) ....-],https://www.ediana.gwi.uni-muenchen.de/corpus.php?corpus=milyan&docid=1,/TL 44 (Xanthos)/10
EDIANA-MILYAN-1,milyan,source_attributed_transcription,· 42,milyan,True,pe nike : waxsi : pibi : krese : rm͂pali : predi : xapaxi : l?[..//]adi,https://www.ediana.gwi.uni-muenchen.de/corpus.php?corpus=milyan&docid=1,/TL 44 (Xanthos)/11
EDIANA-MILYAN-1,milyan,source_attributed_transcription,· 43,milyan,True,mrccasuwẽti : sebenẽ : lacri : xñtabaimi : slãma,https://www.ediana.gwi.uni-muenchen.de/corpus.php?corpus=milyan&docid=1,/TL 44 (Xanthos)/12
EDIANA-MILYAN-1,milyan,source_attributed_transcription,· 44,milyan,True,zrbblã : ) meuwe kemijedi : waxsadi : zrqqiti zireim//e{me}di :,https://www.ediana.gwi.uni-muenchen.de/corpus.php?corpus=milyan&docid=1,/TL 44 (Xanthos)/13
EDIANA-MILYAN-1,milyan,source_attributed_transcription,· 45,milyan,True,xbadasadi kudi mawate : klleima : wijedri : ñt//uwitẽni :,https://www.ediana.gwi.uni-muenchen.de/corpus.php?corpus=milyan&docid=1,/TL 44 (Xanthos)/14
EDIANA-MILYAN-1,milyan,source_attributed_transcription,· 46,milyan,True,pduradi : sebe pasbã : ) ñtene puketi : xbide//wñni :,https://www.ediana.gwi.uni-muenchen.de/corpus.php?corpus=milyan&docid=1,/TL 44 (Xanthos)/15
EDIANA-MILYAN-1,milyan,source_attributed_transcription,· 47,milyan,True,ulaxadi : zrẽtẽni : sebẽn ari : kupriti : turaxss//ali :,https://www.ediana.gwi.uni-muenchen.de/corpus.php?corpus=milyan&docid=1,/TL 44 (Xanthos)/16
EDIANA-MILYAN-1,milyan,source_attributed_transcription,· 48,milyan,True,na{:}tri timlu mawate : waxsadi : wizttasppazñ : ),https://www.ediana.gwi.uni-muenchen.de/corpus.php?corpus=milyan&docid=1,/TL 44 (Xanthos)/17
EDIANA-MILYAN-1,milyan,source_attributed_transcription,· 49,milyan,True,ẽkebei xust&lang;t&rang;ite umrggazñ : klleimedi : sbirtẽ : xbad//iz :,https://www.ediana.gwi.uni-muenchen.de/corpus.php?corpus=milyan&docid=1,/TL 44 (Xanthos)/18
EDIANA-MILYAN-1,milyan,source_attributed_transcription,· 50,milyan,True,tuwipene : padrete : xeriga : waxsa : murei : sebe zri//q!ali :,https://www.ediana.gwi.uni-muenchen.de/corpus.php?corpus=milyan&docid=1,/TL 44 (Xanthos)/19
EDIANA-MILYAN-1,milyan,source_attributed_transcription,· 51,milyan,True,nei talã : ) : sede keri trisu : qñnatbisu : prete,https://www.ediana.gwi.uni-muenchen.de/corpus.php?corpus=milyan&docid=1,/TL 44 (Xanthos)/20
EDIANA-MILYAN-1,milyan,source_attributed_transcription,· 52,milyan,True,laxadi : zrẽtẽni : sebebe qirzẽ : utakija trm͂miliz :,https://www.ediana.gwi.uni-muenchen.de/corpus.php?corpus=milyan&docid=1,/TL 44 (Xanthos)/21
EDIANA-MILYAN-1,milyan,source_attributed_transcription,· 53,milyan,True,tbiplẽ : trpplẽ : tuburiz : pduradi : xuzruwẽtiz : ),https://www.ediana.gwi.uni-muenchen.de/corpus.php?corpus=milyan&docid=1,/TL 44 (Xanthos)/22
EDIANA-MILYAN-1,milyan,source_attributed_transcription,· 54,milyan,True,xãzbi : tuminesi : hñtawã : kridesi : sebedi : qirzẽ : ziw//i :,https://www.ediana.gwi.uni-muenchen.de/corpus.php?corpus=milyan&docid=1,/TL 44 (Xanthos)/23
EDIANA-MILYAN-1,milyan,source_attributed_transcription,· 55,milyan,True,dewis : asa : muwati : zrẽtẽniz : ali : muwilade : epñ tadi,https://www.ediana.gwi.uni-muenchen.de/corpus.php?corpus=milyan&docid=1,/TL 44 (Xanthos)/24
EDIANA-MILYAN-1,milyan,source_attributed_transcription,· 56,milyan,True,sebe : pasb{b}ã : ) nepe kiwisiu utetu ñtelija : pidritẽ//ni :,https://www.ediana.gwi.uni-muenchen.de/corpus.php?corpus=milyan&docid=1,/TL 44 (Xanthos)/25
EDIANA-MILYAN-1,milyan,source_attributed_transcription,· 57,milyan,True,pirli : murẽnedi : tuburiz : uples!iz : sike tesi : arpp//axus :,https://www.ediana.gwi.uni-muenchen.de/corpus.php?corpus=milyan&docid=1,/TL 44 (Xanthos)/26
EDIANA-MILYAN-1,milyan,source_attributed_transcription,· 58,milyan,True,ẽti : tm͂pewẽti : ) kibeuwe neu : psseje : qidridi : la//xadi :,https://www.ediana.gwi.uni-muenchen.de/corpus.php?corpus=milyan&docid=1,/TL 44 (Xanthos)/27
EDIANA-MILYAN-1,milyan,source_attributed_transcription,· 59,milyan,True,zirẽple : med erẽple : xradi : waxsa : truijele : mẽ//mi :,https://www.ediana.gwi.uni-muenchen.de/corpus.php?corpus=milyan&docid=1,/TL 44 (Xanthos)/28
EDIANA-MILYAN-1,milyan,source_attributed_transcription,· 60,milyan,True,mawili klleimedi : alcãnalax : ) kize : qle : pẽnịu : tub//edi,https://www.ediana.gwi.uni-muenchen.de/corpus.php?corpus=milyan&docid=1,/TL 44 (Xanthos)/29
EDIANA-MILYAN-1,milyan,source_attributed_transcription,· 61,milyan,True,lebi : kudi : pubrati : pere : medijetike : xuzrñtas//i{si} :,https://www.ediana.gwi.uni-muenchen.de/corpus.php?corpus=milyan&docid=1,/TL 44 (Xanthos)/30
EDIANA-MILYAN-1,milyan,source_attributed_transcription,· 62,milyan,True,xrbblatã : trqqñtasi : tali : ermede leli : tulijeli [: )],https://www.ediana.gwi.uni-muenchen.de/corpus.php?corpus=milyan&docid=1,/TL 44 (Xanthos)/31
EDIANA-MILYAN-1,milyan,source_attributed_transcription,· 63,milyan,True,wixsaba laba : metm͂me xbade : lẽm̃pe : tunewñni : seberẽ//pli :,https://www.ediana.gwi.uni-muenchen.de/corpus.php?corpus=milyan&docid=1,/TL 44 (Xanthos)/32
EDIANA-MILYAN-1,milyan,source_attributed_transcription,· 64,milyan,True,sabaka : qetbeleima : trqqiz : tbisu : serijekabu//rã :,https://www.ediana.gwi.uni-muenchen.de/corpus.php?corpus=milyan&docid=1,/TL 44 (Xanthos)/33
EDIANA-MILYAN-1,milyan,source_attributed_transcription,· 65,milyan,True,sebe masa : ),https://www.ediana.gwi.uni-muenchen.de/corpus.php?corpus=milyan&docid=1,/TL 44 (Xanthos)/34
EDIANA-MILYAN-1,milyan,source_attributed_transcription,· 1,milyan,True,[...]ed m̃qrẽ : {e}trqqi&lang;z&rang; tuwije!di : qrbbli :,https://www.ediana.gwi.uni-muenchen.de/corpus.php?corpus=milyan&docid=1,/TL 44 (Xanthos)/36
EDIANA-MILYAN-1,milyan,source_attributed_transcription,· 2,milyan,True,[z]ireimedi : sebedẽnẽ : slãtu : xbadiz : qrb//ḅledi :,https://www.ediana.gwi.uni-muenchen.de/corpus.php?corpus=milyan&docid=1,/TL 44 (Xanthos)/37
EDIANA-MILYAN-1,milyan,source_attributed_transcription,· 3,milyan,True,alike mlẽ mireke mlẽ tm͂qrisñte :,https://www.ediana.gwi.uni-muenchen.de/corpus.php?corpus=milyan&docid=1,/TL 44 (Xanthos)/38
EDIANA-MILYAN-1,milyan,source_attributed_transcription,· 4,milyan,True,wisidi : pruwa ) albrãnake : mlati : trqqñt//asa,https://www.ediana.gwi.uni-muenchen.de/corpus.php?corpus=milyan&docid=1,/TL 44 (Xanthos)/39
EDIANA-MILYAN-1,milyan,source_attributed_transcription,· 5,milyan,True,qretupe : tulij!elije putu trlluba,https://www.ediana.gwi.uni-muenchen.de/corpus.php?corpus=milyan&docid=1,/TL 44 (Xanthos)/40
EDIANA-MILYAN-1,milyan,source_attributed_transcription,· 6,milyan,True,zrppedunike qezm̃mi : {w}er[i]ḳlebẽke : xñt//abã :,https://www.ediana.gwi.uni-muenchen.de/corpus.php?corpus=milyan&docid=1,/TL 44 (Xanthos)/41
EDIANA-MILYAN-1,milyan,source_attributed_transcription,· 7,milyan,True,uweti : sukrẽ : ) albmubẽ : ti : zawa : qttid//e,https://www.ediana.gwi.uni-muenchen.de/corpus.php?corpus=milyan&docid=1,/TL 44 (Xanthos)/42
EDIANA-MILYAN-1,milyan,source_attributed_transcription,· 8,milyan,True,ziti : qñnãtba : xuzrñta xerigasa : tu[k]a//drala :,https://www.ediana.gwi.uni-muenchen.de/corpus.php?corpus=milyan&docid=1,/TL 44 (Xanthos)/43
EDIANA-MILYAN-1,milyan,source_attributed_transcription,· 9,milyan,True,palaraima : sapalitepñ kizppli,https://www.ediana.gwi.uni-muenchen.de/corpus.php?corpus=milyan&docid=1,/TL 44 (Xanthos)/44
EDIANA-MILYAN-1,milyan,source_attributed_transcription,· 10,milyan,True,uguwãmã : tewete arm͂pã : ) atlitñne : qã[n]ã,https://www.ediana.gwi.uni-muenchen.de/corpus.php?corpus=milyan&docid=1,/TL 44 (Xanthos)/45
EDIANA-MILYAN-1,milyan,source_attributed_transcription,· 11,milyan,True,prijedulise : trm͂mile : kupr[l]ḷese mepe,https://www.ediana.gwi.uni-muenchen.de/corpus.php?corpus=milyan&docid=1,/TL 44 (Xanthos)/46
EDIANA-MILYAN-1,milyan,source_attributed_transcription,· 12,milyan,True,ne tubidi : urtu : mrssxã : trqqiz esetesi//[k]e,https://www.ediana.gwi.uni-muenchen.de/corpus.php?corpus=milyan&docid=1,/TL 44 (Xanthos)/47
EDIANA-MILYAN-1,milyan,source_attributed_transcription,· 13,milyan,True,er[b]besike : lusasi esẽnẽmla : ) mepe : stt//[ẽ/ã]ni :,https://www.ediana.gwi.uni-muenchen.de/corpus.php?corpus=milyan&docid=1,/TL 44 (Xanthos)/48
EDIANA-MILYAN-1,milyan,source_attributed_transcription,· 14,milyan,True,trqqiz sebuwedriz : mlat[i] masaiz :,https://www.ediana.gwi.uni-muenchen.de/corpus.php?corpus=milyan&docid=1,/TL 44 (Xanthos)/49
EDIANA-MILYAN-1,milyan,source_attributed_transcription,· 15,milyan,True,[.]emẽke neu : zini : lelebedi plejerese :,https://www.ediana.gwi.uni-muenchen.de/corpus.php?corpus=milyan&docid=1,/TL 44 (Xanthos)/50
EDIANA-MILYAN-1,milyan,source_attributed_transcription,· 16,milyan,True,[..]pe ekãnẽ : kuprimi : pzziti : ur[a]sli : ),https://www.ediana.gwi.uni-muenchen.de/corpus.php?corpus=milyan&docid=1,/TL 44 (Xanthos)/51
EDIANA-MILYAN-1,milyan,source_attributed_transcription,· 17,milyan,True,[m]e [pd]urade : eriklebe : trqqñti : p[…....],https://www.ediana.gwi.uni-muenchen.de/corpus.php?corpus=milyan&docid=1,/TL 44 (Xanthos)/52
EDIANA-MILYAN-1,milyan,source_attributed_transcription,· 18,milyan,True,[.]i : qi[d]rasa!di ti&lang;j&rang;u ñtada xñnije [......],https://www.ediana.gwi.uni-muenchen.de/corpus.php?corpus=milyan&docid=1,/TL 44 (Xanthos)/53
EDIANA-MILYAN-1,milyan,source_attributed_transcription,· 19,milyan,True,[..]ubeweri : xerigaz{:}ẽ : zusedi! xug[.....],https://www.ediana.gwi.uni-muenchen.de/corpus.php?corpus=milyan&docid=1,/TL 44 (Xanthos)/54
EDIANA-MILYAN-1,milyan,source_attributed_transcription,· 20,milyan,True,[....]iseketu : ewẽne zusi : zbalit[.....],https://www.ediana.gwi.uni-muenchen.de/corpus.php?corpus=milyan&docid=1,/TL 44 (Xanthos)/55
EDIANA-MILYAN-1,milyan,source_attributed_transcription,· 21,milyan,True,[..]lẽ tbisu tustti : arm̃paimedi : qã[.....],https://www.ediana.gwi.uni-muenchen.de/corpus.php?corpus=milyan&docid=1,/TL 44 (Xanthos)/56
EDIANA-MILYAN-1,milyan,source_attributed_transcription,· 22,milyan,True,[.]utlade : ñte : terẽi : kitewẽṃ͂ tunewñn[i : )],https://www.ediana.gwi.uni-muenchen.de/corpus.php?corpus=milyan&docid=1,/TL 44 (Xanthos)/57
EDIANA-MILYAN-1,milyan,source_attributed_transcription,· 23,milyan,True,[m]ej epñtere kere : sxxaija kuti : pssat[i?],https://www.ediana.gwi.uni-muenchen.de/corpus.php?corpus=milyan&docid=1,/TL 44 (Xanthos)/58
EDIANA-MILYAN-1,milyan,source_attributed_transcription,· 24,milyan,True,zajala : mete ne mrssxati : urtuwãz : mar[ãz],https://www.ediana.gwi.uni-muenchen.de/corpus.php?corpus=milyan&docid=1,/TL 44 (Xanthos)/59
EDIANA-MILYAN-1,milyan,source_attributed_transcription,· 25,milyan,True,trm͂milebete keri : treixali pise : xup[.,https://www.ediana.gwi.uni-muenchen.de/corpus.php?corpus=milyan&docid=1,/TL 44 (Xanthos)/60
EDIANA-MILYAN-1,milyan,source_attributed_transcription,· 26,milyan,True,qrbbli : meije lbãma : pssesi : slama keri,https://www.ediana.gwi.uni-muenchen.de/corpus.php?corpus=milyan&docid=1,/TL 44 (Xanthos)/61
EDIANA-MILYAN-1,milyan,source_attributed_transcription,· 27,milyan,True,ḷẽ prij asxxa : muni : trbbdi : tasñtuwadi :,https://www.ediana.gwi.uni-muenchen.de/corpus.php?corpus=milyan&docid=1,/TL 44 (Xanthos)/62
EDIANA-MILYAN-1,milyan,source_attributed_transcription,· 28,milyan,True,mẽmrezñ : trppali : metu neu prijelijed[i],https://www.ediana.gwi.uni-muenchen.de/corpus.php?corpus=milyan&docid=1,/TL 44 (Xanthos)/63
EDIANA-MILYAN-1,milyan,source_attributed_transcription,· 29,milyan,True,kibe meredi : ) nik m̃qrimiz ñtuwitẽni : up//lesiz,https://www.ediana.gwi.uni-muenchen.de/corpus.php?corpus=milyan&docid=1,/TL 44 (Xanthos)/64
EDIANA-MILYAN-1,milyan,source_attributed_transcription,· 30,milyan,True,waxssadi {kibe meredi : nik m͂qri//miz,https://www.ediana.gwi.uni-muenchen.de/corpus.php?corpus=milyan&docid=1,/TL 44 (Xanthos)/65
EDIANA-MILYAN-1,milyan,source_attributed_transcription,· 31,milyan,True,ñtuwiteni : uplesiz : waxssadi :} tub//uriz,https://www.ediana.gwi.uni-muenchen.de/corpus.php?corpus=milyan&docid=1,/TL 44 (Xanthos)/66
EDIANA-MILYAN-1,milyan,source_attributed_transcription,· 32,milyan,True,ẽkedepñ : predi : zazati : zriqali :,https://www.ediana.gwi.uni-muenchen.de/corpus.php?corpus=milyan&docid=1,/TL 44 (Xanthos)/67
EDIANA-MILYAN-1,milyan,source_attributed_transcription,· 33,milyan,True,nike dezi : mutala : apñ tadi : tetbeti :,https://www.ediana.gwi.uni-muenchen.de/corpus.php?corpus=milyan&docid=1,/TL 44 (Xanthos)/68
EDIANA-MILYAN-1,milyan,source_attributed_transcription,· 34,milyan,True,lacra : ) me muni : trbbdi : tuwi : uwadra : met//upene,https://www.ediana.gwi.uni-muenchen.de/corpus.php?corpus=milyan&docid=1,/TL 44 (Xanthos)/69
EDIANA-MILYAN-1,milyan,source_attributed_transcription,· 35,milyan,True,tesẽni : qñza : prijelija : medetu,https://www.ediana.gwi.uni-muenchen.de/corpus.php?corpus=milyan&docid=1,/TL 44 (Xanthos)/70
EDIANA-MILYAN-1,milyan,source_attributed_transcription,· 36,milyan,True,xezm͂ : xbadasa : alasi dadupe : sebe : pasb//asi :,https://www.ediana.gwi.uni-muenchen.de/corpus.php?corpus=milyan&docid=1,/TL 44 (Xanthos)/71
EDIANA-MILYAN-1,milyan,source_attributed_transcription,· 37,milyan,True,esẽnẽmla : ) plejerẽ : pijeti : ilẽne :,https://www.ediana.gwi.uni-muenchen.de/corpus.php?corpus=milyan&docid=1,/TL 44 (Xanthos)/72
EDIANA-MILYAN-1,milyan,source_attributed_transcription,· 38,milyan,True,qezm̃mi : me kedije : qelideli : albãpe :,https://www.ediana.gwi.uni-muenchen.de/corpus.php?corpus=milyan&docid=1,/TL 44 (Xanthos)/73
EDIANA-MILYAN-1,milyan,source_attributed_transcription,· 39,milyan,True,kupttle : muxssa : pijelu mlez : ñtemle//si :,https://www.ediana.gwi.uni-muenchen.de/corpus.php?corpus=milyan&docid=1,/TL 44 (Xanthos)/74
EDIANA-MILYAN-1,milyan,source_attributed_transcription,· 40,milyan,True,mire : lidebe : lidebe : lbijẽi : trelewñne : ),https://www.ediana.gwi.uni-muenchen.de/corpus.php?corpus=milyan&docid=1,/TL 44 (Xanthos)/75
EDIANA-MILYAN-1,milyan,source_attributed_transcription,· 41,milyan,True,xñtabupe : kñtre : eluwipe : busawwñn//[a]la,https://www.ediana.gwi.uni-muenchen.de/corpus.php?corpus=milyan&docid=1,/TL 44 (Xanthos)/76
EDIANA-MILYAN-1,milyan,source_attributed_transcription,· 42,milyan,True,tralije : wijedribe : albaxã : m̃qr//eime :,https://www.ediana.gwi.uni-muenchen.de/corpus.php?corpus=milyan&docid=1,/TL 44 (Xanthos)/77
EDIANA-MILYAN-1,milyan,source_attributed_transcription,· 43,milyan,True,mulẽnipe : zppli : ẽtrebe : asx//[xa,https://www.ediana.gwi.uni-muenchen.de/corpus.php?corpus=milyan&docid=1,/TL 44 (Xanthos)/78
EDIANA-MILYAN-1,milyan,source_attributed_transcription,· 44,milyan,True,...]i a[t]rala muwa : ) xzzãtãpe : trqqiz!,https://www.ediana.gwi.uni-muenchen.de/corpus.php?corpus=milyan&docid=1,/TL 44 (Xanthos)/79
EDIANA-MILYAN-1,milyan,source_attributed_transcription,· 45,milyan,True,[t]r[m̃]mile : zm̃pde eseti xerigazñ : epeqzz[.],https://www.ediana.gwi.uni-muenchen.de/corpus.php?corpus=milyan&docid=1,/TL 44 (Xanthos)/80
EDIANA-MILYAN-1,milyan,source_attributed_transcription,· 46,milyan,True,trppalau : ripssedi : prlleli : kedipe : ñt[e]//nẽ :,https://www.ediana.gwi.uni-muenchen.de/corpus.php?corpus=milyan&docid=1,/TL 44 (Xanthos)/81
EDIANA-MILYAN-1,milyan,source_attributed_transcription,· 47,milyan,True,eprike : ziti : kalu : ) [.]esãtñniu : qñtbẽ,https://www.ediana.gwi.uni-muenchen.de/corpus.php?corpus=milyan&docid=1,/TL 44 (Xanthos)/82
EDIANA-MILYAN-1,milyan,source_attributed_transcription,· 48,milyan,True,uwaxa : mlati : wzza{:}ijesi : me welpumi : mrc[c]//di,https://www.ediana.gwi.uni-muenchen.de/corpus.php?corpus=milyan&docid=1,/TL 44 (Xanthos)/83
EDIANA-MILYAN-1,milyan,source_attributed_transcription,· 49,milyan,True,pttilike : xusttike qidrala{:}kepen[e],https://www.ediana.gwi.uni-muenchen.de/corpus.php?corpus=milyan&docid=1,/TL 44 (Xanthos)/84
EDIANA-MILYAN-1,milyan,source_attributed_transcription,· 50,milyan,True,ziu : sukredi : kibe : pasbu : ) urttu : qelid[e]//li :,https://www.ediana.gwi.uni-muenchen.de/corpus.php?corpus=milyan&docid=1,/TL 44 (Xanthos)/85
EDIANA-MILYAN-1,milyan,source_attributed_transcription,· 51,milyan,True,kibei mei : perepñ : nestte : mlati : xba[da]//siz,https://www.ediana.gwi.uni-muenchen.de/corpus.php?corpus=milyan&docid=1,/TL 44 (Xanthos)/86
EDIANA-MILYAN-1,milyan,source_attributed_transcription,· 52,milyan,True,tuwemedi : lijenu!wez : muwaxã : ppe[...]zi :,https://www.ediana.gwi.uni-muenchen.de/corpus.php?corpus=milyan&docid=1,/TL 44 (Xanthos)/87
EDIANA-MILYAN-1,milyan,source_attributed_transcription,· 53,milyan,True,kibe : pruxssi : rbbinezi{s} : ) me xeri[ga]//zñ :,https://www.ediana.gwi.uni-muenchen.de/corpus.php?corpus=milyan&docid=1,/TL 44 (Xanthos)/88
EDIANA-MILYAN-1,milyan,source_attributed_transcription,· 54,milyan,True,m̃qrẽ : sebe : pigasa : sebuwedri : uraslạ,https://www.ediana.gwi.uni-muenchen.de/corpus.php?corpus=milyan&docid=1,/TL 44 (Xanthos)/89
EDIANA-MILYAN-1,milyan,source_attributed_transcription,· 55,milyan,True,meneuwe lãte : ripsse ẽmu : meuwe : ãzi : ssẹ,https://www.ediana.gwi.uni-muenchen.de/corpus.php?corpus=milyan&docid=1,/TL 44 (Xanthos)/90
EDIANA-MILYAN-1,milyan,source_attributed_transcription,· 56,milyan,True,xuzruwãta : eim̃ : waxssa : ) atlasi : neburẽni :,https://www.ediana.gwi.uni-muenchen.de/corpus.php?corpus=milyan&docid=1,/TL 44 (Xanthos)/91
EDIANA-MILYAN-1,milyan,source_attributed_transcription,· 57,milyan,True,trm͂milijẽti : ripssẽ : tm͂pewẽti : sebe ite,https://www.ediana.gwi.uni-muenchen.de/corpus.php?corpus=milyan&docid=1,/TL 44 (Xanthos)/92
EDIANA-MILYAN-1,milyan,source_attributed_transcription,· 58,milyan,True,sẽkẽne : mãmr ekebure : medutu : lusalija :,https://www.ediana.gwi.uni-muenchen.de/corpus.php?corpus=milyan&docid=1,/TL 44 (Xanthos)/93
EDIANA-MILYAN-1,milyan,source_attributed_transcription,· 59,milyan,True,zẽna nuniti : xruwasaz : ) me qliju : xupeliju :,https://www.ediana.gwi.uni-muenchen.de/corpus.php?corpus=milyan&docid=1,/TL 44 (Xanthos)/94
EDIANA-MILYAN-1,milyan,source_attributed_transcription,· 60,milyan,True,sebe lijeiz : ddelupeliz : niuwe : lugãtu : sm͂//mẽte :,https://www.ediana.gwi.uni-muenchen.de/corpus.php?corpus=milyan&docid=1,/TL 44 (Xanthos)/95
EDIANA-MILYAN-1,milyan,source_attributed_transcription,· 61,milyan,True,klleime qñtiliuwe : plluwi : mlu xr!ãt//i :,https://www.ediana.gwi.uni-muenchen.de/corpus.php?corpus=milyan&docid=1,/TL 44 (Xanthos)/96
EDIANA-MILYAN-1,milyan,source_attributed_transcription,· 62,milyan,True,tunewñni : ) mewẽnẽ : trm͂milija : km͂masadi,https://www.ediana.gwi.uni-muenchen.de/corpus.php?corpus=milyan&docid=1,/TL 44 (Xanthos)/97
EDIANA-MILYAN-1,milyan,source_attributed_transcription,· 63,milyan,True,sladipe : qelelija : uni :? tẽpe : urtuz : marãz,https://www.ediana.gwi.uni-muenchen.de/corpus.php?corpus=milyan&docid=1,/TL 44 (Xanthos)/98
EDIANA-MILYAN-1,milyan,source_attributed_transcription,· 64,milyan,True,trbbẽniti nekm͂mẽti : punãmadedi : asãnãm//la :,https://www.ediana.gwi.uni-muenchen.de/corpus.php?corpus=milyan&docid=1,/TL 44 (Xanthos)/99
EDIANA-MILYAN-1,milyan,source_attributed_transcription,· 65,milyan,True,) xumalade nẽnijeti : masxxm͂ tije : qzze,https://www.ediana.gwi.uni-muenchen.de/corpus.php?corpus=milyan&docid=1,/TL 44 (Xanthos)/100
EDIANA-MILYAN-1,milyan,source_attributed_transcription,· 66,milyan,True,mirẽñne : xinasike : sesi : m̃qri kebura sebẽ//nesike,https://www.ediana.gwi.uni-muenchen.de/corpus.php?corpus=milyan&docid=1,/TL 44 (Xanthos)/101
EDIANA-MILYAN-1,milyan,source_attributed_transcription,· 67,milyan,True,tedesike : xugasi : xñtawat!a : ) mire k//ẹdije,https://www.ediana.gwi.uni-muenchen.de/corpus.php?corpus=milyan&docid=1,/TL 44 (Xanthos)/102
EDIANA-MILYAN-1,milyan,source_attributed_transcription,· 68,milyan,True,qñtra : ilẽnedije : tm͂qrisñte : masxxm̃,https://www.ediana.gwi.uni-muenchen.de/corpus.php?corpus=milyan&docid=1,/TL 44 (Xanthos)/103
EDIANA-MILYAN-1,milyan,source_attributed_transcription,· 69,milyan,True,xupdidu : qiqlẽniredi : treixali : kitssel//[ẽ]m̃ :,https://www.ediana.gwi.uni-muenchen.de/corpus.php?corpus=milyan&docid=1,/TL 44 (Xanthos)/104
EDIANA-MILYAN-1,milyan,source_attributed_transcription,· 70,milyan,True,trisu : warasijez q!idrasadi : ) neizke : tuwiz,https://www.ediana.gwi.uni-muenchen.de/corpus.php?corpus=milyan&docid=1,/TL 44 (Xanthos)/105
EDIANA-MILYAN-1,milyan,source_attributed_transcription,· 71,milyan,True,trm̃mile : sukri : xñtabatu tẹtur!e : trqqñti,https://www.ediana.gwi.uni-muenchen.de/corpus.php?corpus=milyan&docid=1,/TL 44 (Xanthos)/106
